2026-01-20 13:34:45 | edumind.json_parser  | DEBUG    | json_parser.py:54 | Parsed JSON using direct parse
2026-01-20 13:34:45 | edumind.json_parser  | DEBUG    | json_parser.py:54 | Parsed JSON using direct parse
2026-01-20 13:34:45 | edumind.json_parser  | DEBUG    | json_parser.py:66 | Parsed JSON by extracting object
2026-01-20 13:34:45 | edumind.json_parser  | DEBUG    | json_parser.py:66 | Parsed JSON by extracting object
2026-01-20 13:34:45 | edumind.json_parser  | DEBUG    | json_parser.py:104 | Parsed JSON after fixing trailing commas
2026-01-20 13:34:45 | edumind.json_parser  | DEBUG    | json_parser.py:104 | Parsed JSON after fixing trailing commas
2026-01-20 13:34:45 | edumind.json_parser  | WARNING  | json_parser.py:43 | Empty input string
2026-01-20 13:34:45 | edumind.json_parser  | WARNING  | json_parser.py:39 | Input is not a string: <class 'int'>
2026-01-20 13:34:45 | edumind.json_parser  | ERROR    | json_parser.py:160 | Failed to parse JSON after trying: ['direct_parse', 'extract_object', 'extract_array', 'clean_markdown', 'fix_trailing_commas', 'fix_single_quotes', 'nested_markdown', 'aggressive_brackets']
2026-01-20 13:34:45 | edumind.json_parser  | DEBUG    | json_parser.py:161 | Raw input (first 500 chars): not json at all
2026-01-20 13:34:45 | edumind.json_parser  | ERROR    | json_parser.py:160 | Failed to parse JSON after trying: ['direct_parse', 'extract_object', 'extract_array', 'clean_markdown', 'fix_trailing_commas', 'fix_single_quotes', 'nested_markdown', 'aggressive_brackets']
2026-01-20 13:34:45 | edumind.json_parser  | DEBUG    | json_parser.py:161 | Raw input (first 500 chars): [1, 2]
2026-01-20 13:34:45 | edumind.json_parser  | ERROR    | json_parser.py:160 | Failed to parse JSON after trying: ['direct_parse', 'extract_object', 'extract_array', 'clean_markdown', 'fix_trailing_commas', 'fix_single_quotes', 'nested_markdown', 'aggressive_brackets']
2026-01-20 13:34:45 | edumind.json_parser  | DEBUG    | json_parser.py:161 | Raw input (first 500 chars): {"key": "value"}
2026-01-20 13:34:45 | edumind.json_parser  | ERROR    | json_parser.py:160 | Failed to parse JSON after trying: ['direct_parse', 'extract_object', 'extract_array', 'clean_markdown', 'fix_trailing_commas', 'fix_single_quotes', 'nested_markdown', 'aggressive_brackets']
2026-01-20 13:34:45 | edumind.json_parser  | DEBUG    | json_parser.py:161 | Raw input (first 500 chars): invalid
2026-01-20 13:34:45 | edumind.json_parser  | DEBUG    | json_parser.py:54 | Parsed JSON using direct parse
2026-01-20 13:34:45 | edumind.json_parser  | DEBUG    | json_parser.py:54 | Parsed JSON using direct parse
2026-01-20 13:34:45 | edumind.json_parser  | INFO     | json_parser.py:204 | Extracted 1 valid quiz questions from 1 items
2026-01-20 13:34:45 | edumind.json_parser  | DEBUG    | json_parser.py:78 | Parsed JSON by extracting array
2026-01-20 13:34:45 | edumind.json_parser  | INFO     | json_parser.py:204 | Extracted 1 valid quiz questions from 1 items
2026-01-20 13:34:45 | edumind.json_parser  | DEBUG    | json_parser.py:54 | Parsed JSON using direct parse
2026-01-20 13:34:45 | edumind.json_parser  | WARNING  | json_parser.py:202 | Quiz item 0 missing fields: ['options', 'answer']
2026-01-20 13:34:45 | edumind.json_parser  | INFO     | json_parser.py:204 | Extracted 1 valid quiz questions from 2 items
2026-01-20 13:34:45 | edumind.json_parser  | WARNING  | json_parser.py:43 | Empty input string
2026-01-20 13:34:45 | edumind.json_parser  | DEBUG    | json_parser.py:54 | Parsed JSON using direct parse
2026-01-20 13:34:45 | edumind.json_parser  | INFO     | json_parser.py:239 | Extracted 2 valid flashcards from 2 items
2026-01-20 13:34:45 | edumind.json_parser  | DEBUG    | json_parser.py:54 | Parsed JSON using direct parse
2026-01-20 13:34:45 | edumind.json_parser  | INFO     | json_parser.py:239 | Extracted 1 valid flashcards from 1 items
2026-01-20 13:34:45 | edumind.json_parser  | WARNING  | json_parser.py:43 | Empty input string
2026-01-20 13:34:45 | edumind.json_parser  | DEBUG    | json_parser.py:54 | Parsed JSON using direct parse
2026-01-20 13:34:45 | edumind.json_parser  | INFO     | json_parser.py:276 | Extracted concept map with 3 nodes and 1 edges
2026-01-20 13:34:45 | edumind.json_parser  | DEBUG    | json_parser.py:54 | Parsed JSON using direct parse
2026-01-20 13:34:45 | edumind.json_parser  | INFO     | json_parser.py:276 | Extracted concept map with 2 nodes and 0 edges
2026-01-20 13:34:45 | edumind.json_parser  | WARNING  | json_parser.py:43 | Empty input string
2026-01-20 13:34:45 | edumind.text_chunker | DEBUG    | text_chunker.py:64 | Text fits in single chunk (21 chars)
2026-01-20 13:34:45 | edumind.text_chunker | WARNING  | text_chunker.py:57 | Empty text provided for chunking
2026-01-20 13:34:45 | edumind.text_chunker | DEBUG    | text_chunker.py:64 | Text fits in single chunk (0 chars)
2026-01-20 13:34:46 | edumind.text_chunker | DEBUG    | text_chunker.py:90 | Created chunk 1: 199 chars
2026-01-20 13:34:46 | edumind.text_chunker | DEBUG    | text_chunker.py:90 | Created chunk 2: 199 chars
2026-01-20 13:34:46 | edumind.text_chunker | DEBUG    | text_chunker.py:90 | Created chunk 3: 199 chars
2026-01-20 13:34:46 | edumind.text_chunker | DEBUG    | text_chunker.py:90 | Created chunk 4: 199 chars
2026-01-20 13:34:46 | edumind.text_chunker | DEBUG    | text_chunker.py:90 | Created chunk 5: 199 chars
2026-01-20 13:34:46 | edumind.text_chunker | DEBUG    | text_chunker.py:90 | Created chunk 6: 199 chars
2026-01-20 13:34:46 | edumind.text_chunker | DEBUG    | text_chunker.py:90 | Created chunk 7: 199 chars
2026-01-20 13:34:46 | edumind.text_chunker | DEBUG    | text_chunker.py:90 | Created chunk 8: 199 chars
2026-01-20 13:34:46 | edumind.text_chunker | DEBUG    | text_chunker.py:90 | Created chunk 9: 199 chars
2026-01-20 13:34:46 | edumind.text_chunker | INFO     | text_chunker.py:98 | Split text into 9 chunks (avg: 199 chars)
2026-01-20 13:34:46 | edumind.text_chunker | DEBUG    | text_chunker.py:90 | Created chunk 1: 32 chars
2026-01-20 13:34:46 | edumind.text_chunker | DEBUG    | text_chunker.py:90 | Created chunk 2: 31 chars
2026-01-20 13:34:46 | edumind.text_chunker | DEBUG    | text_chunker.py:90 | Created chunk 3: 30 chars
2026-01-20 13:34:46 | edumind.text_chunker | DEBUG    | text_chunker.py:90 | Created chunk 4: 29 chars
2026-01-20 13:34:46 | edumind.text_chunker | DEBUG    | text_chunker.py:90 | Created chunk 5: 28 chars
2026-01-20 13:34:46 | edumind.text_chunker | DEBUG    | text_chunker.py:90 | Created chunk 6: 26 chars
2026-01-20 13:34:46 | edumind.text_chunker | DEBUG    | text_chunker.py:90 | Created chunk 7: 26 chars
2026-01-20 13:34:46 | edumind.text_chunker | DEBUG    | text_chunker.py:90 | Created chunk 8: 25 chars
2026-01-20 13:34:46 | edumind.text_chunker | DEBUG    | text_chunker.py:90 | Created chunk 9: 24 chars
2026-01-20 13:34:46 | edumind.text_chunker | DEBUG    | text_chunker.py:90 | Created chunk 10: 39 chars
2026-01-20 13:34:46 | edumind.text_chunker | DEBUG    | text_chunker.py:90 | Created chunk 11: 38 chars
2026-01-20 13:34:46 | edumind.text_chunker | DEBUG    | text_chunker.py:90 | Created chunk 12: 37 chars
2026-01-20 13:34:46 | edumind.text_chunker | DEBUG    | text_chunker.py:90 | Created chunk 13: 36 chars
2026-01-20 13:34:46 | edumind.text_chunker | DEBUG    | text_chunker.py:90 | Created chunk 14: 35 chars
2026-01-20 13:34:46 | edumind.text_chunker | DEBUG    | text_chunker.py:90 | Created chunk 15: 34 chars
2026-01-20 13:34:46 | edumind.text_chunker | DEBUG    | text_chunker.py:90 | Created chunk 16: 32 chars
2026-01-20 13:34:46 | edumind.text_chunker | DEBUG    | text_chunker.py:90 | Created chunk 17: 32 chars
2026-01-20 13:34:46 | edumind.text_chunker | DEBUG    | text_chunker.py:90 | Created chunk 18: 31 chars
2026-01-20 13:34:46 | edumind.text_chunker | DEBUG    | text_chunker.py:90 | Created chunk 19: 30 chars
2026-01-20 13:34:46 | edumind.text_chunker | DEBUG    | text_chunker.py:90 | Created chunk 20: 29 chars
2026-01-20 13:34:46 | edumind.text_chunker | DEBUG    | text_chunker.py:90 | Created chunk 21: 28 chars
2026-01-20 13:34:46 | edumind.text_chunker | DEBUG    | text_chunker.py:90 | Created chunk 22: 27 chars
2026-01-20 13:34:46 | edumind.text_chunker | DEBUG    | text_chunker.py:90 | Created chunk 23: 25 chars
2026-01-20 13:34:46 | edumind.text_chunker | DEBUG    | text_chunker.py:90 | Created chunk 24: 25 chars
2026-01-20 13:34:46 | edumind.text_chunker | DEBUG    | text_chunker.py:90 | Created chunk 25: 24 chars
2026-01-20 13:34:46 | edumind.text_chunker | DEBUG    | text_chunker.py:90 | Created chunk 26: 40 chars
2026-01-20 13:34:46 | edumind.text_chunker | INFO     | text_chunker.py:98 | Split text into 26 chunks (avg: 30 chars)
2026-01-20 13:34:46 | edumind.text_chunker | DEBUG    | text_chunker.py:90 | Created chunk 1: 27 chars
2026-01-20 13:34:46 | edumind.text_chunker | DEBUG    | text_chunker.py:90 | Created chunk 2: 26 chars
2026-01-20 13:34:46 | edumind.text_chunker | DEBUG    | text_chunker.py:90 | Created chunk 3: 25 chars
2026-01-20 13:34:46 | edumind.text_chunker | DEBUG    | text_chunker.py:90 | Created chunk 4: 24 chars
2026-01-20 13:34:46 | edumind.text_chunker | DEBUG    | text_chunker.py:90 | Created chunk 5: 43 chars
2026-01-20 13:34:46 | edumind.text_chunker | DEBUG    | text_chunker.py:90 | Created chunk 6: 42 chars
2026-01-20 13:34:46 | edumind.text_chunker | DEBUG    | text_chunker.py:90 | Created chunk 7: 41 chars
2026-01-20 13:34:46 | edumind.text_chunker | DEBUG    | text_chunker.py:90 | Created chunk 8: 49 chars
2026-01-20 13:34:46 | edumind.text_chunker | DEBUG    | text_chunker.py:90 | Created chunk 9: 48 chars
2026-01-20 13:34:46 | edumind.text_chunker | DEBUG    | text_chunker.py:90 | Created chunk 10: 46 chars
2026-01-20 13:34:46 | edumind.text_chunker | DEBUG    | text_chunker.py:90 | Created chunk 11: 46 chars
2026-01-20 13:34:46 | edumind.text_chunker | DEBUG    | text_chunker.py:90 | Created chunk 12: 45 chars
2026-01-20 13:34:46 | edumind.text_chunker | DEBUG    | text_chunker.py:90 | Created chunk 13: 44 chars
2026-01-20 13:34:46 | edumind.text_chunker | DEBUG    | text_chunker.py:90 | Created chunk 14: 42 chars
2026-01-20 13:34:46 | edumind.text_chunker | DEBUG    | text_chunker.py:90 | Created chunk 15: 42 chars
2026-01-20 13:34:46 | edumind.text_chunker | DEBUG    | text_chunker.py:90 | Created chunk 16: 41 chars
2026-01-20 13:34:46 | edumind.text_chunker | DEBUG    | text_chunker.py:90 | Created chunk 17: 40 chars
2026-01-20 13:34:46 | edumind.text_chunker | DEBUG    | text_chunker.py:90 | Created chunk 18: 39 chars
2026-01-20 13:34:46 | edumind.text_chunker | DEBUG    | text_chunker.py:90 | Created chunk 19: 37 chars
2026-01-20 13:34:46 | edumind.text_chunker | DEBUG    | text_chunker.py:90 | Created chunk 20: 37 chars
2026-01-20 13:34:46 | edumind.text_chunker | DEBUG    | text_chunker.py:90 | Created chunk 21: 36 chars
2026-01-20 13:34:46 | edumind.text_chunker | DEBUG    | text_chunker.py:90 | Created chunk 22: 35 chars
2026-01-20 13:34:46 | edumind.text_chunker | DEBUG    | text_chunker.py:90 | Created chunk 23: 34 chars
2026-01-20 13:34:46 | edumind.text_chunker | DEBUG    | text_chunker.py:90 | Created chunk 24: 33 chars
2026-01-20 13:34:46 | edumind.text_chunker | DEBUG    | text_chunker.py:90 | Created chunk 25: 50 chars
2026-01-20 13:34:46 | edumind.text_chunker | INFO     | text_chunker.py:98 | Split text into 25 chunks (avg: 38 chars)
2026-01-20 13:34:46 | edumind.text_chunker | DEBUG    | text_chunker.py:90 | Created chunk 1: 49 chars
2026-01-20 13:34:46 | edumind.text_chunker | DEBUG    | text_chunker.py:90 | Created chunk 2: 48 chars
2026-01-20 13:34:46 | edumind.text_chunker | DEBUG    | text_chunker.py:90 | Created chunk 3: 47 chars
2026-01-20 13:34:46 | edumind.text_chunker | DEBUG    | text_chunker.py:90 | Created chunk 4: 46 chars
2026-01-20 13:34:46 | edumind.text_chunker | DEBUG    | text_chunker.py:90 | Created chunk 5: 44 chars
2026-01-20 13:34:46 | edumind.text_chunker | DEBUG    | text_chunker.py:90 | Created chunk 6: 49 chars
2026-01-20 13:34:46 | edumind.text_chunker | DEBUG    | text_chunker.py:90 | Created chunk 7: 48 chars
2026-01-20 13:34:46 | edumind.text_chunker | DEBUG    | text_chunker.py:90 | Created chunk 8: 47 chars
2026-01-20 13:34:46 | edumind.text_chunker | DEBUG    | text_chunker.py:90 | Created chunk 9: 46 chars
2026-01-20 13:34:46 | edumind.text_chunker | DEBUG    | text_chunker.py:90 | Created chunk 10: 44 chars
2026-01-20 13:34:46 | edumind.text_chunker | DEBUG    | text_chunker.py:90 | Created chunk 11: 49 chars
2026-01-20 13:34:46 | edumind.text_chunker | DEBUG    | text_chunker.py:90 | Created chunk 12: 48 chars
2026-01-20 13:34:46 | edumind.text_chunker | DEBUG    | text_chunker.py:90 | Created chunk 13: 47 chars
2026-01-20 13:34:46 | edumind.text_chunker | DEBUG    | text_chunker.py:90 | Created chunk 14: 46 chars
2026-01-20 13:34:46 | edumind.text_chunker | DEBUG    | text_chunker.py:90 | Created chunk 15: 44 chars
2026-01-20 13:34:46 | edumind.text_chunker | DEBUG    | text_chunker.py:90 | Created chunk 16: 49 chars
2026-01-20 13:34:46 | edumind.text_chunker | DEBUG    | text_chunker.py:90 | Created chunk 17: 48 chars
2026-01-20 13:34:46 | edumind.text_chunker | DEBUG    | text_chunker.py:90 | Created chunk 18: 47 chars
2026-01-20 13:34:46 | edumind.text_chunker | DEBUG    | text_chunker.py:90 | Created chunk 19: 46 chars
2026-01-20 13:34:46 | edumind.text_chunker | DEBUG    | text_chunker.py:90 | Created chunk 20: 44 chars
2026-01-20 13:34:46 | edumind.text_chunker | DEBUG    | text_chunker.py:90 | Created chunk 21: 49 chars
2026-01-20 13:34:46 | edumind.text_chunker | DEBUG    | text_chunker.py:90 | Created chunk 22: 48 chars
2026-01-20 13:34:46 | edumind.text_chunker | DEBUG    | text_chunker.py:90 | Created chunk 23: 47 chars
2026-01-20 13:34:46 | edumind.text_chunker | DEBUG    | text_chunker.py:90 | Created chunk 24: 46 chars
2026-01-20 13:34:46 | edumind.text_chunker | DEBUG    | text_chunker.py:90 | Created chunk 25: 44 chars
2026-01-20 13:34:46 | edumind.text_chunker | DEBUG    | text_chunker.py:90 | Created chunk 26: 49 chars
2026-01-20 13:34:46 | edumind.text_chunker | DEBUG    | text_chunker.py:90 | Created chunk 27: 48 chars
2026-01-20 13:34:46 | edumind.text_chunker | DEBUG    | text_chunker.py:90 | Created chunk 28: 47 chars
2026-01-20 13:34:46 | edumind.text_chunker | DEBUG    | text_chunker.py:90 | Created chunk 29: 46 chars
2026-01-20 13:34:46 | edumind.text_chunker | DEBUG    | text_chunker.py:90 | Created chunk 30: 44 chars
2026-01-20 13:34:46 | edumind.text_chunker | DEBUG    | text_chunker.py:90 | Created chunk 31: 49 chars
2026-01-20 13:34:46 | edumind.text_chunker | DEBUG    | text_chunker.py:90 | Created chunk 32: 48 chars
2026-01-20 13:34:46 | edumind.text_chunker | DEBUG    | text_chunker.py:90 | Created chunk 33: 47 chars
2026-01-20 13:34:46 | edumind.text_chunker | DEBUG    | text_chunker.py:90 | Created chunk 34: 46 chars
2026-01-20 13:34:46 | edumind.text_chunker | DEBUG    | text_chunker.py:90 | Created chunk 35: 44 chars
2026-01-20 13:34:46 | edumind.text_chunker | DEBUG    | text_chunker.py:90 | Created chunk 36: 49 chars
2026-01-20 13:34:46 | edumind.text_chunker | DEBUG    | text_chunker.py:90 | Created chunk 37: 48 chars
2026-01-20 13:34:46 | edumind.text_chunker | DEBUG    | text_chunker.py:90 | Created chunk 38: 47 chars
2026-01-20 13:34:46 | edumind.text_chunker | DEBUG    | text_chunker.py:90 | Created chunk 39: 46 chars
2026-01-20 13:34:46 | edumind.text_chunker | DEBUG    | text_chunker.py:90 | Created chunk 40: 44 chars
2026-01-20 13:34:46 | edumind.text_chunker | DEBUG    | text_chunker.py:90 | Created chunk 41: 49 chars
2026-01-20 13:34:46 | edumind.text_chunker | DEBUG    | text_chunker.py:90 | Created chunk 42: 48 chars
2026-01-20 13:34:46 | edumind.text_chunker | DEBUG    | text_chunker.py:90 | Created chunk 43: 47 chars
2026-01-20 13:34:46 | edumind.text_chunker | DEBUG    | text_chunker.py:90 | Created chunk 44: 46 chars
2026-01-20 13:34:46 | edumind.text_chunker | DEBUG    | text_chunker.py:90 | Created chunk 45: 44 chars
2026-01-20 13:34:46 | edumind.text_chunker | DEBUG    | text_chunker.py:90 | Created chunk 46: 49 chars
2026-01-20 13:34:46 | edumind.text_chunker | DEBUG    | text_chunker.py:90 | Created chunk 47: 48 chars
2026-01-20 13:34:46 | edumind.text_chunker | DEBUG    | text_chunker.py:90 | Created chunk 48: 47 chars
2026-01-20 13:34:46 | edumind.text_chunker | DEBUG    | text_chunker.py:90 | Created chunk 49: 46 chars
2026-01-20 13:34:46 | edumind.text_chunker | DEBUG    | text_chunker.py:90 | Created chunk 50: 44 chars
2026-01-20 13:34:46 | edumind.text_chunker | DEBUG    | text_chunker.py:90 | Created chunk 51: 49 chars
2026-01-20 13:34:46 | edumind.text_chunker | DEBUG    | text_chunker.py:90 | Created chunk 52: 48 chars
2026-01-20 13:34:46 | edumind.text_chunker | DEBUG    | text_chunker.py:90 | Created chunk 53: 47 chars
2026-01-20 13:34:46 | edumind.text_chunker | DEBUG    | text_chunker.py:90 | Created chunk 54: 46 chars
2026-01-20 13:34:46 | edumind.text_chunker | DEBUG    | text_chunker.py:90 | Created chunk 55: 44 chars
2026-01-20 13:34:46 | edumind.text_chunker | DEBUG    | text_chunker.py:90 | Created chunk 56: 49 chars
2026-01-20 13:34:46 | edumind.text_chunker | DEBUG    | text_chunker.py:90 | Created chunk 57: 48 chars
2026-01-20 13:34:46 | edumind.text_chunker | DEBUG    | text_chunker.py:90 | Created chunk 58: 47 chars
2026-01-20 13:34:46 | edumind.text_chunker | DEBUG    | text_chunker.py:90 | Created chunk 59: 46 chars
2026-01-20 13:34:46 | edumind.text_chunker | DEBUG    | text_chunker.py:90 | Created chunk 60: 44 chars
2026-01-20 13:34:46 | edumind.text_chunker | DEBUG    | text_chunker.py:90 | Created chunk 61: 49 chars
2026-01-20 13:34:46 | edumind.text_chunker | DEBUG    | text_chunker.py:90 | Created chunk 62: 48 chars
2026-01-20 13:34:46 | edumind.text_chunker | DEBUG    | text_chunker.py:90 | Created chunk 63: 47 chars
2026-01-20 13:34:46 | edumind.text_chunker | DEBUG    | text_chunker.py:90 | Created chunk 64: 46 chars
2026-01-20 13:34:46 | edumind.text_chunker | DEBUG    | text_chunker.py:90 | Created chunk 65: 44 chars
2026-01-20 13:34:46 | edumind.text_chunker | DEBUG    | text_chunker.py:90 | Created chunk 66: 49 chars
2026-01-20 13:34:46 | edumind.text_chunker | DEBUG    | text_chunker.py:90 | Created chunk 67: 48 chars
2026-01-20 13:34:46 | edumind.text_chunker | DEBUG    | text_chunker.py:90 | Created chunk 68: 47 chars
2026-01-20 13:34:46 | edumind.text_chunker | DEBUG    | text_chunker.py:90 | Created chunk 69: 46 chars
2026-01-20 13:34:46 | edumind.text_chunker | DEBUG    | text_chunker.py:90 | Created chunk 70: 44 chars
2026-01-20 13:34:46 | edumind.text_chunker | DEBUG    | text_chunker.py:90 | Created chunk 71: 49 chars
2026-01-20 13:34:46 | edumind.text_chunker | DEBUG    | text_chunker.py:90 | Created chunk 72: 48 chars
2026-01-20 13:34:46 | edumind.text_chunker | DEBUG    | text_chunker.py:90 | Created chunk 73: 47 chars
2026-01-20 13:34:46 | edumind.text_chunker | DEBUG    | text_chunker.py:90 | Created chunk 74: 46 chars
2026-01-20 13:34:46 | edumind.text_chunker | DEBUG    | text_chunker.py:90 | Created chunk 75: 44 chars
2026-01-20 13:34:46 | edumind.text_chunker | DEBUG    | text_chunker.py:90 | Created chunk 76: 49 chars
2026-01-20 13:34:46 | edumind.text_chunker | DEBUG    | text_chunker.py:90 | Created chunk 77: 48 chars
2026-01-20 13:34:46 | edumind.text_chunker | DEBUG    | text_chunker.py:90 | Created chunk 78: 47 chars
2026-01-20 13:34:46 | edumind.text_chunker | DEBUG    | text_chunker.py:90 | Created chunk 79: 46 chars
2026-01-20 13:34:46 | edumind.text_chunker | DEBUG    | text_chunker.py:90 | Created chunk 80: 44 chars
2026-01-20 13:34:46 | edumind.text_chunker | DEBUG    | text_chunker.py:90 | Created chunk 81: 49 chars
2026-01-20 13:34:46 | edumind.text_chunker | DEBUG    | text_chunker.py:90 | Created chunk 82: 48 chars
2026-01-20 13:34:46 | edumind.text_chunker | DEBUG    | text_chunker.py:90 | Created chunk 83: 47 chars
2026-01-20 13:34:46 | edumind.text_chunker | DEBUG    | text_chunker.py:90 | Created chunk 84: 46 chars
2026-01-20 13:34:46 | edumind.text_chunker | DEBUG    | text_chunker.py:90 | Created chunk 85: 44 chars
2026-01-20 13:34:46 | edumind.text_chunker | DEBUG    | text_chunker.py:90 | Created chunk 86: 49 chars
2026-01-20 13:34:46 | edumind.text_chunker | DEBUG    | text_chunker.py:90 | Created chunk 87: 48 chars
2026-01-20 13:34:46 | edumind.text_chunker | DEBUG    | text_chunker.py:90 | Created chunk 88: 47 chars
2026-01-20 13:34:46 | edumind.text_chunker | DEBUG    | text_chunker.py:90 | Created chunk 89: 46 chars
2026-01-20 13:34:46 | edumind.text_chunker | DEBUG    | text_chunker.py:90 | Created chunk 90: 44 chars
2026-01-20 13:34:46 | edumind.text_chunker | DEBUG    | text_chunker.py:90 | Created chunk 91: 49 chars
2026-01-20 13:34:46 | edumind.text_chunker | DEBUG    | text_chunker.py:90 | Created chunk 92: 48 chars
2026-01-20 13:34:46 | edumind.text_chunker | DEBUG    | text_chunker.py:90 | Created chunk 93: 47 chars
2026-01-20 13:34:46 | edumind.text_chunker | DEBUG    | text_chunker.py:90 | Created chunk 94: 46 chars
2026-01-20 13:34:46 | edumind.text_chunker | DEBUG    | text_chunker.py:90 | Created chunk 95: 44 chars
2026-01-20 13:34:46 | edumind.text_chunker | DEBUG    | text_chunker.py:90 | Created chunk 96: 49 chars
2026-01-20 13:34:46 | edumind.text_chunker | DEBUG    | text_chunker.py:90 | Created chunk 97: 48 chars
2026-01-20 13:34:46 | edumind.text_chunker | DEBUG    | text_chunker.py:90 | Created chunk 98: 47 chars
2026-01-20 13:34:46 | edumind.text_chunker | DEBUG    | text_chunker.py:90 | Created chunk 99: 46 chars
2026-01-20 13:34:46 | edumind.text_chunker | DEBUG    | text_chunker.py:90 | Created chunk 100: 44 chars
2026-01-20 13:34:46 | edumind.text_chunker | DEBUG    | text_chunker.py:90 | Created chunk 101: 49 chars
2026-01-20 13:34:46 | edumind.text_chunker | DEBUG    | text_chunker.py:90 | Created chunk 102: 48 chars
2026-01-20 13:34:46 | edumind.text_chunker | DEBUG    | text_chunker.py:90 | Created chunk 103: 47 chars
2026-01-20 13:34:46 | edumind.text_chunker | DEBUG    | text_chunker.py:90 | Created chunk 104: 46 chars
2026-01-20 13:34:46 | edumind.text_chunker | DEBUG    | text_chunker.py:90 | Created chunk 105: 44 chars
2026-01-20 13:34:46 | edumind.text_chunker | DEBUG    | text_chunker.py:90 | Created chunk 106: 49 chars
2026-01-20 13:34:46 | edumind.text_chunker | DEBUG    | text_chunker.py:90 | Created chunk 107: 48 chars
2026-01-20 13:34:46 | edumind.text_chunker | DEBUG    | text_chunker.py:90 | Created chunk 108: 47 chars
2026-01-20 13:34:46 | edumind.text_chunker | DEBUG    | text_chunker.py:90 | Created chunk 109: 46 chars
2026-01-20 13:34:46 | edumind.text_chunker | DEBUG    | text_chunker.py:90 | Created chunk 110: 44 chars
2026-01-20 13:34:46 | edumind.text_chunker | DEBUG    | text_chunker.py:90 | Created chunk 111: 49 chars
2026-01-20 13:34:46 | edumind.text_chunker | DEBUG    | text_chunker.py:90 | Created chunk 112: 48 chars
2026-01-20 13:34:46 | edumind.text_chunker | DEBUG    | text_chunker.py:90 | Created chunk 113: 47 chars
2026-01-20 13:34:46 | edumind.text_chunker | DEBUG    | text_chunker.py:90 | Created chunk 114: 46 chars
2026-01-20 13:34:46 | edumind.text_chunker | DEBUG    | text_chunker.py:90 | Created chunk 115: 44 chars
2026-01-20 13:34:46 | edumind.text_chunker | DEBUG    | text_chunker.py:90 | Created chunk 116: 49 chars
2026-01-20 13:34:46 | edumind.text_chunker | DEBUG    | text_chunker.py:90 | Created chunk 117: 48 chars
2026-01-20 13:34:46 | edumind.text_chunker | DEBUG    | text_chunker.py:90 | Created chunk 118: 47 chars
2026-01-20 13:34:46 | edumind.text_chunker | DEBUG    | text_chunker.py:90 | Created chunk 119: 46 chars
2026-01-20 13:34:46 | edumind.text_chunker | DEBUG    | text_chunker.py:90 | Created chunk 120: 44 chars
2026-01-20 13:34:46 | edumind.text_chunker | DEBUG    | text_chunker.py:90 | Created chunk 121: 49 chars
2026-01-20 13:34:46 | edumind.text_chunker | DEBUG    | text_chunker.py:90 | Created chunk 122: 48 chars
2026-01-20 13:34:46 | edumind.text_chunker | DEBUG    | text_chunker.py:90 | Created chunk 123: 47 chars
2026-01-20 13:34:46 | edumind.text_chunker | DEBUG    | text_chunker.py:90 | Created chunk 124: 46 chars
2026-01-20 13:34:46 | edumind.text_chunker | DEBUG    | text_chunker.py:90 | Created chunk 125: 44 chars
2026-01-20 13:34:46 | edumind.text_chunker | DEBUG    | text_chunker.py:90 | Created chunk 126: 49 chars
2026-01-20 13:34:46 | edumind.text_chunker | DEBUG    | text_chunker.py:90 | Created chunk 127: 48 chars
2026-01-20 13:34:46 | edumind.text_chunker | DEBUG    | text_chunker.py:90 | Created chunk 128: 47 chars
2026-01-20 13:34:46 | edumind.text_chunker | DEBUG    | text_chunker.py:90 | Created chunk 129: 46 chars
2026-01-20 13:34:46 | edumind.text_chunker | DEBUG    | text_chunker.py:90 | Created chunk 130: 44 chars
2026-01-20 13:34:46 | edumind.text_chunker | DEBUG    | text_chunker.py:90 | Created chunk 131: 49 chars
2026-01-20 13:34:46 | edumind.text_chunker | DEBUG    | text_chunker.py:90 | Created chunk 132: 48 chars
2026-01-20 13:34:46 | edumind.text_chunker | DEBUG    | text_chunker.py:90 | Created chunk 133: 47 chars
2026-01-20 13:34:46 | edumind.text_chunker | DEBUG    | text_chunker.py:90 | Created chunk 134: 46 chars
2026-01-20 13:34:46 | edumind.text_chunker | DEBUG    | text_chunker.py:90 | Created chunk 135: 44 chars
2026-01-20 13:34:46 | edumind.text_chunker | DEBUG    | text_chunker.py:90 | Created chunk 136: 49 chars
2026-01-20 13:34:46 | edumind.text_chunker | DEBUG    | text_chunker.py:90 | Created chunk 137: 48 chars
2026-01-20 13:34:46 | edumind.text_chunker | DEBUG    | text_chunker.py:90 | Created chunk 138: 47 chars
2026-01-20 13:34:46 | edumind.text_chunker | DEBUG    | text_chunker.py:90 | Created chunk 139: 46 chars
2026-01-20 13:34:46 | edumind.text_chunker | DEBUG    | text_chunker.py:90 | Created chunk 140: 44 chars
2026-01-20 13:34:46 | edumind.text_chunker | DEBUG    | text_chunker.py:90 | Created chunk 141: 49 chars
2026-01-20 13:34:46 | edumind.text_chunker | DEBUG    | text_chunker.py:90 | Created chunk 142: 48 chars
2026-01-20 13:34:46 | edumind.text_chunker | DEBUG    | text_chunker.py:90 | Created chunk 143: 47 chars
2026-01-20 13:34:46 | edumind.text_chunker | DEBUG    | text_chunker.py:90 | Created chunk 144: 46 chars
2026-01-20 13:34:46 | edumind.text_chunker | DEBUG    | text_chunker.py:90 | Created chunk 145: 44 chars
2026-01-20 13:34:46 | edumind.text_chunker | DEBUG    | text_chunker.py:90 | Created chunk 146: 49 chars
2026-01-20 13:34:46 | edumind.text_chunker | DEBUG    | text_chunker.py:90 | Created chunk 147: 48 chars
2026-01-20 13:34:46 | edumind.text_chunker | DEBUG    | text_chunker.py:90 | Created chunk 148: 47 chars
2026-01-20 13:34:46 | edumind.text_chunker | DEBUG    | text_chunker.py:90 | Created chunk 149: 46 chars
2026-01-20 13:34:46 | edumind.text_chunker | DEBUG    | text_chunker.py:90 | Created chunk 150: 44 chars
2026-01-20 13:34:46 | edumind.text_chunker | DEBUG    | text_chunker.py:90 | Created chunk 151: 49 chars
2026-01-20 13:34:46 | edumind.text_chunker | DEBUG    | text_chunker.py:90 | Created chunk 152: 48 chars
2026-01-20 13:34:46 | edumind.text_chunker | DEBUG    | text_chunker.py:90 | Created chunk 153: 47 chars
2026-01-20 13:34:46 | edumind.text_chunker | DEBUG    | text_chunker.py:90 | Created chunk 154: 46 chars
2026-01-20 13:34:46 | edumind.text_chunker | DEBUG    | text_chunker.py:90 | Created chunk 155: 44 chars
2026-01-20 13:34:46 | edumind.text_chunker | DEBUG    | text_chunker.py:90 | Created chunk 156: 49 chars
2026-01-20 13:34:46 | edumind.text_chunker | DEBUG    | text_chunker.py:90 | Created chunk 157: 48 chars
2026-01-20 13:34:46 | edumind.text_chunker | DEBUG    | text_chunker.py:90 | Created chunk 158: 47 chars
2026-01-20 13:34:46 | edumind.text_chunker | DEBUG    | text_chunker.py:90 | Created chunk 159: 46 chars
2026-01-20 13:34:46 | edumind.text_chunker | DEBUG    | text_chunker.py:90 | Created chunk 160: 44 chars
2026-01-20 13:34:46 | edumind.text_chunker | DEBUG    | text_chunker.py:90 | Created chunk 161: 49 chars
2026-01-20 13:34:46 | edumind.text_chunker | DEBUG    | text_chunker.py:90 | Created chunk 162: 48 chars
2026-01-20 13:34:46 | edumind.text_chunker | DEBUG    | text_chunker.py:90 | Created chunk 163: 47 chars
2026-01-20 13:34:46 | edumind.text_chunker | DEBUG    | text_chunker.py:90 | Created chunk 164: 46 chars
2026-01-20 13:34:46 | edumind.text_chunker | DEBUG    | text_chunker.py:90 | Created chunk 165: 44 chars
2026-01-20 13:34:46 | edumind.text_chunker | DEBUG    | text_chunker.py:90 | Created chunk 166: 49 chars
2026-01-20 13:34:46 | edumind.text_chunker | DEBUG    | text_chunker.py:90 | Created chunk 167: 48 chars
2026-01-20 13:34:46 | edumind.text_chunker | DEBUG    | text_chunker.py:90 | Created chunk 168: 47 chars
2026-01-20 13:34:46 | edumind.text_chunker | DEBUG    | text_chunker.py:90 | Created chunk 169: 46 chars
2026-01-20 13:34:46 | edumind.text_chunker | DEBUG    | text_chunker.py:90 | Created chunk 170: 44 chars
2026-01-20 13:34:46 | edumind.text_chunker | DEBUG    | text_chunker.py:90 | Created chunk 171: 49 chars
2026-01-20 13:34:46 | edumind.text_chunker | DEBUG    | text_chunker.py:90 | Created chunk 172: 48 chars
2026-01-20 13:34:46 | edumind.text_chunker | DEBUG    | text_chunker.py:90 | Created chunk 173: 47 chars
2026-01-20 13:34:46 | edumind.text_chunker | DEBUG    | text_chunker.py:90 | Created chunk 174: 46 chars
2026-01-20 13:34:46 | edumind.text_chunker | DEBUG    | text_chunker.py:90 | Created chunk 175: 44 chars
2026-01-20 13:34:46 | edumind.text_chunker | DEBUG    | text_chunker.py:90 | Created chunk 176: 49 chars
2026-01-20 13:34:46 | edumind.text_chunker | DEBUG    | text_chunker.py:90 | Created chunk 177: 48 chars
2026-01-20 13:34:46 | edumind.text_chunker | DEBUG    | text_chunker.py:90 | Created chunk 178: 47 chars
2026-01-20 13:34:46 | edumind.text_chunker | DEBUG    | text_chunker.py:90 | Created chunk 179: 46 chars
2026-01-20 13:34:46 | edumind.text_chunker | DEBUG    | text_chunker.py:90 | Created chunk 180: 44 chars
2026-01-20 13:34:46 | edumind.text_chunker | DEBUG    | text_chunker.py:90 | Created chunk 181: 49 chars
2026-01-20 13:34:46 | edumind.text_chunker | DEBUG    | text_chunker.py:90 | Created chunk 182: 48 chars
2026-01-20 13:34:46 | edumind.text_chunker | DEBUG    | text_chunker.py:90 | Created chunk 183: 47 chars
2026-01-20 13:34:46 | edumind.text_chunker | DEBUG    | text_chunker.py:90 | Created chunk 184: 46 chars
2026-01-20 13:34:46 | edumind.text_chunker | DEBUG    | text_chunker.py:90 | Created chunk 185: 44 chars
2026-01-20 13:34:46 | edumind.text_chunker | DEBUG    | text_chunker.py:90 | Created chunk 186: 49 chars
2026-01-20 13:34:46 | edumind.text_chunker | DEBUG    | text_chunker.py:90 | Created chunk 187: 48 chars
2026-01-20 13:34:46 | edumind.text_chunker | DEBUG    | text_chunker.py:90 | Created chunk 188: 47 chars
2026-01-20 13:34:46 | edumind.text_chunker | DEBUG    | text_chunker.py:90 | Created chunk 189: 46 chars
2026-01-20 13:34:46 | edumind.text_chunker | DEBUG    | text_chunker.py:90 | Created chunk 190: 44 chars
2026-01-20 13:34:46 | edumind.text_chunker | DEBUG    | text_chunker.py:90 | Created chunk 191: 49 chars
2026-01-20 13:34:46 | edumind.text_chunker | DEBUG    | text_chunker.py:90 | Created chunk 192: 48 chars
2026-01-20 13:34:46 | edumind.text_chunker | DEBUG    | text_chunker.py:90 | Created chunk 193: 47 chars
2026-01-20 13:34:46 | edumind.text_chunker | DEBUG    | text_chunker.py:90 | Created chunk 194: 46 chars
2026-01-20 13:34:46 | edumind.text_chunker | DEBUG    | text_chunker.py:90 | Created chunk 195: 44 chars
2026-01-20 13:34:46 | edumind.text_chunker | DEBUG    | text_chunker.py:90 | Created chunk 196: 49 chars
2026-01-20 13:34:46 | edumind.text_chunker | DEBUG    | text_chunker.py:90 | Created chunk 197: 48 chars
2026-01-20 13:34:46 | edumind.text_chunker | DEBUG    | text_chunker.py:90 | Created chunk 198: 47 chars
2026-01-20 13:34:46 | edumind.text_chunker | DEBUG    | text_chunker.py:90 | Created chunk 199: 46 chars
2026-01-20 13:34:46 | edumind.text_chunker | DEBUG    | text_chunker.py:90 | Created chunk 200: 44 chars
2026-01-20 13:34:46 | edumind.text_chunker | DEBUG    | text_chunker.py:90 | Created chunk 201: 49 chars
2026-01-20 13:34:46 | edumind.text_chunker | DEBUG    | text_chunker.py:90 | Created chunk 202: 48 chars
2026-01-20 13:34:46 | edumind.text_chunker | DEBUG    | text_chunker.py:90 | Created chunk 203: 47 chars
2026-01-20 13:34:46 | edumind.text_chunker | DEBUG    | text_chunker.py:90 | Created chunk 204: 46 chars
2026-01-20 13:34:46 | edumind.text_chunker | DEBUG    | text_chunker.py:90 | Created chunk 205: 44 chars
2026-01-20 13:34:46 | edumind.text_chunker | DEBUG    | text_chunker.py:90 | Created chunk 206: 49 chars
2026-01-20 13:34:46 | edumind.text_chunker | DEBUG    | text_chunker.py:90 | Created chunk 207: 48 chars
2026-01-20 13:34:46 | edumind.text_chunker | DEBUG    | text_chunker.py:90 | Created chunk 208: 47 chars
2026-01-20 13:34:46 | edumind.text_chunker | DEBUG    | text_chunker.py:90 | Created chunk 209: 46 chars
2026-01-20 13:34:46 | edumind.text_chunker | DEBUG    | text_chunker.py:90 | Created chunk 210: 44 chars
2026-01-20 13:34:46 | edumind.text_chunker | DEBUG    | text_chunker.py:90 | Created chunk 211: 49 chars
2026-01-20 13:34:46 | edumind.text_chunker | DEBUG    | text_chunker.py:90 | Created chunk 212: 48 chars
2026-01-20 13:34:46 | edumind.text_chunker | DEBUG    | text_chunker.py:90 | Created chunk 213: 47 chars
2026-01-20 13:34:46 | edumind.text_chunker | DEBUG    | text_chunker.py:90 | Created chunk 214: 46 chars
2026-01-20 13:34:46 | edumind.text_chunker | DEBUG    | text_chunker.py:90 | Created chunk 215: 44 chars
2026-01-20 13:34:46 | edumind.text_chunker | DEBUG    | text_chunker.py:90 | Created chunk 216: 49 chars
2026-01-20 13:34:46 | edumind.text_chunker | DEBUG    | text_chunker.py:90 | Created chunk 217: 48 chars
2026-01-20 13:34:46 | edumind.text_chunker | DEBUG    | text_chunker.py:90 | Created chunk 218: 47 chars
2026-01-20 13:34:46 | edumind.text_chunker | DEBUG    | text_chunker.py:90 | Created chunk 219: 46 chars
2026-01-20 13:34:46 | edumind.text_chunker | DEBUG    | text_chunker.py:90 | Created chunk 220: 44 chars
2026-01-20 13:34:46 | edumind.text_chunker | DEBUG    | text_chunker.py:90 | Created chunk 221: 49 chars
2026-01-20 13:34:46 | edumind.text_chunker | DEBUG    | text_chunker.py:90 | Created chunk 222: 48 chars
2026-01-20 13:34:46 | edumind.text_chunker | DEBUG    | text_chunker.py:90 | Created chunk 223: 47 chars
2026-01-20 13:34:46 | edumind.text_chunker | DEBUG    | text_chunker.py:90 | Created chunk 224: 46 chars
2026-01-20 13:34:46 | edumind.text_chunker | DEBUG    | text_chunker.py:90 | Created chunk 225: 44 chars
2026-01-20 13:34:46 | edumind.text_chunker | DEBUG    | text_chunker.py:90 | Created chunk 226: 49 chars
2026-01-20 13:34:46 | edumind.text_chunker | DEBUG    | text_chunker.py:90 | Created chunk 227: 48 chars
2026-01-20 13:34:46 | edumind.text_chunker | DEBUG    | text_chunker.py:90 | Created chunk 228: 47 chars
2026-01-20 13:34:46 | edumind.text_chunker | DEBUG    | text_chunker.py:90 | Created chunk 229: 46 chars
2026-01-20 13:34:46 | edumind.text_chunker | DEBUG    | text_chunker.py:90 | Created chunk 230: 44 chars
2026-01-20 13:34:46 | edumind.text_chunker | DEBUG    | text_chunker.py:90 | Created chunk 231: 49 chars
2026-01-20 13:34:46 | edumind.text_chunker | DEBUG    | text_chunker.py:90 | Created chunk 232: 48 chars
2026-01-20 13:34:46 | edumind.text_chunker | DEBUG    | text_chunker.py:90 | Created chunk 233: 47 chars
2026-01-20 13:34:46 | edumind.text_chunker | DEBUG    | text_chunker.py:90 | Created chunk 234: 46 chars
2026-01-20 13:34:46 | edumind.text_chunker | DEBUG    | text_chunker.py:90 | Created chunk 235: 44 chars
2026-01-20 13:34:46 | edumind.text_chunker | DEBUG    | text_chunker.py:90 | Created chunk 236: 49 chars
2026-01-20 13:34:46 | edumind.text_chunker | DEBUG    | text_chunker.py:90 | Created chunk 237: 48 chars
2026-01-20 13:34:46 | edumind.text_chunker | DEBUG    | text_chunker.py:90 | Created chunk 238: 47 chars
2026-01-20 13:34:46 | edumind.text_chunker | DEBUG    | text_chunker.py:90 | Created chunk 239: 46 chars
2026-01-20 13:34:46 | edumind.text_chunker | DEBUG    | text_chunker.py:90 | Created chunk 240: 44 chars
2026-01-20 13:34:46 | edumind.text_chunker | DEBUG    | text_chunker.py:90 | Created chunk 241: 49 chars
2026-01-20 13:34:46 | edumind.text_chunker | DEBUG    | text_chunker.py:90 | Created chunk 242: 48 chars
2026-01-20 13:34:46 | edumind.text_chunker | DEBUG    | text_chunker.py:90 | Created chunk 243: 47 chars
2026-01-20 13:34:46 | edumind.text_chunker | DEBUG    | text_chunker.py:90 | Created chunk 244: 46 chars
2026-01-20 13:34:46 | edumind.text_chunker | DEBUG    | text_chunker.py:90 | Created chunk 245: 44 chars
2026-01-20 13:34:46 | edumind.text_chunker | DEBUG    | text_chunker.py:90 | Created chunk 246: 49 chars
2026-01-20 13:34:46 | edumind.text_chunker | DEBUG    | text_chunker.py:90 | Created chunk 247: 48 chars
2026-01-20 13:34:46 | edumind.text_chunker | DEBUG    | text_chunker.py:90 | Created chunk 248: 47 chars
2026-01-20 13:34:46 | edumind.text_chunker | DEBUG    | text_chunker.py:90 | Created chunk 249: 46 chars
2026-01-20 13:34:46 | edumind.text_chunker | DEBUG    | text_chunker.py:90 | Created chunk 250: 44 chars
2026-01-20 13:34:46 | edumind.text_chunker | DEBUG    | text_chunker.py:90 | Created chunk 251: 49 chars
2026-01-20 13:34:46 | edumind.text_chunker | DEBUG    | text_chunker.py:90 | Created chunk 252: 48 chars
2026-01-20 13:34:46 | edumind.text_chunker | DEBUG    | text_chunker.py:90 | Created chunk 253: 47 chars
2026-01-20 13:34:46 | edumind.text_chunker | DEBUG    | text_chunker.py:90 | Created chunk 254: 46 chars
2026-01-20 13:34:46 | edumind.text_chunker | DEBUG    | text_chunker.py:90 | Created chunk 255: 44 chars
2026-01-20 13:34:46 | edumind.text_chunker | DEBUG    | text_chunker.py:90 | Created chunk 256: 49 chars
2026-01-20 13:34:46 | edumind.text_chunker | DEBUG    | text_chunker.py:90 | Created chunk 257: 48 chars
2026-01-20 13:34:46 | edumind.text_chunker | DEBUG    | text_chunker.py:90 | Created chunk 258: 47 chars
2026-01-20 13:34:46 | edumind.text_chunker | DEBUG    | text_chunker.py:90 | Created chunk 259: 46 chars
2026-01-20 13:34:46 | edumind.text_chunker | DEBUG    | text_chunker.py:90 | Created chunk 260: 44 chars
2026-01-20 13:34:46 | edumind.text_chunker | DEBUG    | text_chunker.py:90 | Created chunk 261: 49 chars
2026-01-20 13:34:46 | edumind.text_chunker | DEBUG    | text_chunker.py:90 | Created chunk 262: 48 chars
2026-01-20 13:34:46 | edumind.text_chunker | DEBUG    | text_chunker.py:90 | Created chunk 263: 47 chars
2026-01-20 13:34:46 | edumind.text_chunker | DEBUG    | text_chunker.py:90 | Created chunk 264: 46 chars
2026-01-20 13:34:46 | edumind.text_chunker | DEBUG    | text_chunker.py:90 | Created chunk 265: 44 chars
2026-01-20 13:34:46 | edumind.text_chunker | DEBUG    | text_chunker.py:90 | Created chunk 266: 49 chars
2026-01-20 13:34:46 | edumind.text_chunker | DEBUG    | text_chunker.py:90 | Created chunk 267: 48 chars
2026-01-20 13:34:46 | edumind.text_chunker | DEBUG    | text_chunker.py:90 | Created chunk 268: 47 chars
2026-01-20 13:34:46 | edumind.text_chunker | DEBUG    | text_chunker.py:90 | Created chunk 269: 46 chars
2026-01-20 13:34:46 | edumind.text_chunker | DEBUG    | text_chunker.py:90 | Created chunk 270: 44 chars
2026-01-20 13:34:46 | edumind.text_chunker | DEBUG    | text_chunker.py:90 | Created chunk 271: 49 chars
2026-01-20 13:34:46 | edumind.text_chunker | DEBUG    | text_chunker.py:90 | Created chunk 272: 48 chars
2026-01-20 13:34:46 | edumind.text_chunker | DEBUG    | text_chunker.py:90 | Created chunk 273: 47 chars
2026-01-20 13:34:46 | edumind.text_chunker | DEBUG    | text_chunker.py:90 | Created chunk 274: 46 chars
2026-01-20 13:34:46 | edumind.text_chunker | DEBUG    | text_chunker.py:90 | Created chunk 275: 44 chars
2026-01-20 13:34:46 | edumind.text_chunker | DEBUG    | text_chunker.py:90 | Created chunk 276: 49 chars
2026-01-20 13:34:46 | edumind.text_chunker | DEBUG    | text_chunker.py:90 | Created chunk 277: 48 chars
2026-01-20 13:34:46 | edumind.text_chunker | DEBUG    | text_chunker.py:90 | Created chunk 278: 47 chars
2026-01-20 13:34:46 | edumind.text_chunker | DEBUG    | text_chunker.py:90 | Created chunk 279: 46 chars
2026-01-20 13:34:46 | edumind.text_chunker | DEBUG    | text_chunker.py:90 | Created chunk 280: 44 chars
2026-01-20 13:34:46 | edumind.text_chunker | DEBUG    | text_chunker.py:90 | Created chunk 281: 49 chars
2026-01-20 13:34:46 | edumind.text_chunker | DEBUG    | text_chunker.py:90 | Created chunk 282: 48 chars
2026-01-20 13:34:46 | edumind.text_chunker | DEBUG    | text_chunker.py:90 | Created chunk 283: 47 chars
2026-01-20 13:34:46 | edumind.text_chunker | DEBUG    | text_chunker.py:90 | Created chunk 284: 46 chars
2026-01-20 13:34:46 | edumind.text_chunker | DEBUG    | text_chunker.py:90 | Created chunk 285: 44 chars
2026-01-20 13:34:46 | edumind.text_chunker | DEBUG    | text_chunker.py:90 | Created chunk 286: 49 chars
2026-01-20 13:34:46 | edumind.text_chunker | DEBUG    | text_chunker.py:90 | Created chunk 287: 48 chars
2026-01-20 13:34:46 | edumind.text_chunker | DEBUG    | text_chunker.py:90 | Created chunk 288: 47 chars
2026-01-20 13:34:46 | edumind.text_chunker | DEBUG    | text_chunker.py:90 | Created chunk 289: 46 chars
2026-01-20 13:34:46 | edumind.text_chunker | DEBUG    | text_chunker.py:90 | Created chunk 290: 44 chars
2026-01-20 13:34:46 | edumind.text_chunker | DEBUG    | text_chunker.py:90 | Created chunk 291: 49 chars
2026-01-20 13:34:46 | edumind.text_chunker | DEBUG    | text_chunker.py:90 | Created chunk 292: 48 chars
2026-01-20 13:34:46 | edumind.text_chunker | DEBUG    | text_chunker.py:90 | Created chunk 293: 47 chars
2026-01-20 13:34:46 | edumind.text_chunker | DEBUG    | text_chunker.py:90 | Created chunk 294: 46 chars
2026-01-20 13:34:46 | edumind.text_chunker | DEBUG    | text_chunker.py:90 | Created chunk 295: 44 chars
2026-01-20 13:34:46 | edumind.text_chunker | DEBUG    | text_chunker.py:90 | Created chunk 296: 49 chars
2026-01-20 13:34:46 | edumind.text_chunker | DEBUG    | text_chunker.py:90 | Created chunk 297: 48 chars
2026-01-20 13:34:46 | edumind.text_chunker | DEBUG    | text_chunker.py:90 | Created chunk 298: 47 chars
2026-01-20 13:34:46 | edumind.text_chunker | DEBUG    | text_chunker.py:90 | Created chunk 299: 46 chars
2026-01-20 13:34:46 | edumind.text_chunker | DEBUG    | text_chunker.py:90 | Created chunk 300: 44 chars
2026-01-20 13:34:46 | edumind.text_chunker | DEBUG    | text_chunker.py:90 | Created chunk 301: 49 chars
2026-01-20 13:34:46 | edumind.text_chunker | DEBUG    | text_chunker.py:90 | Created chunk 302: 48 chars
2026-01-20 13:34:46 | edumind.text_chunker | DEBUG    | text_chunker.py:90 | Created chunk 303: 47 chars
2026-01-20 13:34:46 | edumind.text_chunker | DEBUG    | text_chunker.py:90 | Created chunk 304: 46 chars
2026-01-20 13:34:46 | edumind.text_chunker | DEBUG    | text_chunker.py:90 | Created chunk 305: 44 chars
2026-01-20 13:34:46 | edumind.text_chunker | DEBUG    | text_chunker.py:90 | Created chunk 306: 49 chars
2026-01-20 13:34:46 | edumind.text_chunker | DEBUG    | text_chunker.py:90 | Created chunk 307: 48 chars
2026-01-20 13:34:46 | edumind.text_chunker | DEBUG    | text_chunker.py:90 | Created chunk 308: 47 chars
2026-01-20 13:34:46 | edumind.text_chunker | DEBUG    | text_chunker.py:90 | Created chunk 309: 46 chars
2026-01-20 13:34:46 | edumind.text_chunker | DEBUG    | text_chunker.py:90 | Created chunk 310: 44 chars
2026-01-20 13:34:46 | edumind.text_chunker | DEBUG    | text_chunker.py:90 | Created chunk 311: 49 chars
2026-01-20 13:34:46 | edumind.text_chunker | DEBUG    | text_chunker.py:90 | Created chunk 312: 48 chars
2026-01-20 13:34:46 | edumind.text_chunker | DEBUG    | text_chunker.py:90 | Created chunk 313: 47 chars
2026-01-20 13:34:46 | edumind.text_chunker | DEBUG    | text_chunker.py:90 | Created chunk 314: 46 chars
2026-01-20 13:34:46 | edumind.text_chunker | DEBUG    | text_chunker.py:90 | Created chunk 315: 44 chars
2026-01-20 13:34:46 | edumind.text_chunker | DEBUG    | text_chunker.py:90 | Created chunk 316: 49 chars
2026-01-20 13:34:46 | edumind.text_chunker | DEBUG    | text_chunker.py:90 | Created chunk 317: 48 chars
2026-01-20 13:34:46 | edumind.text_chunker | DEBUG    | text_chunker.py:90 | Created chunk 318: 47 chars
2026-01-20 13:34:46 | edumind.text_chunker | DEBUG    | text_chunker.py:90 | Created chunk 319: 46 chars
2026-01-20 13:34:46 | edumind.text_chunker | DEBUG    | text_chunker.py:90 | Created chunk 320: 44 chars
2026-01-20 13:34:46 | edumind.text_chunker | DEBUG    | text_chunker.py:90 | Created chunk 321: 49 chars
2026-01-20 13:34:46 | edumind.text_chunker | DEBUG    | text_chunker.py:90 | Created chunk 322: 48 chars
2026-01-20 13:34:46 | edumind.text_chunker | DEBUG    | text_chunker.py:90 | Created chunk 323: 47 chars
2026-01-20 13:34:46 | edumind.text_chunker | DEBUG    | text_chunker.py:90 | Created chunk 324: 46 chars
2026-01-20 13:34:46 | edumind.text_chunker | DEBUG    | text_chunker.py:90 | Created chunk 325: 44 chars
2026-01-20 13:34:46 | edumind.text_chunker | DEBUG    | text_chunker.py:90 | Created chunk 326: 49 chars
2026-01-20 13:34:46 | edumind.text_chunker | DEBUG    | text_chunker.py:90 | Created chunk 327: 48 chars
2026-01-20 13:34:46 | edumind.text_chunker | DEBUG    | text_chunker.py:90 | Created chunk 328: 47 chars
2026-01-20 13:34:46 | edumind.text_chunker | DEBUG    | text_chunker.py:90 | Created chunk 329: 46 chars
2026-01-20 13:34:46 | edumind.text_chunker | DEBUG    | text_chunker.py:90 | Created chunk 330: 44 chars
2026-01-20 13:34:46 | edumind.text_chunker | DEBUG    | text_chunker.py:90 | Created chunk 331: 49 chars
2026-01-20 13:34:46 | edumind.text_chunker | DEBUG    | text_chunker.py:90 | Created chunk 332: 48 chars
2026-01-20 13:34:46 | edumind.text_chunker | DEBUG    | text_chunker.py:90 | Created chunk 333: 47 chars
2026-01-20 13:34:46 | edumind.text_chunker | DEBUG    | text_chunker.py:90 | Created chunk 334: 46 chars
2026-01-20 13:34:46 | edumind.text_chunker | DEBUG    | text_chunker.py:90 | Created chunk 335: 44 chars
2026-01-20 13:34:46 | edumind.text_chunker | DEBUG    | text_chunker.py:90 | Created chunk 336: 49 chars
2026-01-20 13:34:46 | edumind.text_chunker | DEBUG    | text_chunker.py:90 | Created chunk 337: 48 chars
2026-01-20 13:34:46 | edumind.text_chunker | DEBUG    | text_chunker.py:90 | Created chunk 338: 47 chars
2026-01-20 13:34:46 | edumind.text_chunker | DEBUG    | text_chunker.py:90 | Created chunk 339: 46 chars
2026-01-20 13:34:46 | edumind.text_chunker | DEBUG    | text_chunker.py:90 | Created chunk 340: 44 chars
2026-01-20 13:34:46 | edumind.text_chunker | DEBUG    | text_chunker.py:90 | Created chunk 341: 49 chars
2026-01-20 13:34:46 | edumind.text_chunker | DEBUG    | text_chunker.py:90 | Created chunk 342: 48 chars
2026-01-20 13:34:46 | edumind.text_chunker | DEBUG    | text_chunker.py:90 | Created chunk 343: 47 chars
2026-01-20 13:34:46 | edumind.text_chunker | DEBUG    | text_chunker.py:90 | Created chunk 344: 46 chars
2026-01-20 13:34:46 | edumind.text_chunker | DEBUG    | text_chunker.py:90 | Created chunk 345: 44 chars
2026-01-20 13:34:46 | edumind.text_chunker | DEBUG    | text_chunker.py:90 | Created chunk 346: 49 chars
2026-01-20 13:34:46 | edumind.text_chunker | DEBUG    | text_chunker.py:90 | Created chunk 347: 48 chars
2026-01-20 13:34:46 | edumind.text_chunker | DEBUG    | text_chunker.py:90 | Created chunk 348: 47 chars
2026-01-20 13:34:46 | edumind.text_chunker | DEBUG    | text_chunker.py:90 | Created chunk 349: 46 chars
2026-01-20 13:34:46 | edumind.text_chunker | DEBUG    | text_chunker.py:90 | Created chunk 350: 44 chars
2026-01-20 13:34:46 | edumind.text_chunker | DEBUG    | text_chunker.py:90 | Created chunk 351: 49 chars
2026-01-20 13:34:46 | edumind.text_chunker | DEBUG    | text_chunker.py:90 | Created chunk 352: 48 chars
2026-01-20 13:34:46 | edumind.text_chunker | DEBUG    | text_chunker.py:90 | Created chunk 353: 47 chars
2026-01-20 13:34:46 | edumind.text_chunker | DEBUG    | text_chunker.py:90 | Created chunk 354: 46 chars
2026-01-20 13:34:46 | edumind.text_chunker | DEBUG    | text_chunker.py:90 | Created chunk 355: 44 chars
2026-01-20 13:34:46 | edumind.text_chunker | DEBUG    | text_chunker.py:90 | Created chunk 356: 49 chars
2026-01-20 13:34:46 | edumind.text_chunker | DEBUG    | text_chunker.py:90 | Created chunk 357: 48 chars
2026-01-20 13:34:46 | edumind.text_chunker | DEBUG    | text_chunker.py:90 | Created chunk 358: 47 chars
2026-01-20 13:34:46 | edumind.text_chunker | DEBUG    | text_chunker.py:90 | Created chunk 359: 46 chars
2026-01-20 13:34:46 | edumind.text_chunker | DEBUG    | text_chunker.py:90 | Created chunk 360: 44 chars
2026-01-20 13:34:46 | edumind.text_chunker | DEBUG    | text_chunker.py:90 | Created chunk 361: 49 chars
2026-01-20 13:34:46 | edumind.text_chunker | DEBUG    | text_chunker.py:90 | Created chunk 362: 48 chars
2026-01-20 13:34:46 | edumind.text_chunker | DEBUG    | text_chunker.py:90 | Created chunk 363: 47 chars
2026-01-20 13:34:46 | edumind.text_chunker | DEBUG    | text_chunker.py:90 | Created chunk 364: 46 chars
2026-01-20 13:34:46 | edumind.text_chunker | DEBUG    | text_chunker.py:90 | Created chunk 365: 44 chars
2026-01-20 13:34:46 | edumind.text_chunker | DEBUG    | text_chunker.py:90 | Created chunk 366: 49 chars
2026-01-20 13:34:46 | edumind.text_chunker | DEBUG    | text_chunker.py:90 | Created chunk 367: 48 chars
2026-01-20 13:34:46 | edumind.text_chunker | DEBUG    | text_chunker.py:90 | Created chunk 368: 47 chars
2026-01-20 13:34:46 | edumind.text_chunker | DEBUG    | text_chunker.py:90 | Created chunk 369: 46 chars
2026-01-20 13:34:46 | edumind.text_chunker | DEBUG    | text_chunker.py:90 | Created chunk 370: 44 chars
2026-01-20 13:34:46 | edumind.text_chunker | DEBUG    | text_chunker.py:90 | Created chunk 371: 49 chars
2026-01-20 13:34:46 | edumind.text_chunker | DEBUG    | text_chunker.py:90 | Created chunk 372: 48 chars
2026-01-20 13:34:46 | edumind.text_chunker | DEBUG    | text_chunker.py:90 | Created chunk 373: 47 chars
2026-01-20 13:34:46 | edumind.text_chunker | DEBUG    | text_chunker.py:90 | Created chunk 374: 46 chars
2026-01-20 13:34:46 | edumind.text_chunker | DEBUG    | text_chunker.py:90 | Created chunk 375: 44 chars
2026-01-20 13:34:46 | edumind.text_chunker | DEBUG    | text_chunker.py:90 | Created chunk 376: 49 chars
2026-01-20 13:34:46 | edumind.text_chunker | DEBUG    | text_chunker.py:90 | Created chunk 377: 48 chars
2026-01-20 13:34:46 | edumind.text_chunker | DEBUG    | text_chunker.py:90 | Created chunk 378: 47 chars
2026-01-20 13:34:46 | edumind.text_chunker | DEBUG    | text_chunker.py:90 | Created chunk 379: 46 chars
2026-01-20 13:34:46 | edumind.text_chunker | DEBUG    | text_chunker.py:90 | Created chunk 380: 44 chars
2026-01-20 13:34:46 | edumind.text_chunker | DEBUG    | text_chunker.py:90 | Created chunk 381: 49 chars
2026-01-20 13:34:46 | edumind.text_chunker | DEBUG    | text_chunker.py:90 | Created chunk 382: 48 chars
2026-01-20 13:34:46 | edumind.text_chunker | DEBUG    | text_chunker.py:90 | Created chunk 383: 47 chars
2026-01-20 13:34:46 | edumind.text_chunker | DEBUG    | text_chunker.py:90 | Created chunk 384: 46 chars
2026-01-20 13:34:46 | edumind.text_chunker | DEBUG    | text_chunker.py:90 | Created chunk 385: 44 chars
2026-01-20 13:34:46 | edumind.text_chunker | DEBUG    | text_chunker.py:90 | Created chunk 386: 49 chars
2026-01-20 13:34:46 | edumind.text_chunker | DEBUG    | text_chunker.py:90 | Created chunk 387: 48 chars
2026-01-20 13:34:46 | edumind.text_chunker | DEBUG    | text_chunker.py:90 | Created chunk 388: 47 chars
2026-01-20 13:34:46 | edumind.text_chunker | DEBUG    | text_chunker.py:90 | Created chunk 389: 46 chars
2026-01-20 13:34:46 | edumind.text_chunker | DEBUG    | text_chunker.py:90 | Created chunk 390: 44 chars
2026-01-20 13:34:46 | edumind.text_chunker | DEBUG    | text_chunker.py:90 | Created chunk 391: 49 chars
2026-01-20 13:34:46 | edumind.text_chunker | DEBUG    | text_chunker.py:90 | Created chunk 392: 48 chars
2026-01-20 13:34:46 | edumind.text_chunker | DEBUG    | text_chunker.py:90 | Created chunk 393: 47 chars
2026-01-20 13:34:46 | edumind.text_chunker | DEBUG    | text_chunker.py:90 | Created chunk 394: 46 chars
2026-01-20 13:34:46 | edumind.text_chunker | DEBUG    | text_chunker.py:90 | Created chunk 395: 44 chars
2026-01-20 13:34:46 | edumind.text_chunker | DEBUG    | text_chunker.py:90 | Created chunk 396: 49 chars
2026-01-20 13:34:46 | edumind.text_chunker | DEBUG    | text_chunker.py:90 | Created chunk 397: 48 chars
2026-01-20 13:34:46 | edumind.text_chunker | DEBUG    | text_chunker.py:90 | Created chunk 398: 47 chars
2026-01-20 13:34:46 | edumind.text_chunker | DEBUG    | text_chunker.py:90 | Created chunk 399: 46 chars
2026-01-20 13:34:46 | edumind.text_chunker | DEBUG    | text_chunker.py:90 | Created chunk 400: 44 chars
2026-01-20 13:34:46 | edumind.text_chunker | DEBUG    | text_chunker.py:90 | Created chunk 401: 49 chars
2026-01-20 13:34:46 | edumind.text_chunker | DEBUG    | text_chunker.py:90 | Created chunk 402: 48 chars
2026-01-20 13:34:46 | edumind.text_chunker | DEBUG    | text_chunker.py:90 | Created chunk 403: 47 chars
2026-01-20 13:34:46 | edumind.text_chunker | DEBUG    | text_chunker.py:90 | Created chunk 404: 46 chars
2026-01-20 13:34:46 | edumind.text_chunker | DEBUG    | text_chunker.py:90 | Created chunk 405: 44 chars
2026-01-20 13:34:46 | edumind.text_chunker | DEBUG    | text_chunker.py:90 | Created chunk 406: 49 chars
2026-01-20 13:34:46 | edumind.text_chunker | DEBUG    | text_chunker.py:90 | Created chunk 407: 48 chars
2026-01-20 13:34:46 | edumind.text_chunker | DEBUG    | text_chunker.py:90 | Created chunk 408: 47 chars
2026-01-20 13:34:46 | edumind.text_chunker | DEBUG    | text_chunker.py:90 | Created chunk 409: 46 chars
2026-01-20 13:34:46 | edumind.text_chunker | DEBUG    | text_chunker.py:90 | Created chunk 410: 44 chars
2026-01-20 13:34:46 | edumind.text_chunker | DEBUG    | text_chunker.py:90 | Created chunk 411: 49 chars
2026-01-20 13:34:46 | edumind.text_chunker | DEBUG    | text_chunker.py:90 | Created chunk 412: 48 chars
2026-01-20 13:34:46 | edumind.text_chunker | DEBUG    | text_chunker.py:90 | Created chunk 413: 47 chars
2026-01-20 13:34:46 | edumind.text_chunker | DEBUG    | text_chunker.py:90 | Created chunk 414: 46 chars
2026-01-20 13:34:46 | edumind.text_chunker | DEBUG    | text_chunker.py:90 | Created chunk 415: 44 chars
2026-01-20 13:34:46 | edumind.text_chunker | DEBUG    | text_chunker.py:90 | Created chunk 416: 49 chars
2026-01-20 13:34:46 | edumind.text_chunker | DEBUG    | text_chunker.py:90 | Created chunk 417: 48 chars
2026-01-20 13:34:46 | edumind.text_chunker | DEBUG    | text_chunker.py:90 | Created chunk 418: 47 chars
2026-01-20 13:34:46 | edumind.text_chunker | DEBUG    | text_chunker.py:90 | Created chunk 419: 46 chars
2026-01-20 13:34:46 | edumind.text_chunker | DEBUG    | text_chunker.py:90 | Created chunk 420: 44 chars
2026-01-20 13:34:46 | edumind.text_chunker | DEBUG    | text_chunker.py:90 | Created chunk 421: 49 chars
2026-01-20 13:34:46 | edumind.text_chunker | DEBUG    | text_chunker.py:90 | Created chunk 422: 48 chars
2026-01-20 13:34:46 | edumind.text_chunker | DEBUG    | text_chunker.py:90 | Created chunk 423: 47 chars
2026-01-20 13:34:46 | edumind.text_chunker | DEBUG    | text_chunker.py:90 | Created chunk 424: 46 chars
2026-01-20 13:34:46 | edumind.text_chunker | DEBUG    | text_chunker.py:90 | Created chunk 425: 44 chars
2026-01-20 13:34:46 | edumind.text_chunker | DEBUG    | text_chunker.py:90 | Created chunk 426: 49 chars
2026-01-20 13:34:46 | edumind.text_chunker | DEBUG    | text_chunker.py:90 | Created chunk 427: 48 chars
2026-01-20 13:34:46 | edumind.text_chunker | DEBUG    | text_chunker.py:90 | Created chunk 428: 47 chars
2026-01-20 13:34:46 | edumind.text_chunker | DEBUG    | text_chunker.py:90 | Created chunk 429: 46 chars
2026-01-20 13:34:46 | edumind.text_chunker | DEBUG    | text_chunker.py:90 | Created chunk 430: 44 chars
2026-01-20 13:34:46 | edumind.text_chunker | DEBUG    | text_chunker.py:90 | Created chunk 431: 49 chars
2026-01-20 13:34:46 | edumind.text_chunker | DEBUG    | text_chunker.py:90 | Created chunk 432: 48 chars
2026-01-20 13:34:46 | edumind.text_chunker | DEBUG    | text_chunker.py:90 | Created chunk 433: 47 chars
2026-01-20 13:34:46 | edumind.text_chunker | DEBUG    | text_chunker.py:90 | Created chunk 434: 46 chars
2026-01-20 13:34:46 | edumind.text_chunker | DEBUG    | text_chunker.py:90 | Created chunk 435: 44 chars
2026-01-20 13:34:46 | edumind.text_chunker | DEBUG    | text_chunker.py:90 | Created chunk 436: 49 chars
2026-01-20 13:34:46 | edumind.text_chunker | DEBUG    | text_chunker.py:90 | Created chunk 437: 48 chars
2026-01-20 13:34:46 | edumind.text_chunker | DEBUG    | text_chunker.py:90 | Created chunk 438: 47 chars
2026-01-20 13:34:46 | edumind.text_chunker | DEBUG    | text_chunker.py:90 | Created chunk 439: 46 chars
2026-01-20 13:34:46 | edumind.text_chunker | DEBUG    | text_chunker.py:90 | Created chunk 440: 44 chars
2026-01-20 13:34:46 | edumind.text_chunker | DEBUG    | text_chunker.py:90 | Created chunk 441: 49 chars
2026-01-20 13:34:46 | edumind.text_chunker | DEBUG    | text_chunker.py:90 | Created chunk 442: 48 chars
2026-01-20 13:34:46 | edumind.text_chunker | DEBUG    | text_chunker.py:90 | Created chunk 443: 47 chars
2026-01-20 13:34:46 | edumind.text_chunker | DEBUG    | text_chunker.py:90 | Created chunk 444: 46 chars
2026-01-20 13:34:46 | edumind.text_chunker | DEBUG    | text_chunker.py:90 | Created chunk 445: 44 chars
2026-01-20 13:34:46 | edumind.text_chunker | DEBUG    | text_chunker.py:90 | Created chunk 446: 49 chars
2026-01-20 13:34:46 | edumind.text_chunker | DEBUG    | text_chunker.py:90 | Created chunk 447: 48 chars
2026-01-20 13:34:46 | edumind.text_chunker | DEBUG    | text_chunker.py:90 | Created chunk 448: 47 chars
2026-01-20 13:34:46 | edumind.text_chunker | DEBUG    | text_chunker.py:90 | Created chunk 449: 46 chars
2026-01-20 13:34:46 | edumind.text_chunker | DEBUG    | text_chunker.py:90 | Created chunk 450: 49 chars
2026-01-20 13:34:46 | edumind.text_chunker | INFO     | text_chunker.py:98 | Split text into 450 chunks (avg: 46 chars)
2026-01-20 13:34:46 | edumind.text_chunker | DEBUG    | text_chunker.py:90 | Created chunk 1: 97 chars
2026-01-20 13:34:46 | edumind.text_chunker | DEBUG    | text_chunker.py:90 | Created chunk 2: 96 chars
2026-01-20 13:34:46 | edumind.text_chunker | DEBUG    | text_chunker.py:90 | Created chunk 3: 95 chars
2026-01-20 13:34:46 | edumind.text_chunker | DEBUG    | text_chunker.py:90 | Created chunk 4: 94 chars
2026-01-20 13:34:46 | edumind.text_chunker | DEBUG    | text_chunker.py:90 | Created chunk 5: 92 chars
2026-01-20 13:34:46 | edumind.text_chunker | DEBUG    | text_chunker.py:90 | Created chunk 6: 92 chars
2026-01-20 13:34:46 | edumind.text_chunker | DEBUG    | text_chunker.py:90 | Created chunk 7: 91 chars
2026-01-20 13:34:46 | edumind.text_chunker | DEBUG    | text_chunker.py:90 | Created chunk 8: 89 chars
2026-01-20 13:34:46 | edumind.text_chunker | DEBUG    | text_chunker.py:90 | Created chunk 9: 89 chars
2026-01-20 13:34:46 | edumind.text_chunker | DEBUG    | text_chunker.py:90 | Created chunk 10: 88 chars
2026-01-20 13:34:46 | edumind.text_chunker | DEBUG    | text_chunker.py:90 | Created chunk 11: 87 chars
2026-01-20 13:34:46 | edumind.text_chunker | DEBUG    | text_chunker.py:90 | Created chunk 12: 86 chars
2026-01-20 13:34:46 | edumind.text_chunker | DEBUG    | text_chunker.py:90 | Created chunk 13: 99 chars
2026-01-20 13:34:46 | edumind.text_chunker | DEBUG    | text_chunker.py:90 | Created chunk 14: 97 chars
2026-01-20 13:34:46 | edumind.text_chunker | DEBUG    | text_chunker.py:90 | Created chunk 15: 97 chars
2026-01-20 13:34:46 | edumind.text_chunker | DEBUG    | text_chunker.py:90 | Created chunk 16: 96 chars
2026-01-20 13:34:46 | edumind.text_chunker | DEBUG    | text_chunker.py:90 | Created chunk 17: 95 chars
2026-01-20 13:34:46 | edumind.text_chunker | DEBUG    | text_chunker.py:90 | Created chunk 18: 94 chars
2026-01-20 13:34:46 | edumind.text_chunker | DEBUG    | text_chunker.py:90 | Created chunk 19: 92 chars
2026-01-20 13:34:46 | edumind.text_chunker | DEBUG    | text_chunker.py:90 | Created chunk 20: 92 chars
2026-01-20 13:34:46 | edumind.text_chunker | DEBUG    | text_chunker.py:90 | Created chunk 21: 91 chars
2026-01-20 13:34:46 | edumind.text_chunker | DEBUG    | text_chunker.py:90 | Created chunk 22: 89 chars
2026-01-20 13:34:46 | edumind.text_chunker | DEBUG    | text_chunker.py:90 | Created chunk 23: 89 chars
2026-01-20 13:34:46 | edumind.text_chunker | DEBUG    | text_chunker.py:90 | Created chunk 24: 88 chars
2026-01-20 13:34:46 | edumind.text_chunker | DEBUG    | text_chunker.py:90 | Created chunk 25: 87 chars
2026-01-20 13:34:46 | edumind.text_chunker | DEBUG    | text_chunker.py:90 | Created chunk 26: 86 chars
2026-01-20 13:34:46 | edumind.text_chunker | DEBUG    | text_chunker.py:90 | Created chunk 27: 99 chars
2026-01-20 13:34:46 | edumind.text_chunker | DEBUG    | text_chunker.py:90 | Created chunk 28: 97 chars
2026-01-20 13:34:46 | edumind.text_chunker | DEBUG    | text_chunker.py:90 | Created chunk 29: 97 chars
2026-01-20 13:34:46 | edumind.text_chunker | DEBUG    | text_chunker.py:90 | Created chunk 30: 96 chars
2026-01-20 13:34:46 | edumind.text_chunker | DEBUG    | text_chunker.py:90 | Created chunk 31: 95 chars
2026-01-20 13:34:46 | edumind.text_chunker | DEBUG    | text_chunker.py:90 | Created chunk 32: 94 chars
2026-01-20 13:34:46 | edumind.text_chunker | DEBUG    | text_chunker.py:90 | Created chunk 33: 92 chars
2026-01-20 13:34:46 | edumind.text_chunker | DEBUG    | text_chunker.py:90 | Created chunk 34: 92 chars
2026-01-20 13:34:46 | edumind.text_chunker | DEBUG    | text_chunker.py:90 | Created chunk 35: 91 chars
2026-01-20 13:34:46 | edumind.text_chunker | DEBUG    | text_chunker.py:90 | Created chunk 36: 89 chars
2026-01-20 13:34:46 | edumind.text_chunker | DEBUG    | text_chunker.py:90 | Created chunk 37: 89 chars
2026-01-20 13:34:46 | edumind.text_chunker | DEBUG    | text_chunker.py:90 | Created chunk 38: 88 chars
2026-01-20 13:34:46 | edumind.text_chunker | DEBUG    | text_chunker.py:90 | Created chunk 39: 87 chars
2026-01-20 13:34:46 | edumind.text_chunker | DEBUG    | text_chunker.py:90 | Created chunk 40: 86 chars
2026-01-20 13:34:46 | edumind.text_chunker | DEBUG    | text_chunker.py:90 | Created chunk 41: 99 chars
2026-01-20 13:34:46 | edumind.text_chunker | DEBUG    | text_chunker.py:90 | Created chunk 42: 97 chars
2026-01-20 13:34:46 | edumind.text_chunker | DEBUG    | text_chunker.py:90 | Created chunk 43: 97 chars
2026-01-20 13:34:46 | edumind.text_chunker | DEBUG    | text_chunker.py:90 | Created chunk 44: 96 chars
2026-01-20 13:34:46 | edumind.text_chunker | DEBUG    | text_chunker.py:90 | Created chunk 45: 95 chars
2026-01-20 13:34:46 | edumind.text_chunker | DEBUG    | text_chunker.py:90 | Created chunk 46: 94 chars
2026-01-20 13:34:46 | edumind.text_chunker | DEBUG    | text_chunker.py:90 | Created chunk 47: 92 chars
2026-01-20 13:34:46 | edumind.text_chunker | DEBUG    | text_chunker.py:90 | Created chunk 48: 92 chars
2026-01-20 13:34:46 | edumind.text_chunker | DEBUG    | text_chunker.py:90 | Created chunk 49: 91 chars
2026-01-20 13:34:46 | edumind.text_chunker | DEBUG    | text_chunker.py:90 | Created chunk 50: 89 chars
2026-01-20 13:34:46 | edumind.text_chunker | DEBUG    | text_chunker.py:90 | Created chunk 51: 89 chars
2026-01-20 13:34:46 | edumind.text_chunker | DEBUG    | text_chunker.py:90 | Created chunk 52: 88 chars
2026-01-20 13:34:46 | edumind.text_chunker | DEBUG    | text_chunker.py:90 | Created chunk 53: 87 chars
2026-01-20 13:34:46 | edumind.text_chunker | DEBUG    | text_chunker.py:90 | Created chunk 54: 86 chars
2026-01-20 13:34:46 | edumind.text_chunker | DEBUG    | text_chunker.py:90 | Created chunk 55: 99 chars
2026-01-20 13:34:46 | edumind.text_chunker | DEBUG    | text_chunker.py:90 | Created chunk 56: 97 chars
2026-01-20 13:34:46 | edumind.text_chunker | DEBUG    | text_chunker.py:90 | Created chunk 57: 97 chars
2026-01-20 13:34:46 | edumind.text_chunker | DEBUG    | text_chunker.py:90 | Created chunk 58: 96 chars
2026-01-20 13:34:46 | edumind.text_chunker | DEBUG    | text_chunker.py:90 | Created chunk 59: 95 chars
2026-01-20 13:34:46 | edumind.text_chunker | DEBUG    | text_chunker.py:90 | Created chunk 60: 94 chars
2026-01-20 13:34:46 | edumind.text_chunker | DEBUG    | text_chunker.py:90 | Created chunk 61: 92 chars
2026-01-20 13:34:46 | edumind.text_chunker | DEBUG    | text_chunker.py:90 | Created chunk 62: 92 chars
2026-01-20 13:34:46 | edumind.text_chunker | DEBUG    | text_chunker.py:90 | Created chunk 63: 91 chars
2026-01-20 13:34:46 | edumind.text_chunker | DEBUG    | text_chunker.py:90 | Created chunk 64: 89 chars
2026-01-20 13:34:46 | edumind.text_chunker | DEBUG    | text_chunker.py:90 | Created chunk 65: 89 chars
2026-01-20 13:34:46 | edumind.text_chunker | DEBUG    | text_chunker.py:90 | Created chunk 66: 88 chars
2026-01-20 13:34:46 | edumind.text_chunker | DEBUG    | text_chunker.py:90 | Created chunk 67: 87 chars
2026-01-20 13:34:46 | edumind.text_chunker | DEBUG    | text_chunker.py:90 | Created chunk 68: 86 chars
2026-01-20 13:34:46 | edumind.text_chunker | DEBUG    | text_chunker.py:90 | Created chunk 69: 99 chars
2026-01-20 13:34:46 | edumind.text_chunker | DEBUG    | text_chunker.py:90 | Created chunk 70: 97 chars
2026-01-20 13:34:46 | edumind.text_chunker | DEBUG    | text_chunker.py:90 | Created chunk 71: 97 chars
2026-01-20 13:34:46 | edumind.text_chunker | DEBUG    | text_chunker.py:90 | Created chunk 72: 96 chars
2026-01-20 13:34:46 | edumind.text_chunker | DEBUG    | text_chunker.py:90 | Created chunk 73: 95 chars
2026-01-20 13:34:46 | edumind.text_chunker | DEBUG    | text_chunker.py:90 | Created chunk 74: 94 chars
2026-01-20 13:34:46 | edumind.text_chunker | DEBUG    | text_chunker.py:90 | Created chunk 75: 92 chars
2026-01-20 13:34:46 | edumind.text_chunker | DEBUG    | text_chunker.py:90 | Created chunk 76: 92 chars
2026-01-20 13:34:46 | edumind.text_chunker | DEBUG    | text_chunker.py:90 | Created chunk 77: 91 chars
2026-01-20 13:34:46 | edumind.text_chunker | DEBUG    | text_chunker.py:90 | Created chunk 78: 89 chars
2026-01-20 13:34:46 | edumind.text_chunker | DEBUG    | text_chunker.py:90 | Created chunk 79: 89 chars
2026-01-20 13:34:46 | edumind.text_chunker | DEBUG    | text_chunker.py:90 | Created chunk 80: 88 chars
2026-01-20 13:34:46 | edumind.text_chunker | DEBUG    | text_chunker.py:90 | Created chunk 81: 87 chars
2026-01-20 13:34:46 | edumind.text_chunker | DEBUG    | text_chunker.py:90 | Created chunk 82: 86 chars
2026-01-20 13:34:46 | edumind.text_chunker | DEBUG    | text_chunker.py:90 | Created chunk 83: 99 chars
2026-01-20 13:34:46 | edumind.text_chunker | DEBUG    | text_chunker.py:90 | Created chunk 84: 97 chars
2026-01-20 13:34:46 | edumind.text_chunker | DEBUG    | text_chunker.py:90 | Created chunk 85: 97 chars
2026-01-20 13:34:46 | edumind.text_chunker | DEBUG    | text_chunker.py:90 | Created chunk 86: 96 chars
2026-01-20 13:34:46 | edumind.text_chunker | DEBUG    | text_chunker.py:90 | Created chunk 87: 95 chars
2026-01-20 13:34:46 | edumind.text_chunker | DEBUG    | text_chunker.py:90 | Created chunk 88: 94 chars
2026-01-20 13:34:46 | edumind.text_chunker | DEBUG    | text_chunker.py:90 | Created chunk 89: 92 chars
2026-01-20 13:34:46 | edumind.text_chunker | DEBUG    | text_chunker.py:90 | Created chunk 90: 92 chars
2026-01-20 13:34:46 | edumind.text_chunker | DEBUG    | text_chunker.py:90 | Created chunk 91: 91 chars
2026-01-20 13:34:46 | edumind.text_chunker | DEBUG    | text_chunker.py:90 | Created chunk 92: 89 chars
2026-01-20 13:34:46 | edumind.text_chunker | DEBUG    | text_chunker.py:90 | Created chunk 93: 89 chars
2026-01-20 13:34:46 | edumind.text_chunker | DEBUG    | text_chunker.py:90 | Created chunk 94: 88 chars
2026-01-20 13:34:46 | edumind.text_chunker | DEBUG    | text_chunker.py:90 | Created chunk 95: 87 chars
2026-01-20 13:34:46 | edumind.text_chunker | DEBUG    | text_chunker.py:90 | Created chunk 96: 86 chars
2026-01-20 13:34:46 | edumind.text_chunker | DEBUG    | text_chunker.py:90 | Created chunk 97: 99 chars
2026-01-20 13:34:46 | edumind.text_chunker | DEBUG    | text_chunker.py:90 | Created chunk 98: 97 chars
2026-01-20 13:34:46 | edumind.text_chunker | DEBUG    | text_chunker.py:90 | Created chunk 99: 97 chars
2026-01-20 13:34:46 | edumind.text_chunker | DEBUG    | text_chunker.py:90 | Created chunk 100: 96 chars
2026-01-20 13:34:46 | edumind.text_chunker | DEBUG    | text_chunker.py:90 | Created chunk 101: 95 chars
2026-01-20 13:34:46 | edumind.text_chunker | DEBUG    | text_chunker.py:90 | Created chunk 102: 94 chars
2026-01-20 13:34:46 | edumind.text_chunker | DEBUG    | text_chunker.py:90 | Created chunk 103: 92 chars
2026-01-20 13:34:46 | edumind.text_chunker | DEBUG    | text_chunker.py:90 | Created chunk 104: 92 chars
2026-01-20 13:34:46 | edumind.text_chunker | DEBUG    | text_chunker.py:90 | Created chunk 105: 91 chars
2026-01-20 13:34:46 | edumind.text_chunker | DEBUG    | text_chunker.py:90 | Created chunk 106: 89 chars
2026-01-20 13:34:46 | edumind.text_chunker | DEBUG    | text_chunker.py:90 | Created chunk 107: 89 chars
2026-01-20 13:34:46 | edumind.text_chunker | DEBUG    | text_chunker.py:90 | Created chunk 108: 88 chars
2026-01-20 13:34:46 | edumind.text_chunker | DEBUG    | text_chunker.py:90 | Created chunk 109: 87 chars
2026-01-20 13:34:46 | edumind.text_chunker | DEBUG    | text_chunker.py:90 | Created chunk 110: 86 chars
2026-01-20 13:34:46 | edumind.text_chunker | DEBUG    | text_chunker.py:90 | Created chunk 111: 99 chars
2026-01-20 13:34:46 | edumind.text_chunker | DEBUG    | text_chunker.py:90 | Created chunk 112: 97 chars
2026-01-20 13:34:46 | edumind.text_chunker | DEBUG    | text_chunker.py:90 | Created chunk 113: 97 chars
2026-01-20 13:34:46 | edumind.text_chunker | DEBUG    | text_chunker.py:90 | Created chunk 114: 96 chars
2026-01-20 13:34:46 | edumind.text_chunker | DEBUG    | text_chunker.py:90 | Created chunk 115: 95 chars
2026-01-20 13:34:46 | edumind.text_chunker | DEBUG    | text_chunker.py:90 | Created chunk 116: 94 chars
2026-01-20 13:34:46 | edumind.text_chunker | DEBUG    | text_chunker.py:90 | Created chunk 117: 92 chars
2026-01-20 13:34:46 | edumind.text_chunker | DEBUG    | text_chunker.py:90 | Created chunk 118: 92 chars
2026-01-20 13:34:46 | edumind.text_chunker | DEBUG    | text_chunker.py:90 | Created chunk 119: 91 chars
2026-01-20 13:34:46 | edumind.text_chunker | DEBUG    | text_chunker.py:90 | Created chunk 120: 89 chars
2026-01-20 13:34:46 | edumind.text_chunker | DEBUG    | text_chunker.py:90 | Created chunk 121: 89 chars
2026-01-20 13:34:46 | edumind.text_chunker | DEBUG    | text_chunker.py:90 | Created chunk 122: 88 chars
2026-01-20 13:34:46 | edumind.text_chunker | DEBUG    | text_chunker.py:90 | Created chunk 123: 87 chars
2026-01-20 13:34:46 | edumind.text_chunker | DEBUG    | text_chunker.py:90 | Created chunk 124: 86 chars
2026-01-20 13:34:46 | edumind.text_chunker | DEBUG    | text_chunker.py:90 | Created chunk 125: 99 chars
2026-01-20 13:34:46 | edumind.text_chunker | DEBUG    | text_chunker.py:90 | Created chunk 126: 97 chars
2026-01-20 13:34:46 | edumind.text_chunker | DEBUG    | text_chunker.py:90 | Created chunk 127: 97 chars
2026-01-20 13:34:46 | edumind.text_chunker | DEBUG    | text_chunker.py:90 | Created chunk 128: 96 chars
2026-01-20 13:34:46 | edumind.text_chunker | DEBUG    | text_chunker.py:90 | Created chunk 129: 95 chars
2026-01-20 13:34:46 | edumind.text_chunker | DEBUG    | text_chunker.py:90 | Created chunk 130: 94 chars
2026-01-20 13:34:46 | edumind.text_chunker | DEBUG    | text_chunker.py:90 | Created chunk 131: 92 chars
2026-01-20 13:34:46 | edumind.text_chunker | DEBUG    | text_chunker.py:90 | Created chunk 132: 92 chars
2026-01-20 13:34:46 | edumind.text_chunker | DEBUG    | text_chunker.py:90 | Created chunk 133: 91 chars
2026-01-20 13:34:46 | edumind.text_chunker | DEBUG    | text_chunker.py:90 | Created chunk 134: 89 chars
2026-01-20 13:34:46 | edumind.text_chunker | DEBUG    | text_chunker.py:90 | Created chunk 135: 89 chars
2026-01-20 13:34:46 | edumind.text_chunker | DEBUG    | text_chunker.py:90 | Created chunk 136: 88 chars
2026-01-20 13:34:46 | edumind.text_chunker | DEBUG    | text_chunker.py:90 | Created chunk 137: 87 chars
2026-01-20 13:34:46 | edumind.text_chunker | DEBUG    | text_chunker.py:90 | Created chunk 138: 86 chars
2026-01-20 13:34:46 | edumind.text_chunker | DEBUG    | text_chunker.py:90 | Created chunk 139: 99 chars
2026-01-20 13:34:46 | edumind.text_chunker | DEBUG    | text_chunker.py:90 | Created chunk 140: 97 chars
2026-01-20 13:34:46 | edumind.text_chunker | DEBUG    | text_chunker.py:90 | Created chunk 141: 97 chars
2026-01-20 13:34:46 | edumind.text_chunker | DEBUG    | text_chunker.py:90 | Created chunk 142: 96 chars
2026-01-20 13:34:46 | edumind.text_chunker | DEBUG    | text_chunker.py:90 | Created chunk 143: 95 chars
2026-01-20 13:34:46 | edumind.text_chunker | DEBUG    | text_chunker.py:90 | Created chunk 144: 94 chars
2026-01-20 13:34:46 | edumind.text_chunker | DEBUG    | text_chunker.py:90 | Created chunk 145: 92 chars
2026-01-20 13:34:46 | edumind.text_chunker | DEBUG    | text_chunker.py:90 | Created chunk 146: 92 chars
2026-01-20 13:34:46 | edumind.text_chunker | DEBUG    | text_chunker.py:90 | Created chunk 147: 91 chars
2026-01-20 13:34:46 | edumind.text_chunker | DEBUG    | text_chunker.py:90 | Created chunk 148: 89 chars
2026-01-20 13:34:46 | edumind.text_chunker | DEBUG    | text_chunker.py:90 | Created chunk 149: 89 chars
2026-01-20 13:34:46 | edumind.text_chunker | DEBUG    | text_chunker.py:90 | Created chunk 150: 88 chars
2026-01-20 13:34:46 | edumind.text_chunker | DEBUG    | text_chunker.py:90 | Created chunk 151: 87 chars
2026-01-20 13:34:46 | edumind.text_chunker | DEBUG    | text_chunker.py:90 | Created chunk 152: 86 chars
2026-01-20 13:34:46 | edumind.text_chunker | DEBUG    | text_chunker.py:90 | Created chunk 153: 99 chars
2026-01-20 13:34:46 | edumind.text_chunker | DEBUG    | text_chunker.py:90 | Created chunk 154: 97 chars
2026-01-20 13:34:46 | edumind.text_chunker | DEBUG    | text_chunker.py:90 | Created chunk 155: 97 chars
2026-01-20 13:34:46 | edumind.text_chunker | DEBUG    | text_chunker.py:90 | Created chunk 156: 96 chars
2026-01-20 13:34:46 | edumind.text_chunker | DEBUG    | text_chunker.py:90 | Created chunk 157: 95 chars
2026-01-20 13:34:46 | edumind.text_chunker | DEBUG    | text_chunker.py:90 | Created chunk 158: 94 chars
2026-01-20 13:34:46 | edumind.text_chunker | DEBUG    | text_chunker.py:90 | Created chunk 159: 92 chars
2026-01-20 13:34:46 | edumind.text_chunker | DEBUG    | text_chunker.py:90 | Created chunk 160: 92 chars
2026-01-20 13:34:46 | edumind.text_chunker | DEBUG    | text_chunker.py:90 | Created chunk 161: 91 chars
2026-01-20 13:34:46 | edumind.text_chunker | DEBUG    | text_chunker.py:90 | Created chunk 162: 89 chars
2026-01-20 13:34:46 | edumind.text_chunker | DEBUG    | text_chunker.py:90 | Created chunk 163: 89 chars
2026-01-20 13:34:46 | edumind.text_chunker | DEBUG    | text_chunker.py:90 | Created chunk 164: 88 chars
2026-01-20 13:34:46 | edumind.text_chunker | DEBUG    | text_chunker.py:90 | Created chunk 165: 87 chars
2026-01-20 13:34:46 | edumind.text_chunker | DEBUG    | text_chunker.py:90 | Created chunk 166: 86 chars
2026-01-20 13:34:46 | edumind.text_chunker | DEBUG    | text_chunker.py:90 | Created chunk 167: 99 chars
2026-01-20 13:34:46 | edumind.text_chunker | DEBUG    | text_chunker.py:90 | Created chunk 168: 97 chars
2026-01-20 13:34:46 | edumind.text_chunker | DEBUG    | text_chunker.py:90 | Created chunk 169: 97 chars
2026-01-20 13:34:46 | edumind.text_chunker | DEBUG    | text_chunker.py:90 | Created chunk 170: 96 chars
2026-01-20 13:34:46 | edumind.text_chunker | DEBUG    | text_chunker.py:90 | Created chunk 171: 95 chars
2026-01-20 13:34:46 | edumind.text_chunker | DEBUG    | text_chunker.py:90 | Created chunk 172: 94 chars
2026-01-20 13:34:46 | edumind.text_chunker | DEBUG    | text_chunker.py:90 | Created chunk 173: 92 chars
2026-01-20 13:34:46 | edumind.text_chunker | DEBUG    | text_chunker.py:90 | Created chunk 174: 92 chars
2026-01-20 13:34:46 | edumind.text_chunker | DEBUG    | text_chunker.py:90 | Created chunk 175: 91 chars
2026-01-20 13:34:46 | edumind.text_chunker | DEBUG    | text_chunker.py:90 | Created chunk 176: 89 chars
2026-01-20 13:34:46 | edumind.text_chunker | DEBUG    | text_chunker.py:90 | Created chunk 177: 89 chars
2026-01-20 13:34:46 | edumind.text_chunker | DEBUG    | text_chunker.py:90 | Created chunk 178: 88 chars
2026-01-20 13:34:46 | edumind.text_chunker | DEBUG    | text_chunker.py:90 | Created chunk 179: 87 chars
2026-01-20 13:34:46 | edumind.text_chunker | DEBUG    | text_chunker.py:90 | Created chunk 180: 100 chars
2026-01-20 13:34:46 | edumind.text_chunker | INFO     | text_chunker.py:98 | Split text into 180 chunks (avg: 92 chars)
2026-01-20 13:35:56 | edumind.json_parser  | DEBUG    | json_parser.py:54 | Parsed JSON using direct parse
2026-01-20 13:35:56 | edumind.json_parser  | DEBUG    | json_parser.py:54 | Parsed JSON using direct parse
2026-01-20 13:35:56 | edumind.json_parser  | DEBUG    | json_parser.py:66 | Parsed JSON by extracting object
2026-01-20 13:35:56 | edumind.json_parser  | DEBUG    | json_parser.py:66 | Parsed JSON by extracting object
2026-01-20 13:35:56 | edumind.json_parser  | DEBUG    | json_parser.py:104 | Parsed JSON after fixing trailing commas
2026-01-20 13:35:56 | edumind.json_parser  | DEBUG    | json_parser.py:104 | Parsed JSON after fixing trailing commas
2026-01-20 13:35:56 | edumind.json_parser  | WARNING  | json_parser.py:43 | Empty input string
2026-01-20 13:35:56 | edumind.json_parser  | WARNING  | json_parser.py:39 | Input is not a string: <class 'int'>
2026-01-20 13:35:56 | edumind.json_parser  | ERROR    | json_parser.py:160 | Failed to parse JSON after trying: ['direct_parse', 'extract_object', 'extract_array', 'clean_markdown', 'fix_trailing_commas', 'fix_single_quotes', 'nested_markdown', 'aggressive_brackets']
2026-01-20 13:35:56 | edumind.json_parser  | DEBUG    | json_parser.py:161 | Raw input (first 500 chars): not json at all
2026-01-20 13:35:56 | edumind.json_parser  | ERROR    | json_parser.py:160 | Failed to parse JSON after trying: ['direct_parse', 'extract_object', 'extract_array', 'clean_markdown', 'fix_trailing_commas', 'fix_single_quotes', 'nested_markdown', 'aggressive_brackets']
2026-01-20 13:35:56 | edumind.json_parser  | DEBUG    | json_parser.py:161 | Raw input (first 500 chars): [1, 2]
2026-01-20 13:35:56 | edumind.json_parser  | ERROR    | json_parser.py:160 | Failed to parse JSON after trying: ['direct_parse', 'extract_object', 'extract_array', 'clean_markdown', 'fix_trailing_commas', 'fix_single_quotes', 'nested_markdown', 'aggressive_brackets']
2026-01-20 13:35:56 | edumind.json_parser  | DEBUG    | json_parser.py:161 | Raw input (first 500 chars): {"key": "value"}
2026-01-20 13:35:56 | edumind.json_parser  | ERROR    | json_parser.py:160 | Failed to parse JSON after trying: ['direct_parse', 'extract_object', 'extract_array', 'clean_markdown', 'fix_trailing_commas', 'fix_single_quotes', 'nested_markdown', 'aggressive_brackets']
2026-01-20 13:35:56 | edumind.json_parser  | DEBUG    | json_parser.py:161 | Raw input (first 500 chars): invalid
2026-01-20 13:35:56 | edumind.json_parser  | DEBUG    | json_parser.py:54 | Parsed JSON using direct parse
2026-01-20 13:35:56 | edumind.json_parser  | DEBUG    | json_parser.py:54 | Parsed JSON using direct parse
2026-01-20 13:35:56 | edumind.json_parser  | INFO     | json_parser.py:204 | Extracted 1 valid quiz questions from 1 items
2026-01-20 13:35:56 | edumind.json_parser  | DEBUG    | json_parser.py:78 | Parsed JSON by extracting array
2026-01-20 13:35:56 | edumind.json_parser  | INFO     | json_parser.py:204 | Extracted 1 valid quiz questions from 1 items
2026-01-20 13:35:56 | edumind.json_parser  | DEBUG    | json_parser.py:54 | Parsed JSON using direct parse
2026-01-20 13:35:56 | edumind.json_parser  | WARNING  | json_parser.py:202 | Quiz item 0 missing fields: ['options', 'answer']
2026-01-20 13:35:56 | edumind.json_parser  | INFO     | json_parser.py:204 | Extracted 1 valid quiz questions from 2 items
2026-01-20 13:35:56 | edumind.json_parser  | WARNING  | json_parser.py:43 | Empty input string
2026-01-20 13:35:56 | edumind.json_parser  | DEBUG    | json_parser.py:54 | Parsed JSON using direct parse
2026-01-20 13:35:56 | edumind.json_parser  | INFO     | json_parser.py:239 | Extracted 2 valid flashcards from 2 items
2026-01-20 13:35:56 | edumind.json_parser  | DEBUG    | json_parser.py:54 | Parsed JSON using direct parse
2026-01-20 13:35:56 | edumind.json_parser  | INFO     | json_parser.py:239 | Extracted 1 valid flashcards from 1 items
2026-01-20 13:35:56 | edumind.json_parser  | WARNING  | json_parser.py:43 | Empty input string
2026-01-20 13:35:56 | edumind.json_parser  | DEBUG    | json_parser.py:54 | Parsed JSON using direct parse
2026-01-20 13:35:56 | edumind.json_parser  | INFO     | json_parser.py:276 | Extracted concept map with 3 nodes and 1 edges
2026-01-20 13:35:56 | edumind.json_parser  | DEBUG    | json_parser.py:54 | Parsed JSON using direct parse
2026-01-20 13:35:56 | edumind.json_parser  | INFO     | json_parser.py:276 | Extracted concept map with 2 nodes and 0 edges
2026-01-20 13:35:56 | edumind.json_parser  | WARNING  | json_parser.py:43 | Empty input string
2026-01-20 13:35:56 | edumind.text_chunker | DEBUG    | text_chunker.py:69 | Text fits in single chunk (21 chars)
2026-01-20 13:35:56 | edumind.text_chunker | WARNING  | text_chunker.py:57 | Empty text provided for chunking
2026-01-20 13:35:56 | edumind.text_chunker | WARNING  | text_chunker.py:64 | Only whitespace provided for chunking
2026-01-20 13:35:56 | edumind.text_chunker | DEBUG    | text_chunker.py:95 | Created chunk 1: 199 chars
2026-01-20 13:35:56 | edumind.text_chunker | DEBUG    | text_chunker.py:95 | Created chunk 2: 199 chars
2026-01-20 13:35:56 | edumind.text_chunker | DEBUG    | text_chunker.py:95 | Created chunk 3: 199 chars
2026-01-20 13:35:56 | edumind.text_chunker | DEBUG    | text_chunker.py:95 | Created chunk 4: 199 chars
2026-01-20 13:35:56 | edumind.text_chunker | DEBUG    | text_chunker.py:95 | Created chunk 5: 199 chars
2026-01-20 13:35:56 | edumind.text_chunker | DEBUG    | text_chunker.py:95 | Created chunk 6: 199 chars
2026-01-20 13:35:56 | edumind.text_chunker | DEBUG    | text_chunker.py:95 | Created chunk 7: 199 chars
2026-01-20 13:35:56 | edumind.text_chunker | DEBUG    | text_chunker.py:95 | Created chunk 8: 199 chars
2026-01-20 13:35:56 | edumind.text_chunker | DEBUG    | text_chunker.py:95 | Created chunk 9: 199 chars
2026-01-20 13:35:56 | edumind.text_chunker | INFO     | text_chunker.py:103 | Split text into 9 chunks (avg: 199 chars)
2026-01-20 13:35:56 | edumind.text_chunker | DEBUG    | text_chunker.py:95 | Created chunk 1: 32 chars
2026-01-20 13:35:56 | edumind.text_chunker | DEBUG    | text_chunker.py:95 | Created chunk 2: 31 chars
2026-01-20 13:35:56 | edumind.text_chunker | DEBUG    | text_chunker.py:95 | Created chunk 3: 30 chars
2026-01-20 13:35:56 | edumind.text_chunker | DEBUG    | text_chunker.py:95 | Created chunk 4: 29 chars
2026-01-20 13:35:56 | edumind.text_chunker | DEBUG    | text_chunker.py:95 | Created chunk 5: 28 chars
2026-01-20 13:35:56 | edumind.text_chunker | DEBUG    | text_chunker.py:95 | Created chunk 6: 26 chars
2026-01-20 13:35:56 | edumind.text_chunker | DEBUG    | text_chunker.py:95 | Created chunk 7: 26 chars
2026-01-20 13:35:56 | edumind.text_chunker | DEBUG    | text_chunker.py:95 | Created chunk 8: 25 chars
2026-01-20 13:35:56 | edumind.text_chunker | DEBUG    | text_chunker.py:95 | Created chunk 9: 24 chars
2026-01-20 13:35:56 | edumind.text_chunker | DEBUG    | text_chunker.py:95 | Created chunk 10: 39 chars
2026-01-20 13:35:56 | edumind.text_chunker | DEBUG    | text_chunker.py:95 | Created chunk 11: 38 chars
2026-01-20 13:35:56 | edumind.text_chunker | DEBUG    | text_chunker.py:95 | Created chunk 12: 37 chars
2026-01-20 13:35:56 | edumind.text_chunker | DEBUG    | text_chunker.py:95 | Created chunk 13: 36 chars
2026-01-20 13:35:56 | edumind.text_chunker | DEBUG    | text_chunker.py:95 | Created chunk 14: 35 chars
2026-01-20 13:35:56 | edumind.text_chunker | DEBUG    | text_chunker.py:95 | Created chunk 15: 34 chars
2026-01-20 13:35:56 | edumind.text_chunker | DEBUG    | text_chunker.py:95 | Created chunk 16: 32 chars
2026-01-20 13:35:56 | edumind.text_chunker | DEBUG    | text_chunker.py:95 | Created chunk 17: 32 chars
2026-01-20 13:35:56 | edumind.text_chunker | DEBUG    | text_chunker.py:95 | Created chunk 18: 31 chars
2026-01-20 13:35:56 | edumind.text_chunker | DEBUG    | text_chunker.py:95 | Created chunk 19: 30 chars
2026-01-20 13:35:56 | edumind.text_chunker | DEBUG    | text_chunker.py:95 | Created chunk 20: 29 chars
2026-01-20 13:35:56 | edumind.text_chunker | DEBUG    | text_chunker.py:95 | Created chunk 21: 28 chars
2026-01-20 13:35:56 | edumind.text_chunker | DEBUG    | text_chunker.py:95 | Created chunk 22: 27 chars
2026-01-20 13:35:56 | edumind.text_chunker | DEBUG    | text_chunker.py:95 | Created chunk 23: 25 chars
2026-01-20 13:35:56 | edumind.text_chunker | DEBUG    | text_chunker.py:95 | Created chunk 24: 25 chars
2026-01-20 13:35:56 | edumind.text_chunker | DEBUG    | text_chunker.py:95 | Created chunk 25: 24 chars
2026-01-20 13:35:56 | edumind.text_chunker | DEBUG    | text_chunker.py:95 | Created chunk 26: 40 chars
2026-01-20 13:35:56 | edumind.text_chunker | INFO     | text_chunker.py:103 | Split text into 26 chunks (avg: 30 chars)
2026-01-20 13:35:56 | edumind.text_chunker | DEBUG    | text_chunker.py:95 | Created chunk 1: 27 chars
2026-01-20 13:35:56 | edumind.text_chunker | DEBUG    | text_chunker.py:95 | Created chunk 2: 26 chars
2026-01-20 13:35:56 | edumind.text_chunker | DEBUG    | text_chunker.py:95 | Created chunk 3: 25 chars
2026-01-20 13:35:56 | edumind.text_chunker | DEBUG    | text_chunker.py:95 | Created chunk 4: 24 chars
2026-01-20 13:35:56 | edumind.text_chunker | DEBUG    | text_chunker.py:95 | Created chunk 5: 43 chars
2026-01-20 13:35:56 | edumind.text_chunker | DEBUG    | text_chunker.py:95 | Created chunk 6: 42 chars
2026-01-20 13:35:56 | edumind.text_chunker | DEBUG    | text_chunker.py:95 | Created chunk 7: 41 chars
2026-01-20 13:35:56 | edumind.text_chunker | DEBUG    | text_chunker.py:95 | Created chunk 8: 49 chars
2026-01-20 13:35:56 | edumind.text_chunker | DEBUG    | text_chunker.py:95 | Created chunk 9: 48 chars
2026-01-20 13:35:56 | edumind.text_chunker | DEBUG    | text_chunker.py:95 | Created chunk 10: 46 chars
2026-01-20 13:35:56 | edumind.text_chunker | DEBUG    | text_chunker.py:95 | Created chunk 11: 46 chars
2026-01-20 13:35:56 | edumind.text_chunker | DEBUG    | text_chunker.py:95 | Created chunk 12: 45 chars
2026-01-20 13:35:56 | edumind.text_chunker | DEBUG    | text_chunker.py:95 | Created chunk 13: 44 chars
2026-01-20 13:35:56 | edumind.text_chunker | DEBUG    | text_chunker.py:95 | Created chunk 14: 42 chars
2026-01-20 13:35:56 | edumind.text_chunker | DEBUG    | text_chunker.py:95 | Created chunk 15: 42 chars
2026-01-20 13:35:56 | edumind.text_chunker | DEBUG    | text_chunker.py:95 | Created chunk 16: 41 chars
2026-01-20 13:35:56 | edumind.text_chunker | DEBUG    | text_chunker.py:95 | Created chunk 17: 40 chars
2026-01-20 13:35:56 | edumind.text_chunker | DEBUG    | text_chunker.py:95 | Created chunk 18: 39 chars
2026-01-20 13:35:56 | edumind.text_chunker | DEBUG    | text_chunker.py:95 | Created chunk 19: 37 chars
2026-01-20 13:35:56 | edumind.text_chunker | DEBUG    | text_chunker.py:95 | Created chunk 20: 37 chars
2026-01-20 13:35:56 | edumind.text_chunker | DEBUG    | text_chunker.py:95 | Created chunk 21: 36 chars
2026-01-20 13:35:56 | edumind.text_chunker | DEBUG    | text_chunker.py:95 | Created chunk 22: 35 chars
2026-01-20 13:35:56 | edumind.text_chunker | DEBUG    | text_chunker.py:95 | Created chunk 23: 34 chars
2026-01-20 13:35:56 | edumind.text_chunker | DEBUG    | text_chunker.py:95 | Created chunk 24: 33 chars
2026-01-20 13:35:56 | edumind.text_chunker | DEBUG    | text_chunker.py:95 | Created chunk 25: 50 chars
2026-01-20 13:35:56 | edumind.text_chunker | INFO     | text_chunker.py:103 | Split text into 25 chunks (avg: 38 chars)
2026-01-20 13:35:56 | edumind.text_chunker | DEBUG    | text_chunker.py:95 | Created chunk 1: 49 chars
2026-01-20 13:35:56 | edumind.text_chunker | DEBUG    | text_chunker.py:95 | Created chunk 2: 48 chars
2026-01-20 13:35:56 | edumind.text_chunker | DEBUG    | text_chunker.py:95 | Created chunk 3: 47 chars
2026-01-20 13:35:56 | edumind.text_chunker | DEBUG    | text_chunker.py:95 | Created chunk 4: 46 chars
2026-01-20 13:35:56 | edumind.text_chunker | DEBUG    | text_chunker.py:95 | Created chunk 5: 44 chars
2026-01-20 13:35:56 | edumind.text_chunker | DEBUG    | text_chunker.py:95 | Created chunk 6: 49 chars
2026-01-20 13:35:56 | edumind.text_chunker | DEBUG    | text_chunker.py:95 | Created chunk 7: 48 chars
2026-01-20 13:35:56 | edumind.text_chunker | DEBUG    | text_chunker.py:95 | Created chunk 8: 47 chars
2026-01-20 13:35:56 | edumind.text_chunker | DEBUG    | text_chunker.py:95 | Created chunk 9: 46 chars
2026-01-20 13:35:56 | edumind.text_chunker | DEBUG    | text_chunker.py:95 | Created chunk 10: 44 chars
2026-01-20 13:35:56 | edumind.text_chunker | DEBUG    | text_chunker.py:95 | Created chunk 11: 49 chars
2026-01-20 13:35:56 | edumind.text_chunker | DEBUG    | text_chunker.py:95 | Created chunk 12: 48 chars
2026-01-20 13:35:56 | edumind.text_chunker | DEBUG    | text_chunker.py:95 | Created chunk 13: 47 chars
2026-01-20 13:35:56 | edumind.text_chunker | DEBUG    | text_chunker.py:95 | Created chunk 14: 46 chars
2026-01-20 13:35:56 | edumind.text_chunker | DEBUG    | text_chunker.py:95 | Created chunk 15: 44 chars
2026-01-20 13:35:56 | edumind.text_chunker | DEBUG    | text_chunker.py:95 | Created chunk 16: 49 chars
2026-01-20 13:35:56 | edumind.text_chunker | DEBUG    | text_chunker.py:95 | Created chunk 17: 48 chars
2026-01-20 13:35:56 | edumind.text_chunker | DEBUG    | text_chunker.py:95 | Created chunk 18: 47 chars
2026-01-20 13:35:56 | edumind.text_chunker | DEBUG    | text_chunker.py:95 | Created chunk 19: 46 chars
2026-01-20 13:35:56 | edumind.text_chunker | DEBUG    | text_chunker.py:95 | Created chunk 20: 44 chars
2026-01-20 13:35:56 | edumind.text_chunker | DEBUG    | text_chunker.py:95 | Created chunk 21: 49 chars
2026-01-20 13:35:56 | edumind.text_chunker | DEBUG    | text_chunker.py:95 | Created chunk 22: 48 chars
2026-01-20 13:35:56 | edumind.text_chunker | DEBUG    | text_chunker.py:95 | Created chunk 23: 47 chars
2026-01-20 13:35:56 | edumind.text_chunker | DEBUG    | text_chunker.py:95 | Created chunk 24: 46 chars
2026-01-20 13:35:56 | edumind.text_chunker | DEBUG    | text_chunker.py:95 | Created chunk 25: 44 chars
2026-01-20 13:35:56 | edumind.text_chunker | DEBUG    | text_chunker.py:95 | Created chunk 26: 49 chars
2026-01-20 13:35:56 | edumind.text_chunker | DEBUG    | text_chunker.py:95 | Created chunk 27: 48 chars
2026-01-20 13:35:56 | edumind.text_chunker | DEBUG    | text_chunker.py:95 | Created chunk 28: 47 chars
2026-01-20 13:35:56 | edumind.text_chunker | DEBUG    | text_chunker.py:95 | Created chunk 29: 46 chars
2026-01-20 13:35:56 | edumind.text_chunker | DEBUG    | text_chunker.py:95 | Created chunk 30: 44 chars
2026-01-20 13:35:56 | edumind.text_chunker | DEBUG    | text_chunker.py:95 | Created chunk 31: 49 chars
2026-01-20 13:35:56 | edumind.text_chunker | DEBUG    | text_chunker.py:95 | Created chunk 32: 48 chars
2026-01-20 13:35:56 | edumind.text_chunker | DEBUG    | text_chunker.py:95 | Created chunk 33: 47 chars
2026-01-20 13:35:56 | edumind.text_chunker | DEBUG    | text_chunker.py:95 | Created chunk 34: 46 chars
2026-01-20 13:35:56 | edumind.text_chunker | DEBUG    | text_chunker.py:95 | Created chunk 35: 44 chars
2026-01-20 13:35:56 | edumind.text_chunker | DEBUG    | text_chunker.py:95 | Created chunk 36: 49 chars
2026-01-20 13:35:56 | edumind.text_chunker | DEBUG    | text_chunker.py:95 | Created chunk 37: 48 chars
2026-01-20 13:35:56 | edumind.text_chunker | DEBUG    | text_chunker.py:95 | Created chunk 38: 47 chars
2026-01-20 13:35:56 | edumind.text_chunker | DEBUG    | text_chunker.py:95 | Created chunk 39: 46 chars
2026-01-20 13:35:56 | edumind.text_chunker | DEBUG    | text_chunker.py:95 | Created chunk 40: 44 chars
2026-01-20 13:35:56 | edumind.text_chunker | DEBUG    | text_chunker.py:95 | Created chunk 41: 49 chars
2026-01-20 13:35:56 | edumind.text_chunker | DEBUG    | text_chunker.py:95 | Created chunk 42: 48 chars
2026-01-20 13:35:56 | edumind.text_chunker | DEBUG    | text_chunker.py:95 | Created chunk 43: 47 chars
2026-01-20 13:35:56 | edumind.text_chunker | DEBUG    | text_chunker.py:95 | Created chunk 44: 46 chars
2026-01-20 13:35:56 | edumind.text_chunker | DEBUG    | text_chunker.py:95 | Created chunk 45: 44 chars
2026-01-20 13:35:56 | edumind.text_chunker | DEBUG    | text_chunker.py:95 | Created chunk 46: 49 chars
2026-01-20 13:35:56 | edumind.text_chunker | DEBUG    | text_chunker.py:95 | Created chunk 47: 48 chars
2026-01-20 13:35:56 | edumind.text_chunker | DEBUG    | text_chunker.py:95 | Created chunk 48: 47 chars
2026-01-20 13:35:56 | edumind.text_chunker | DEBUG    | text_chunker.py:95 | Created chunk 49: 46 chars
2026-01-20 13:35:56 | edumind.text_chunker | DEBUG    | text_chunker.py:95 | Created chunk 50: 44 chars
2026-01-20 13:35:56 | edumind.text_chunker | DEBUG    | text_chunker.py:95 | Created chunk 51: 49 chars
2026-01-20 13:35:56 | edumind.text_chunker | DEBUG    | text_chunker.py:95 | Created chunk 52: 48 chars
2026-01-20 13:35:56 | edumind.text_chunker | DEBUG    | text_chunker.py:95 | Created chunk 53: 47 chars
2026-01-20 13:35:56 | edumind.text_chunker | DEBUG    | text_chunker.py:95 | Created chunk 54: 46 chars
2026-01-20 13:35:56 | edumind.text_chunker | DEBUG    | text_chunker.py:95 | Created chunk 55: 44 chars
2026-01-20 13:35:56 | edumind.text_chunker | DEBUG    | text_chunker.py:95 | Created chunk 56: 49 chars
2026-01-20 13:35:56 | edumind.text_chunker | DEBUG    | text_chunker.py:95 | Created chunk 57: 48 chars
2026-01-20 13:35:56 | edumind.text_chunker | DEBUG    | text_chunker.py:95 | Created chunk 58: 47 chars
2026-01-20 13:35:56 | edumind.text_chunker | DEBUG    | text_chunker.py:95 | Created chunk 59: 46 chars
2026-01-20 13:35:56 | edumind.text_chunker | DEBUG    | text_chunker.py:95 | Created chunk 60: 44 chars
2026-01-20 13:35:56 | edumind.text_chunker | DEBUG    | text_chunker.py:95 | Created chunk 61: 49 chars
2026-01-20 13:35:56 | edumind.text_chunker | DEBUG    | text_chunker.py:95 | Created chunk 62: 48 chars
2026-01-20 13:35:56 | edumind.text_chunker | DEBUG    | text_chunker.py:95 | Created chunk 63: 47 chars
2026-01-20 13:35:56 | edumind.text_chunker | DEBUG    | text_chunker.py:95 | Created chunk 64: 46 chars
2026-01-20 13:35:56 | edumind.text_chunker | DEBUG    | text_chunker.py:95 | Created chunk 65: 44 chars
2026-01-20 13:35:56 | edumind.text_chunker | DEBUG    | text_chunker.py:95 | Created chunk 66: 49 chars
2026-01-20 13:35:56 | edumind.text_chunker | DEBUG    | text_chunker.py:95 | Created chunk 67: 48 chars
2026-01-20 13:35:56 | edumind.text_chunker | DEBUG    | text_chunker.py:95 | Created chunk 68: 47 chars
2026-01-20 13:35:56 | edumind.text_chunker | DEBUG    | text_chunker.py:95 | Created chunk 69: 46 chars
2026-01-20 13:35:56 | edumind.text_chunker | DEBUG    | text_chunker.py:95 | Created chunk 70: 44 chars
2026-01-20 13:35:56 | edumind.text_chunker | DEBUG    | text_chunker.py:95 | Created chunk 71: 49 chars
2026-01-20 13:35:56 | edumind.text_chunker | DEBUG    | text_chunker.py:95 | Created chunk 72: 48 chars
2026-01-20 13:35:56 | edumind.text_chunker | DEBUG    | text_chunker.py:95 | Created chunk 73: 47 chars
2026-01-20 13:35:56 | edumind.text_chunker | DEBUG    | text_chunker.py:95 | Created chunk 74: 46 chars
2026-01-20 13:35:56 | edumind.text_chunker | DEBUG    | text_chunker.py:95 | Created chunk 75: 44 chars
2026-01-20 13:35:56 | edumind.text_chunker | DEBUG    | text_chunker.py:95 | Created chunk 76: 49 chars
2026-01-20 13:35:56 | edumind.text_chunker | DEBUG    | text_chunker.py:95 | Created chunk 77: 48 chars
2026-01-20 13:35:56 | edumind.text_chunker | DEBUG    | text_chunker.py:95 | Created chunk 78: 47 chars
2026-01-20 13:35:56 | edumind.text_chunker | DEBUG    | text_chunker.py:95 | Created chunk 79: 46 chars
2026-01-20 13:35:56 | edumind.text_chunker | DEBUG    | text_chunker.py:95 | Created chunk 80: 44 chars
2026-01-20 13:35:56 | edumind.text_chunker | DEBUG    | text_chunker.py:95 | Created chunk 81: 49 chars
2026-01-20 13:35:56 | edumind.text_chunker | DEBUG    | text_chunker.py:95 | Created chunk 82: 48 chars
2026-01-20 13:35:56 | edumind.text_chunker | DEBUG    | text_chunker.py:95 | Created chunk 83: 47 chars
2026-01-20 13:35:56 | edumind.text_chunker | DEBUG    | text_chunker.py:95 | Created chunk 84: 46 chars
2026-01-20 13:35:56 | edumind.text_chunker | DEBUG    | text_chunker.py:95 | Created chunk 85: 44 chars
2026-01-20 13:35:56 | edumind.text_chunker | DEBUG    | text_chunker.py:95 | Created chunk 86: 49 chars
2026-01-20 13:35:56 | edumind.text_chunker | DEBUG    | text_chunker.py:95 | Created chunk 87: 48 chars
2026-01-20 13:35:56 | edumind.text_chunker | DEBUG    | text_chunker.py:95 | Created chunk 88: 47 chars
2026-01-20 13:35:56 | edumind.text_chunker | DEBUG    | text_chunker.py:95 | Created chunk 89: 46 chars
2026-01-20 13:35:56 | edumind.text_chunker | DEBUG    | text_chunker.py:95 | Created chunk 90: 44 chars
2026-01-20 13:35:56 | edumind.text_chunker | DEBUG    | text_chunker.py:95 | Created chunk 91: 49 chars
2026-01-20 13:35:56 | edumind.text_chunker | DEBUG    | text_chunker.py:95 | Created chunk 92: 48 chars
2026-01-20 13:35:56 | edumind.text_chunker | DEBUG    | text_chunker.py:95 | Created chunk 93: 47 chars
2026-01-20 13:35:56 | edumind.text_chunker | DEBUG    | text_chunker.py:95 | Created chunk 94: 46 chars
2026-01-20 13:35:56 | edumind.text_chunker | DEBUG    | text_chunker.py:95 | Created chunk 95: 44 chars
2026-01-20 13:35:56 | edumind.text_chunker | DEBUG    | text_chunker.py:95 | Created chunk 96: 49 chars
2026-01-20 13:35:56 | edumind.text_chunker | DEBUG    | text_chunker.py:95 | Created chunk 97: 48 chars
2026-01-20 13:35:56 | edumind.text_chunker | DEBUG    | text_chunker.py:95 | Created chunk 98: 47 chars
2026-01-20 13:35:56 | edumind.text_chunker | DEBUG    | text_chunker.py:95 | Created chunk 99: 46 chars
2026-01-20 13:35:56 | edumind.text_chunker | DEBUG    | text_chunker.py:95 | Created chunk 100: 44 chars
2026-01-20 13:35:56 | edumind.text_chunker | DEBUG    | text_chunker.py:95 | Created chunk 101: 49 chars
2026-01-20 13:35:56 | edumind.text_chunker | DEBUG    | text_chunker.py:95 | Created chunk 102: 48 chars
2026-01-20 13:35:56 | edumind.text_chunker | DEBUG    | text_chunker.py:95 | Created chunk 103: 47 chars
2026-01-20 13:35:56 | edumind.text_chunker | DEBUG    | text_chunker.py:95 | Created chunk 104: 46 chars
2026-01-20 13:35:56 | edumind.text_chunker | DEBUG    | text_chunker.py:95 | Created chunk 105: 44 chars
2026-01-20 13:35:56 | edumind.text_chunker | DEBUG    | text_chunker.py:95 | Created chunk 106: 49 chars
2026-01-20 13:35:56 | edumind.text_chunker | DEBUG    | text_chunker.py:95 | Created chunk 107: 48 chars
2026-01-20 13:35:56 | edumind.text_chunker | DEBUG    | text_chunker.py:95 | Created chunk 108: 47 chars
2026-01-20 13:35:56 | edumind.text_chunker | DEBUG    | text_chunker.py:95 | Created chunk 109: 46 chars
2026-01-20 13:35:56 | edumind.text_chunker | DEBUG    | text_chunker.py:95 | Created chunk 110: 44 chars
2026-01-20 13:35:56 | edumind.text_chunker | DEBUG    | text_chunker.py:95 | Created chunk 111: 49 chars
2026-01-20 13:35:56 | edumind.text_chunker | DEBUG    | text_chunker.py:95 | Created chunk 112: 48 chars
2026-01-20 13:35:56 | edumind.text_chunker | DEBUG    | text_chunker.py:95 | Created chunk 113: 47 chars
2026-01-20 13:35:56 | edumind.text_chunker | DEBUG    | text_chunker.py:95 | Created chunk 114: 46 chars
2026-01-20 13:35:56 | edumind.text_chunker | DEBUG    | text_chunker.py:95 | Created chunk 115: 44 chars
2026-01-20 13:35:56 | edumind.text_chunker | DEBUG    | text_chunker.py:95 | Created chunk 116: 49 chars
2026-01-20 13:35:56 | edumind.text_chunker | DEBUG    | text_chunker.py:95 | Created chunk 117: 48 chars
2026-01-20 13:35:56 | edumind.text_chunker | DEBUG    | text_chunker.py:95 | Created chunk 118: 47 chars
2026-01-20 13:35:56 | edumind.text_chunker | DEBUG    | text_chunker.py:95 | Created chunk 119: 46 chars
2026-01-20 13:35:56 | edumind.text_chunker | DEBUG    | text_chunker.py:95 | Created chunk 120: 44 chars
2026-01-20 13:35:56 | edumind.text_chunker | DEBUG    | text_chunker.py:95 | Created chunk 121: 49 chars
2026-01-20 13:35:56 | edumind.text_chunker | DEBUG    | text_chunker.py:95 | Created chunk 122: 48 chars
2026-01-20 13:35:56 | edumind.text_chunker | DEBUG    | text_chunker.py:95 | Created chunk 123: 47 chars
2026-01-20 13:35:56 | edumind.text_chunker | DEBUG    | text_chunker.py:95 | Created chunk 124: 46 chars
2026-01-20 13:35:56 | edumind.text_chunker | DEBUG    | text_chunker.py:95 | Created chunk 125: 44 chars
2026-01-20 13:35:56 | edumind.text_chunker | DEBUG    | text_chunker.py:95 | Created chunk 126: 49 chars
2026-01-20 13:35:56 | edumind.text_chunker | DEBUG    | text_chunker.py:95 | Created chunk 127: 48 chars
2026-01-20 13:35:56 | edumind.text_chunker | DEBUG    | text_chunker.py:95 | Created chunk 128: 47 chars
2026-01-20 13:35:56 | edumind.text_chunker | DEBUG    | text_chunker.py:95 | Created chunk 129: 46 chars
2026-01-20 13:35:56 | edumind.text_chunker | DEBUG    | text_chunker.py:95 | Created chunk 130: 44 chars
2026-01-20 13:35:56 | edumind.text_chunker | DEBUG    | text_chunker.py:95 | Created chunk 131: 49 chars
2026-01-20 13:35:56 | edumind.text_chunker | DEBUG    | text_chunker.py:95 | Created chunk 132: 48 chars
2026-01-20 13:35:56 | edumind.text_chunker | DEBUG    | text_chunker.py:95 | Created chunk 133: 47 chars
2026-01-20 13:35:56 | edumind.text_chunker | DEBUG    | text_chunker.py:95 | Created chunk 134: 46 chars
2026-01-20 13:35:56 | edumind.text_chunker | DEBUG    | text_chunker.py:95 | Created chunk 135: 44 chars
2026-01-20 13:35:56 | edumind.text_chunker | DEBUG    | text_chunker.py:95 | Created chunk 136: 49 chars
2026-01-20 13:35:56 | edumind.text_chunker | DEBUG    | text_chunker.py:95 | Created chunk 137: 48 chars
2026-01-20 13:35:56 | edumind.text_chunker | DEBUG    | text_chunker.py:95 | Created chunk 138: 47 chars
2026-01-20 13:35:56 | edumind.text_chunker | DEBUG    | text_chunker.py:95 | Created chunk 139: 46 chars
2026-01-20 13:35:56 | edumind.text_chunker | DEBUG    | text_chunker.py:95 | Created chunk 140: 44 chars
2026-01-20 13:35:56 | edumind.text_chunker | DEBUG    | text_chunker.py:95 | Created chunk 141: 49 chars
2026-01-20 13:35:56 | edumind.text_chunker | DEBUG    | text_chunker.py:95 | Created chunk 142: 48 chars
2026-01-20 13:35:56 | edumind.text_chunker | DEBUG    | text_chunker.py:95 | Created chunk 143: 47 chars
2026-01-20 13:35:56 | edumind.text_chunker | DEBUG    | text_chunker.py:95 | Created chunk 144: 46 chars
2026-01-20 13:35:56 | edumind.text_chunker | DEBUG    | text_chunker.py:95 | Created chunk 145: 44 chars
2026-01-20 13:35:56 | edumind.text_chunker | DEBUG    | text_chunker.py:95 | Created chunk 146: 49 chars
2026-01-20 13:35:56 | edumind.text_chunker | DEBUG    | text_chunker.py:95 | Created chunk 147: 48 chars
2026-01-20 13:35:56 | edumind.text_chunker | DEBUG    | text_chunker.py:95 | Created chunk 148: 47 chars
2026-01-20 13:35:56 | edumind.text_chunker | DEBUG    | text_chunker.py:95 | Created chunk 149: 46 chars
2026-01-20 13:35:56 | edumind.text_chunker | DEBUG    | text_chunker.py:95 | Created chunk 150: 44 chars
2026-01-20 13:35:56 | edumind.text_chunker | DEBUG    | text_chunker.py:95 | Created chunk 151: 49 chars
2026-01-20 13:35:56 | edumind.text_chunker | DEBUG    | text_chunker.py:95 | Created chunk 152: 48 chars
2026-01-20 13:35:56 | edumind.text_chunker | DEBUG    | text_chunker.py:95 | Created chunk 153: 47 chars
2026-01-20 13:35:56 | edumind.text_chunker | DEBUG    | text_chunker.py:95 | Created chunk 154: 46 chars
2026-01-20 13:35:56 | edumind.text_chunker | DEBUG    | text_chunker.py:95 | Created chunk 155: 44 chars
2026-01-20 13:35:56 | edumind.text_chunker | DEBUG    | text_chunker.py:95 | Created chunk 156: 49 chars
2026-01-20 13:35:56 | edumind.text_chunker | DEBUG    | text_chunker.py:95 | Created chunk 157: 48 chars
2026-01-20 13:35:56 | edumind.text_chunker | DEBUG    | text_chunker.py:95 | Created chunk 158: 47 chars
2026-01-20 13:35:56 | edumind.text_chunker | DEBUG    | text_chunker.py:95 | Created chunk 159: 46 chars
2026-01-20 13:35:56 | edumind.text_chunker | DEBUG    | text_chunker.py:95 | Created chunk 160: 44 chars
2026-01-20 13:35:56 | edumind.text_chunker | DEBUG    | text_chunker.py:95 | Created chunk 161: 49 chars
2026-01-20 13:35:56 | edumind.text_chunker | DEBUG    | text_chunker.py:95 | Created chunk 162: 48 chars
2026-01-20 13:35:56 | edumind.text_chunker | DEBUG    | text_chunker.py:95 | Created chunk 163: 47 chars
2026-01-20 13:35:56 | edumind.text_chunker | DEBUG    | text_chunker.py:95 | Created chunk 164: 46 chars
2026-01-20 13:35:56 | edumind.text_chunker | DEBUG    | text_chunker.py:95 | Created chunk 165: 44 chars
2026-01-20 13:35:56 | edumind.text_chunker | DEBUG    | text_chunker.py:95 | Created chunk 166: 49 chars
2026-01-20 13:35:56 | edumind.text_chunker | DEBUG    | text_chunker.py:95 | Created chunk 167: 48 chars
2026-01-20 13:35:56 | edumind.text_chunker | DEBUG    | text_chunker.py:95 | Created chunk 168: 47 chars
2026-01-20 13:35:56 | edumind.text_chunker | DEBUG    | text_chunker.py:95 | Created chunk 169: 46 chars
2026-01-20 13:35:56 | edumind.text_chunker | DEBUG    | text_chunker.py:95 | Created chunk 170: 44 chars
2026-01-20 13:35:56 | edumind.text_chunker | DEBUG    | text_chunker.py:95 | Created chunk 171: 49 chars
2026-01-20 13:35:56 | edumind.text_chunker | DEBUG    | text_chunker.py:95 | Created chunk 172: 48 chars
2026-01-20 13:35:56 | edumind.text_chunker | DEBUG    | text_chunker.py:95 | Created chunk 173: 47 chars
2026-01-20 13:35:56 | edumind.text_chunker | DEBUG    | text_chunker.py:95 | Created chunk 174: 46 chars
2026-01-20 13:35:56 | edumind.text_chunker | DEBUG    | text_chunker.py:95 | Created chunk 175: 44 chars
2026-01-20 13:35:56 | edumind.text_chunker | DEBUG    | text_chunker.py:95 | Created chunk 176: 49 chars
2026-01-20 13:35:56 | edumind.text_chunker | DEBUG    | text_chunker.py:95 | Created chunk 177: 48 chars
2026-01-20 13:35:56 | edumind.text_chunker | DEBUG    | text_chunker.py:95 | Created chunk 178: 47 chars
2026-01-20 13:35:56 | edumind.text_chunker | DEBUG    | text_chunker.py:95 | Created chunk 179: 46 chars
2026-01-20 13:35:56 | edumind.text_chunker | DEBUG    | text_chunker.py:95 | Created chunk 180: 44 chars
2026-01-20 13:35:56 | edumind.text_chunker | DEBUG    | text_chunker.py:95 | Created chunk 181: 49 chars
2026-01-20 13:35:56 | edumind.text_chunker | DEBUG    | text_chunker.py:95 | Created chunk 182: 48 chars
2026-01-20 13:35:56 | edumind.text_chunker | DEBUG    | text_chunker.py:95 | Created chunk 183: 47 chars
2026-01-20 13:35:56 | edumind.text_chunker | DEBUG    | text_chunker.py:95 | Created chunk 184: 46 chars
2026-01-20 13:35:56 | edumind.text_chunker | DEBUG    | text_chunker.py:95 | Created chunk 185: 44 chars
2026-01-20 13:35:56 | edumind.text_chunker | DEBUG    | text_chunker.py:95 | Created chunk 186: 49 chars
2026-01-20 13:35:56 | edumind.text_chunker | DEBUG    | text_chunker.py:95 | Created chunk 187: 48 chars
2026-01-20 13:35:56 | edumind.text_chunker | DEBUG    | text_chunker.py:95 | Created chunk 188: 47 chars
2026-01-20 13:35:56 | edumind.text_chunker | DEBUG    | text_chunker.py:95 | Created chunk 189: 46 chars
2026-01-20 13:35:56 | edumind.text_chunker | DEBUG    | text_chunker.py:95 | Created chunk 190: 44 chars
2026-01-20 13:35:56 | edumind.text_chunker | DEBUG    | text_chunker.py:95 | Created chunk 191: 49 chars
2026-01-20 13:35:56 | edumind.text_chunker | DEBUG    | text_chunker.py:95 | Created chunk 192: 48 chars
2026-01-20 13:35:56 | edumind.text_chunker | DEBUG    | text_chunker.py:95 | Created chunk 193: 47 chars
2026-01-20 13:35:56 | edumind.text_chunker | DEBUG    | text_chunker.py:95 | Created chunk 194: 46 chars
2026-01-20 13:35:56 | edumind.text_chunker | DEBUG    | text_chunker.py:95 | Created chunk 195: 44 chars
2026-01-20 13:35:56 | edumind.text_chunker | DEBUG    | text_chunker.py:95 | Created chunk 196: 49 chars
2026-01-20 13:35:56 | edumind.text_chunker | DEBUG    | text_chunker.py:95 | Created chunk 197: 48 chars
2026-01-20 13:35:56 | edumind.text_chunker | DEBUG    | text_chunker.py:95 | Created chunk 198: 47 chars
2026-01-20 13:35:56 | edumind.text_chunker | DEBUG    | text_chunker.py:95 | Created chunk 199: 46 chars
2026-01-20 13:35:56 | edumind.text_chunker | DEBUG    | text_chunker.py:95 | Created chunk 200: 44 chars
2026-01-20 13:35:56 | edumind.text_chunker | DEBUG    | text_chunker.py:95 | Created chunk 201: 49 chars
2026-01-20 13:35:56 | edumind.text_chunker | DEBUG    | text_chunker.py:95 | Created chunk 202: 48 chars
2026-01-20 13:35:56 | edumind.text_chunker | DEBUG    | text_chunker.py:95 | Created chunk 203: 47 chars
2026-01-20 13:35:56 | edumind.text_chunker | DEBUG    | text_chunker.py:95 | Created chunk 204: 46 chars
2026-01-20 13:35:56 | edumind.text_chunker | DEBUG    | text_chunker.py:95 | Created chunk 205: 44 chars
2026-01-20 13:35:56 | edumind.text_chunker | DEBUG    | text_chunker.py:95 | Created chunk 206: 49 chars
2026-01-20 13:35:56 | edumind.text_chunker | DEBUG    | text_chunker.py:95 | Created chunk 207: 48 chars
2026-01-20 13:35:56 | edumind.text_chunker | DEBUG    | text_chunker.py:95 | Created chunk 208: 47 chars
2026-01-20 13:35:56 | edumind.text_chunker | DEBUG    | text_chunker.py:95 | Created chunk 209: 46 chars
2026-01-20 13:35:56 | edumind.text_chunker | DEBUG    | text_chunker.py:95 | Created chunk 210: 44 chars
2026-01-20 13:35:56 | edumind.text_chunker | DEBUG    | text_chunker.py:95 | Created chunk 211: 49 chars
2026-01-20 13:35:56 | edumind.text_chunker | DEBUG    | text_chunker.py:95 | Created chunk 212: 48 chars
2026-01-20 13:35:56 | edumind.text_chunker | DEBUG    | text_chunker.py:95 | Created chunk 213: 47 chars
2026-01-20 13:35:56 | edumind.text_chunker | DEBUG    | text_chunker.py:95 | Created chunk 214: 46 chars
2026-01-20 13:35:56 | edumind.text_chunker | DEBUG    | text_chunker.py:95 | Created chunk 215: 44 chars
2026-01-20 13:35:56 | edumind.text_chunker | DEBUG    | text_chunker.py:95 | Created chunk 216: 49 chars
2026-01-20 13:35:56 | edumind.text_chunker | DEBUG    | text_chunker.py:95 | Created chunk 217: 48 chars
2026-01-20 13:35:56 | edumind.text_chunker | DEBUG    | text_chunker.py:95 | Created chunk 218: 47 chars
2026-01-20 13:35:56 | edumind.text_chunker | DEBUG    | text_chunker.py:95 | Created chunk 219: 46 chars
2026-01-20 13:35:56 | edumind.text_chunker | DEBUG    | text_chunker.py:95 | Created chunk 220: 44 chars
2026-01-20 13:35:56 | edumind.text_chunker | DEBUG    | text_chunker.py:95 | Created chunk 221: 49 chars
2026-01-20 13:35:56 | edumind.text_chunker | DEBUG    | text_chunker.py:95 | Created chunk 222: 48 chars
2026-01-20 13:35:56 | edumind.text_chunker | DEBUG    | text_chunker.py:95 | Created chunk 223: 47 chars
2026-01-20 13:35:56 | edumind.text_chunker | DEBUG    | text_chunker.py:95 | Created chunk 224: 46 chars
2026-01-20 13:35:56 | edumind.text_chunker | DEBUG    | text_chunker.py:95 | Created chunk 225: 44 chars
2026-01-20 13:35:56 | edumind.text_chunker | DEBUG    | text_chunker.py:95 | Created chunk 226: 49 chars
2026-01-20 13:35:56 | edumind.text_chunker | DEBUG    | text_chunker.py:95 | Created chunk 227: 48 chars
2026-01-20 13:35:56 | edumind.text_chunker | DEBUG    | text_chunker.py:95 | Created chunk 228: 47 chars
2026-01-20 13:35:56 | edumind.text_chunker | DEBUG    | text_chunker.py:95 | Created chunk 229: 46 chars
2026-01-20 13:35:56 | edumind.text_chunker | DEBUG    | text_chunker.py:95 | Created chunk 230: 44 chars
2026-01-20 13:35:56 | edumind.text_chunker | DEBUG    | text_chunker.py:95 | Created chunk 231: 49 chars
2026-01-20 13:35:56 | edumind.text_chunker | DEBUG    | text_chunker.py:95 | Created chunk 232: 48 chars
2026-01-20 13:35:56 | edumind.text_chunker | DEBUG    | text_chunker.py:95 | Created chunk 233: 47 chars
2026-01-20 13:35:56 | edumind.text_chunker | DEBUG    | text_chunker.py:95 | Created chunk 234: 46 chars
2026-01-20 13:35:56 | edumind.text_chunker | DEBUG    | text_chunker.py:95 | Created chunk 235: 44 chars
2026-01-20 13:35:56 | edumind.text_chunker | DEBUG    | text_chunker.py:95 | Created chunk 236: 49 chars
2026-01-20 13:35:56 | edumind.text_chunker | DEBUG    | text_chunker.py:95 | Created chunk 237: 48 chars
2026-01-20 13:35:56 | edumind.text_chunker | DEBUG    | text_chunker.py:95 | Created chunk 238: 47 chars
2026-01-20 13:35:56 | edumind.text_chunker | DEBUG    | text_chunker.py:95 | Created chunk 239: 46 chars
2026-01-20 13:35:56 | edumind.text_chunker | DEBUG    | text_chunker.py:95 | Created chunk 240: 44 chars
2026-01-20 13:35:56 | edumind.text_chunker | DEBUG    | text_chunker.py:95 | Created chunk 241: 49 chars
2026-01-20 13:35:56 | edumind.text_chunker | DEBUG    | text_chunker.py:95 | Created chunk 242: 48 chars
2026-01-20 13:35:56 | edumind.text_chunker | DEBUG    | text_chunker.py:95 | Created chunk 243: 47 chars
2026-01-20 13:35:56 | edumind.text_chunker | DEBUG    | text_chunker.py:95 | Created chunk 244: 46 chars
2026-01-20 13:35:56 | edumind.text_chunker | DEBUG    | text_chunker.py:95 | Created chunk 245: 44 chars
2026-01-20 13:35:56 | edumind.text_chunker | DEBUG    | text_chunker.py:95 | Created chunk 246: 49 chars
2026-01-20 13:35:56 | edumind.text_chunker | DEBUG    | text_chunker.py:95 | Created chunk 247: 48 chars
2026-01-20 13:35:56 | edumind.text_chunker | DEBUG    | text_chunker.py:95 | Created chunk 248: 47 chars
2026-01-20 13:35:56 | edumind.text_chunker | DEBUG    | text_chunker.py:95 | Created chunk 249: 46 chars
2026-01-20 13:35:56 | edumind.text_chunker | DEBUG    | text_chunker.py:95 | Created chunk 250: 44 chars
2026-01-20 13:35:56 | edumind.text_chunker | DEBUG    | text_chunker.py:95 | Created chunk 251: 49 chars
2026-01-20 13:35:56 | edumind.text_chunker | DEBUG    | text_chunker.py:95 | Created chunk 252: 48 chars
2026-01-20 13:35:56 | edumind.text_chunker | DEBUG    | text_chunker.py:95 | Created chunk 253: 47 chars
2026-01-20 13:35:56 | edumind.text_chunker | DEBUG    | text_chunker.py:95 | Created chunk 254: 46 chars
2026-01-20 13:35:56 | edumind.text_chunker | DEBUG    | text_chunker.py:95 | Created chunk 255: 44 chars
2026-01-20 13:35:56 | edumind.text_chunker | DEBUG    | text_chunker.py:95 | Created chunk 256: 49 chars
2026-01-20 13:35:56 | edumind.text_chunker | DEBUG    | text_chunker.py:95 | Created chunk 257: 48 chars
2026-01-20 13:35:56 | edumind.text_chunker | DEBUG    | text_chunker.py:95 | Created chunk 258: 47 chars
2026-01-20 13:35:56 | edumind.text_chunker | DEBUG    | text_chunker.py:95 | Created chunk 259: 46 chars
2026-01-20 13:35:56 | edumind.text_chunker | DEBUG    | text_chunker.py:95 | Created chunk 260: 44 chars
2026-01-20 13:35:56 | edumind.text_chunker | DEBUG    | text_chunker.py:95 | Created chunk 261: 49 chars
2026-01-20 13:35:56 | edumind.text_chunker | DEBUG    | text_chunker.py:95 | Created chunk 262: 48 chars
2026-01-20 13:35:56 | edumind.text_chunker | DEBUG    | text_chunker.py:95 | Created chunk 263: 47 chars
2026-01-20 13:35:56 | edumind.text_chunker | DEBUG    | text_chunker.py:95 | Created chunk 264: 46 chars
2026-01-20 13:35:56 | edumind.text_chunker | DEBUG    | text_chunker.py:95 | Created chunk 265: 44 chars
2026-01-20 13:35:56 | edumind.text_chunker | DEBUG    | text_chunker.py:95 | Created chunk 266: 49 chars
2026-01-20 13:35:56 | edumind.text_chunker | DEBUG    | text_chunker.py:95 | Created chunk 267: 48 chars
2026-01-20 13:35:56 | edumind.text_chunker | DEBUG    | text_chunker.py:95 | Created chunk 268: 47 chars
2026-01-20 13:35:56 | edumind.text_chunker | DEBUG    | text_chunker.py:95 | Created chunk 269: 46 chars
2026-01-20 13:35:56 | edumind.text_chunker | DEBUG    | text_chunker.py:95 | Created chunk 270: 44 chars
2026-01-20 13:35:56 | edumind.text_chunker | DEBUG    | text_chunker.py:95 | Created chunk 271: 49 chars
2026-01-20 13:35:56 | edumind.text_chunker | DEBUG    | text_chunker.py:95 | Created chunk 272: 48 chars
2026-01-20 13:35:56 | edumind.text_chunker | DEBUG    | text_chunker.py:95 | Created chunk 273: 47 chars
2026-01-20 13:35:56 | edumind.text_chunker | DEBUG    | text_chunker.py:95 | Created chunk 274: 46 chars
2026-01-20 13:35:56 | edumind.text_chunker | DEBUG    | text_chunker.py:95 | Created chunk 275: 44 chars
2026-01-20 13:35:56 | edumind.text_chunker | DEBUG    | text_chunker.py:95 | Created chunk 276: 49 chars
2026-01-20 13:35:56 | edumind.text_chunker | DEBUG    | text_chunker.py:95 | Created chunk 277: 48 chars
2026-01-20 13:35:56 | edumind.text_chunker | DEBUG    | text_chunker.py:95 | Created chunk 278: 47 chars
2026-01-20 13:35:56 | edumind.text_chunker | DEBUG    | text_chunker.py:95 | Created chunk 279: 46 chars
2026-01-20 13:35:56 | edumind.text_chunker | DEBUG    | text_chunker.py:95 | Created chunk 280: 44 chars
2026-01-20 13:35:56 | edumind.text_chunker | DEBUG    | text_chunker.py:95 | Created chunk 281: 49 chars
2026-01-20 13:35:56 | edumind.text_chunker | DEBUG    | text_chunker.py:95 | Created chunk 282: 48 chars
2026-01-20 13:35:56 | edumind.text_chunker | DEBUG    | text_chunker.py:95 | Created chunk 283: 47 chars
2026-01-20 13:35:56 | edumind.text_chunker | DEBUG    | text_chunker.py:95 | Created chunk 284: 46 chars
2026-01-20 13:35:56 | edumind.text_chunker | DEBUG    | text_chunker.py:95 | Created chunk 285: 44 chars
2026-01-20 13:35:56 | edumind.text_chunker | DEBUG    | text_chunker.py:95 | Created chunk 286: 49 chars
2026-01-20 13:35:56 | edumind.text_chunker | DEBUG    | text_chunker.py:95 | Created chunk 287: 48 chars
2026-01-20 13:35:56 | edumind.text_chunker | DEBUG    | text_chunker.py:95 | Created chunk 288: 47 chars
2026-01-20 13:35:56 | edumind.text_chunker | DEBUG    | text_chunker.py:95 | Created chunk 289: 46 chars
2026-01-20 13:35:56 | edumind.text_chunker | DEBUG    | text_chunker.py:95 | Created chunk 290: 44 chars
2026-01-20 13:35:56 | edumind.text_chunker | DEBUG    | text_chunker.py:95 | Created chunk 291: 49 chars
2026-01-20 13:35:56 | edumind.text_chunker | DEBUG    | text_chunker.py:95 | Created chunk 292: 48 chars
2026-01-20 13:35:56 | edumind.text_chunker | DEBUG    | text_chunker.py:95 | Created chunk 293: 47 chars
2026-01-20 13:35:56 | edumind.text_chunker | DEBUG    | text_chunker.py:95 | Created chunk 294: 46 chars
2026-01-20 13:35:56 | edumind.text_chunker | DEBUG    | text_chunker.py:95 | Created chunk 295: 44 chars
2026-01-20 13:35:56 | edumind.text_chunker | DEBUG    | text_chunker.py:95 | Created chunk 296: 49 chars
2026-01-20 13:35:56 | edumind.text_chunker | DEBUG    | text_chunker.py:95 | Created chunk 297: 48 chars
2026-01-20 13:35:56 | edumind.text_chunker | DEBUG    | text_chunker.py:95 | Created chunk 298: 47 chars
2026-01-20 13:35:56 | edumind.text_chunker | DEBUG    | text_chunker.py:95 | Created chunk 299: 46 chars
2026-01-20 13:35:56 | edumind.text_chunker | DEBUG    | text_chunker.py:95 | Created chunk 300: 44 chars
2026-01-20 13:35:56 | edumind.text_chunker | DEBUG    | text_chunker.py:95 | Created chunk 301: 49 chars
2026-01-20 13:35:56 | edumind.text_chunker | DEBUG    | text_chunker.py:95 | Created chunk 302: 48 chars
2026-01-20 13:35:56 | edumind.text_chunker | DEBUG    | text_chunker.py:95 | Created chunk 303: 47 chars
2026-01-20 13:35:56 | edumind.text_chunker | DEBUG    | text_chunker.py:95 | Created chunk 304: 46 chars
2026-01-20 13:35:56 | edumind.text_chunker | DEBUG    | text_chunker.py:95 | Created chunk 305: 44 chars
2026-01-20 13:35:56 | edumind.text_chunker | DEBUG    | text_chunker.py:95 | Created chunk 306: 49 chars
2026-01-20 13:35:56 | edumind.text_chunker | DEBUG    | text_chunker.py:95 | Created chunk 307: 48 chars
2026-01-20 13:35:56 | edumind.text_chunker | DEBUG    | text_chunker.py:95 | Created chunk 308: 47 chars
2026-01-20 13:35:56 | edumind.text_chunker | DEBUG    | text_chunker.py:95 | Created chunk 309: 46 chars
2026-01-20 13:35:56 | edumind.text_chunker | DEBUG    | text_chunker.py:95 | Created chunk 310: 44 chars
2026-01-20 13:35:56 | edumind.text_chunker | DEBUG    | text_chunker.py:95 | Created chunk 311: 49 chars
2026-01-20 13:35:56 | edumind.text_chunker | DEBUG    | text_chunker.py:95 | Created chunk 312: 48 chars
2026-01-20 13:35:56 | edumind.text_chunker | DEBUG    | text_chunker.py:95 | Created chunk 313: 47 chars
2026-01-20 13:35:56 | edumind.text_chunker | DEBUG    | text_chunker.py:95 | Created chunk 314: 46 chars
2026-01-20 13:35:56 | edumind.text_chunker | DEBUG    | text_chunker.py:95 | Created chunk 315: 44 chars
2026-01-20 13:35:56 | edumind.text_chunker | DEBUG    | text_chunker.py:95 | Created chunk 316: 49 chars
2026-01-20 13:35:56 | edumind.text_chunker | DEBUG    | text_chunker.py:95 | Created chunk 317: 48 chars
2026-01-20 13:35:56 | edumind.text_chunker | DEBUG    | text_chunker.py:95 | Created chunk 318: 47 chars
2026-01-20 13:35:56 | edumind.text_chunker | DEBUG    | text_chunker.py:95 | Created chunk 319: 46 chars
2026-01-20 13:35:56 | edumind.text_chunker | DEBUG    | text_chunker.py:95 | Created chunk 320: 44 chars
2026-01-20 13:35:56 | edumind.text_chunker | DEBUG    | text_chunker.py:95 | Created chunk 321: 49 chars
2026-01-20 13:35:56 | edumind.text_chunker | DEBUG    | text_chunker.py:95 | Created chunk 322: 48 chars
2026-01-20 13:35:56 | edumind.text_chunker | DEBUG    | text_chunker.py:95 | Created chunk 323: 47 chars
2026-01-20 13:35:56 | edumind.text_chunker | DEBUG    | text_chunker.py:95 | Created chunk 324: 46 chars
2026-01-20 13:35:56 | edumind.text_chunker | DEBUG    | text_chunker.py:95 | Created chunk 325: 44 chars
2026-01-20 13:35:56 | edumind.text_chunker | DEBUG    | text_chunker.py:95 | Created chunk 326: 49 chars
2026-01-20 13:35:56 | edumind.text_chunker | DEBUG    | text_chunker.py:95 | Created chunk 327: 48 chars
2026-01-20 13:35:56 | edumind.text_chunker | DEBUG    | text_chunker.py:95 | Created chunk 328: 47 chars
2026-01-20 13:35:56 | edumind.text_chunker | DEBUG    | text_chunker.py:95 | Created chunk 329: 46 chars
2026-01-20 13:35:56 | edumind.text_chunker | DEBUG    | text_chunker.py:95 | Created chunk 330: 44 chars
2026-01-20 13:35:56 | edumind.text_chunker | DEBUG    | text_chunker.py:95 | Created chunk 331: 49 chars
2026-01-20 13:35:56 | edumind.text_chunker | DEBUG    | text_chunker.py:95 | Created chunk 332: 48 chars
2026-01-20 13:35:56 | edumind.text_chunker | DEBUG    | text_chunker.py:95 | Created chunk 333: 47 chars
2026-01-20 13:35:56 | edumind.text_chunker | DEBUG    | text_chunker.py:95 | Created chunk 334: 46 chars
2026-01-20 13:35:56 | edumind.text_chunker | DEBUG    | text_chunker.py:95 | Created chunk 335: 44 chars
2026-01-20 13:35:56 | edumind.text_chunker | DEBUG    | text_chunker.py:95 | Created chunk 336: 49 chars
2026-01-20 13:35:56 | edumind.text_chunker | DEBUG    | text_chunker.py:95 | Created chunk 337: 48 chars
2026-01-20 13:35:56 | edumind.text_chunker | DEBUG    | text_chunker.py:95 | Created chunk 338: 47 chars
2026-01-20 13:35:56 | edumind.text_chunker | DEBUG    | text_chunker.py:95 | Created chunk 339: 46 chars
2026-01-20 13:35:56 | edumind.text_chunker | DEBUG    | text_chunker.py:95 | Created chunk 340: 44 chars
2026-01-20 13:35:56 | edumind.text_chunker | DEBUG    | text_chunker.py:95 | Created chunk 341: 49 chars
2026-01-20 13:35:56 | edumind.text_chunker | DEBUG    | text_chunker.py:95 | Created chunk 342: 48 chars
2026-01-20 13:35:56 | edumind.text_chunker | DEBUG    | text_chunker.py:95 | Created chunk 343: 47 chars
2026-01-20 13:35:56 | edumind.text_chunker | DEBUG    | text_chunker.py:95 | Created chunk 344: 46 chars
2026-01-20 13:35:56 | edumind.text_chunker | DEBUG    | text_chunker.py:95 | Created chunk 345: 44 chars
2026-01-20 13:35:56 | edumind.text_chunker | DEBUG    | text_chunker.py:95 | Created chunk 346: 49 chars
2026-01-20 13:35:56 | edumind.text_chunker | DEBUG    | text_chunker.py:95 | Created chunk 347: 48 chars
2026-01-20 13:35:56 | edumind.text_chunker | DEBUG    | text_chunker.py:95 | Created chunk 348: 47 chars
2026-01-20 13:35:56 | edumind.text_chunker | DEBUG    | text_chunker.py:95 | Created chunk 349: 46 chars
2026-01-20 13:35:56 | edumind.text_chunker | DEBUG    | text_chunker.py:95 | Created chunk 350: 44 chars
2026-01-20 13:35:56 | edumind.text_chunker | DEBUG    | text_chunker.py:95 | Created chunk 351: 49 chars
2026-01-20 13:35:56 | edumind.text_chunker | DEBUG    | text_chunker.py:95 | Created chunk 352: 48 chars
2026-01-20 13:35:56 | edumind.text_chunker | DEBUG    | text_chunker.py:95 | Created chunk 353: 47 chars
2026-01-20 13:35:56 | edumind.text_chunker | DEBUG    | text_chunker.py:95 | Created chunk 354: 46 chars
2026-01-20 13:35:56 | edumind.text_chunker | DEBUG    | text_chunker.py:95 | Created chunk 355: 44 chars
2026-01-20 13:35:56 | edumind.text_chunker | DEBUG    | text_chunker.py:95 | Created chunk 356: 49 chars
2026-01-20 13:35:56 | edumind.text_chunker | DEBUG    | text_chunker.py:95 | Created chunk 357: 48 chars
2026-01-20 13:35:56 | edumind.text_chunker | DEBUG    | text_chunker.py:95 | Created chunk 358: 47 chars
2026-01-20 13:35:56 | edumind.text_chunker | DEBUG    | text_chunker.py:95 | Created chunk 359: 46 chars
2026-01-20 13:35:56 | edumind.text_chunker | DEBUG    | text_chunker.py:95 | Created chunk 360: 44 chars
2026-01-20 13:35:56 | edumind.text_chunker | DEBUG    | text_chunker.py:95 | Created chunk 361: 49 chars
2026-01-20 13:35:56 | edumind.text_chunker | DEBUG    | text_chunker.py:95 | Created chunk 362: 48 chars
2026-01-20 13:35:56 | edumind.text_chunker | DEBUG    | text_chunker.py:95 | Created chunk 363: 47 chars
2026-01-20 13:35:56 | edumind.text_chunker | DEBUG    | text_chunker.py:95 | Created chunk 364: 46 chars
2026-01-20 13:35:56 | edumind.text_chunker | DEBUG    | text_chunker.py:95 | Created chunk 365: 44 chars
2026-01-20 13:35:56 | edumind.text_chunker | DEBUG    | text_chunker.py:95 | Created chunk 366: 49 chars
2026-01-20 13:35:56 | edumind.text_chunker | DEBUG    | text_chunker.py:95 | Created chunk 367: 48 chars
2026-01-20 13:35:56 | edumind.text_chunker | DEBUG    | text_chunker.py:95 | Created chunk 368: 47 chars
2026-01-20 13:35:56 | edumind.text_chunker | DEBUG    | text_chunker.py:95 | Created chunk 369: 46 chars
2026-01-20 13:35:56 | edumind.text_chunker | DEBUG    | text_chunker.py:95 | Created chunk 370: 44 chars
2026-01-20 13:35:56 | edumind.text_chunker | DEBUG    | text_chunker.py:95 | Created chunk 371: 49 chars
2026-01-20 13:35:56 | edumind.text_chunker | DEBUG    | text_chunker.py:95 | Created chunk 372: 48 chars
2026-01-20 13:35:56 | edumind.text_chunker | DEBUG    | text_chunker.py:95 | Created chunk 373: 47 chars
2026-01-20 13:35:56 | edumind.text_chunker | DEBUG    | text_chunker.py:95 | Created chunk 374: 46 chars
2026-01-20 13:35:56 | edumind.text_chunker | DEBUG    | text_chunker.py:95 | Created chunk 375: 44 chars
2026-01-20 13:35:56 | edumind.text_chunker | DEBUG    | text_chunker.py:95 | Created chunk 376: 49 chars
2026-01-20 13:35:56 | edumind.text_chunker | DEBUG    | text_chunker.py:95 | Created chunk 377: 48 chars
2026-01-20 13:35:56 | edumind.text_chunker | DEBUG    | text_chunker.py:95 | Created chunk 378: 47 chars
2026-01-20 13:35:56 | edumind.text_chunker | DEBUG    | text_chunker.py:95 | Created chunk 379: 46 chars
2026-01-20 13:35:56 | edumind.text_chunker | DEBUG    | text_chunker.py:95 | Created chunk 380: 44 chars
2026-01-20 13:35:56 | edumind.text_chunker | DEBUG    | text_chunker.py:95 | Created chunk 381: 49 chars
2026-01-20 13:35:56 | edumind.text_chunker | DEBUG    | text_chunker.py:95 | Created chunk 382: 48 chars
2026-01-20 13:35:56 | edumind.text_chunker | DEBUG    | text_chunker.py:95 | Created chunk 383: 47 chars
2026-01-20 13:35:56 | edumind.text_chunker | DEBUG    | text_chunker.py:95 | Created chunk 384: 46 chars
2026-01-20 13:35:56 | edumind.text_chunker | DEBUG    | text_chunker.py:95 | Created chunk 385: 44 chars
2026-01-20 13:35:56 | edumind.text_chunker | DEBUG    | text_chunker.py:95 | Created chunk 386: 49 chars
2026-01-20 13:35:56 | edumind.text_chunker | DEBUG    | text_chunker.py:95 | Created chunk 387: 48 chars
2026-01-20 13:35:56 | edumind.text_chunker | DEBUG    | text_chunker.py:95 | Created chunk 388: 47 chars
2026-01-20 13:35:56 | edumind.text_chunker | DEBUG    | text_chunker.py:95 | Created chunk 389: 46 chars
2026-01-20 13:35:56 | edumind.text_chunker | DEBUG    | text_chunker.py:95 | Created chunk 390: 44 chars
2026-01-20 13:35:56 | edumind.text_chunker | DEBUG    | text_chunker.py:95 | Created chunk 391: 49 chars
2026-01-20 13:35:56 | edumind.text_chunker | DEBUG    | text_chunker.py:95 | Created chunk 392: 48 chars
2026-01-20 13:35:56 | edumind.text_chunker | DEBUG    | text_chunker.py:95 | Created chunk 393: 47 chars
2026-01-20 13:35:56 | edumind.text_chunker | DEBUG    | text_chunker.py:95 | Created chunk 394: 46 chars
2026-01-20 13:35:56 | edumind.text_chunker | DEBUG    | text_chunker.py:95 | Created chunk 395: 44 chars
2026-01-20 13:35:56 | edumind.text_chunker | DEBUG    | text_chunker.py:95 | Created chunk 396: 49 chars
2026-01-20 13:35:56 | edumind.text_chunker | DEBUG    | text_chunker.py:95 | Created chunk 397: 48 chars
2026-01-20 13:35:56 | edumind.text_chunker | DEBUG    | text_chunker.py:95 | Created chunk 398: 47 chars
2026-01-20 13:35:56 | edumind.text_chunker | DEBUG    | text_chunker.py:95 | Created chunk 399: 46 chars
2026-01-20 13:35:56 | edumind.text_chunker | DEBUG    | text_chunker.py:95 | Created chunk 400: 44 chars
2026-01-20 13:35:56 | edumind.text_chunker | DEBUG    | text_chunker.py:95 | Created chunk 401: 49 chars
2026-01-20 13:35:56 | edumind.text_chunker | DEBUG    | text_chunker.py:95 | Created chunk 402: 48 chars
2026-01-20 13:35:56 | edumind.text_chunker | DEBUG    | text_chunker.py:95 | Created chunk 403: 47 chars
2026-01-20 13:35:56 | edumind.text_chunker | DEBUG    | text_chunker.py:95 | Created chunk 404: 46 chars
2026-01-20 13:35:56 | edumind.text_chunker | DEBUG    | text_chunker.py:95 | Created chunk 405: 44 chars
2026-01-20 13:35:56 | edumind.text_chunker | DEBUG    | text_chunker.py:95 | Created chunk 406: 49 chars
2026-01-20 13:35:56 | edumind.text_chunker | DEBUG    | text_chunker.py:95 | Created chunk 407: 48 chars
2026-01-20 13:35:56 | edumind.text_chunker | DEBUG    | text_chunker.py:95 | Created chunk 408: 47 chars
2026-01-20 13:35:56 | edumind.text_chunker | DEBUG    | text_chunker.py:95 | Created chunk 409: 46 chars
2026-01-20 13:35:56 | edumind.text_chunker | DEBUG    | text_chunker.py:95 | Created chunk 410: 44 chars
2026-01-20 13:35:56 | edumind.text_chunker | DEBUG    | text_chunker.py:95 | Created chunk 411: 49 chars
2026-01-20 13:35:56 | edumind.text_chunker | DEBUG    | text_chunker.py:95 | Created chunk 412: 48 chars
2026-01-20 13:35:56 | edumind.text_chunker | DEBUG    | text_chunker.py:95 | Created chunk 413: 47 chars
2026-01-20 13:35:56 | edumind.text_chunker | DEBUG    | text_chunker.py:95 | Created chunk 414: 46 chars
2026-01-20 13:35:56 | edumind.text_chunker | DEBUG    | text_chunker.py:95 | Created chunk 415: 44 chars
2026-01-20 13:35:56 | edumind.text_chunker | DEBUG    | text_chunker.py:95 | Created chunk 416: 49 chars
2026-01-20 13:35:56 | edumind.text_chunker | DEBUG    | text_chunker.py:95 | Created chunk 417: 48 chars
2026-01-20 13:35:56 | edumind.text_chunker | DEBUG    | text_chunker.py:95 | Created chunk 418: 47 chars
2026-01-20 13:35:56 | edumind.text_chunker | DEBUG    | text_chunker.py:95 | Created chunk 419: 46 chars
2026-01-20 13:35:56 | edumind.text_chunker | DEBUG    | text_chunker.py:95 | Created chunk 420: 44 chars
2026-01-20 13:35:56 | edumind.text_chunker | DEBUG    | text_chunker.py:95 | Created chunk 421: 49 chars
2026-01-20 13:35:56 | edumind.text_chunker | DEBUG    | text_chunker.py:95 | Created chunk 422: 48 chars
2026-01-20 13:35:56 | edumind.text_chunker | DEBUG    | text_chunker.py:95 | Created chunk 423: 47 chars
2026-01-20 13:35:56 | edumind.text_chunker | DEBUG    | text_chunker.py:95 | Created chunk 424: 46 chars
2026-01-20 13:35:56 | edumind.text_chunker | DEBUG    | text_chunker.py:95 | Created chunk 425: 44 chars
2026-01-20 13:35:56 | edumind.text_chunker | DEBUG    | text_chunker.py:95 | Created chunk 426: 49 chars
2026-01-20 13:35:56 | edumind.text_chunker | DEBUG    | text_chunker.py:95 | Created chunk 427: 48 chars
2026-01-20 13:35:56 | edumind.text_chunker | DEBUG    | text_chunker.py:95 | Created chunk 428: 47 chars
2026-01-20 13:35:56 | edumind.text_chunker | DEBUG    | text_chunker.py:95 | Created chunk 429: 46 chars
2026-01-20 13:35:56 | edumind.text_chunker | DEBUG    | text_chunker.py:95 | Created chunk 430: 44 chars
2026-01-20 13:35:56 | edumind.text_chunker | DEBUG    | text_chunker.py:95 | Created chunk 431: 49 chars
2026-01-20 13:35:56 | edumind.text_chunker | DEBUG    | text_chunker.py:95 | Created chunk 432: 48 chars
2026-01-20 13:35:56 | edumind.text_chunker | DEBUG    | text_chunker.py:95 | Created chunk 433: 47 chars
2026-01-20 13:35:56 | edumind.text_chunker | DEBUG    | text_chunker.py:95 | Created chunk 434: 46 chars
2026-01-20 13:35:56 | edumind.text_chunker | DEBUG    | text_chunker.py:95 | Created chunk 435: 44 chars
2026-01-20 13:35:56 | edumind.text_chunker | DEBUG    | text_chunker.py:95 | Created chunk 436: 49 chars
2026-01-20 13:35:56 | edumind.text_chunker | DEBUG    | text_chunker.py:95 | Created chunk 437: 48 chars
2026-01-20 13:35:56 | edumind.text_chunker | DEBUG    | text_chunker.py:95 | Created chunk 438: 47 chars
2026-01-20 13:35:56 | edumind.text_chunker | DEBUG    | text_chunker.py:95 | Created chunk 439: 46 chars
2026-01-20 13:35:56 | edumind.text_chunker | DEBUG    | text_chunker.py:95 | Created chunk 440: 44 chars
2026-01-20 13:35:56 | edumind.text_chunker | DEBUG    | text_chunker.py:95 | Created chunk 441: 49 chars
2026-01-20 13:35:56 | edumind.text_chunker | DEBUG    | text_chunker.py:95 | Created chunk 442: 48 chars
2026-01-20 13:35:56 | edumind.text_chunker | DEBUG    | text_chunker.py:95 | Created chunk 443: 47 chars
2026-01-20 13:35:56 | edumind.text_chunker | DEBUG    | text_chunker.py:95 | Created chunk 444: 46 chars
2026-01-20 13:35:56 | edumind.text_chunker | DEBUG    | text_chunker.py:95 | Created chunk 445: 44 chars
2026-01-20 13:35:56 | edumind.text_chunker | DEBUG    | text_chunker.py:95 | Created chunk 446: 49 chars
2026-01-20 13:35:56 | edumind.text_chunker | DEBUG    | text_chunker.py:95 | Created chunk 447: 48 chars
2026-01-20 13:35:56 | edumind.text_chunker | DEBUG    | text_chunker.py:95 | Created chunk 448: 47 chars
2026-01-20 13:35:56 | edumind.text_chunker | DEBUG    | text_chunker.py:95 | Created chunk 449: 46 chars
2026-01-20 13:35:56 | edumind.text_chunker | DEBUG    | text_chunker.py:95 | Created chunk 450: 49 chars
2026-01-20 13:35:56 | edumind.text_chunker | INFO     | text_chunker.py:103 | Split text into 450 chunks (avg: 46 chars)
2026-01-20 13:35:56 | edumind.text_chunker | DEBUG    | text_chunker.py:95 | Created chunk 1: 97 chars
2026-01-20 13:35:56 | edumind.text_chunker | DEBUG    | text_chunker.py:95 | Created chunk 2: 96 chars
2026-01-20 13:35:56 | edumind.text_chunker | DEBUG    | text_chunker.py:95 | Created chunk 3: 95 chars
2026-01-20 13:35:56 | edumind.text_chunker | DEBUG    | text_chunker.py:95 | Created chunk 4: 94 chars
2026-01-20 13:35:56 | edumind.text_chunker | DEBUG    | text_chunker.py:95 | Created chunk 5: 92 chars
2026-01-20 13:35:56 | edumind.text_chunker | DEBUG    | text_chunker.py:95 | Created chunk 6: 92 chars
2026-01-20 13:35:56 | edumind.text_chunker | DEBUG    | text_chunker.py:95 | Created chunk 7: 91 chars
2026-01-20 13:35:56 | edumind.text_chunker | DEBUG    | text_chunker.py:95 | Created chunk 8: 89 chars
2026-01-20 13:35:56 | edumind.text_chunker | DEBUG    | text_chunker.py:95 | Created chunk 9: 89 chars
2026-01-20 13:35:56 | edumind.text_chunker | DEBUG    | text_chunker.py:95 | Created chunk 10: 88 chars
2026-01-20 13:35:56 | edumind.text_chunker | DEBUG    | text_chunker.py:95 | Created chunk 11: 87 chars
2026-01-20 13:35:56 | edumind.text_chunker | DEBUG    | text_chunker.py:95 | Created chunk 12: 86 chars
2026-01-20 13:35:56 | edumind.text_chunker | DEBUG    | text_chunker.py:95 | Created chunk 13: 99 chars
2026-01-20 13:35:56 | edumind.text_chunker | DEBUG    | text_chunker.py:95 | Created chunk 14: 97 chars
2026-01-20 13:35:56 | edumind.text_chunker | DEBUG    | text_chunker.py:95 | Created chunk 15: 97 chars
2026-01-20 13:35:56 | edumind.text_chunker | DEBUG    | text_chunker.py:95 | Created chunk 16: 96 chars
2026-01-20 13:35:56 | edumind.text_chunker | DEBUG    | text_chunker.py:95 | Created chunk 17: 95 chars
2026-01-20 13:35:56 | edumind.text_chunker | DEBUG    | text_chunker.py:95 | Created chunk 18: 94 chars
2026-01-20 13:35:56 | edumind.text_chunker | DEBUG    | text_chunker.py:95 | Created chunk 19: 92 chars
2026-01-20 13:35:56 | edumind.text_chunker | DEBUG    | text_chunker.py:95 | Created chunk 20: 92 chars
2026-01-20 13:35:56 | edumind.text_chunker | DEBUG    | text_chunker.py:95 | Created chunk 21: 91 chars
2026-01-20 13:35:56 | edumind.text_chunker | DEBUG    | text_chunker.py:95 | Created chunk 22: 89 chars
2026-01-20 13:35:56 | edumind.text_chunker | DEBUG    | text_chunker.py:95 | Created chunk 23: 89 chars
2026-01-20 13:35:56 | edumind.text_chunker | DEBUG    | text_chunker.py:95 | Created chunk 24: 88 chars
2026-01-20 13:35:56 | edumind.text_chunker | DEBUG    | text_chunker.py:95 | Created chunk 25: 87 chars
2026-01-20 13:35:56 | edumind.text_chunker | DEBUG    | text_chunker.py:95 | Created chunk 26: 86 chars
2026-01-20 13:35:56 | edumind.text_chunker | DEBUG    | text_chunker.py:95 | Created chunk 27: 99 chars
2026-01-20 13:35:56 | edumind.text_chunker | DEBUG    | text_chunker.py:95 | Created chunk 28: 97 chars
2026-01-20 13:35:56 | edumind.text_chunker | DEBUG    | text_chunker.py:95 | Created chunk 29: 97 chars
2026-01-20 13:35:56 | edumind.text_chunker | DEBUG    | text_chunker.py:95 | Created chunk 30: 96 chars
2026-01-20 13:35:56 | edumind.text_chunker | DEBUG    | text_chunker.py:95 | Created chunk 31: 95 chars
2026-01-20 13:35:56 | edumind.text_chunker | DEBUG    | text_chunker.py:95 | Created chunk 32: 94 chars
2026-01-20 13:35:56 | edumind.text_chunker | DEBUG    | text_chunker.py:95 | Created chunk 33: 92 chars
2026-01-20 13:35:56 | edumind.text_chunker | DEBUG    | text_chunker.py:95 | Created chunk 34: 92 chars
2026-01-20 13:35:56 | edumind.text_chunker | DEBUG    | text_chunker.py:95 | Created chunk 35: 91 chars
2026-01-20 13:35:56 | edumind.text_chunker | DEBUG    | text_chunker.py:95 | Created chunk 36: 89 chars
2026-01-20 13:35:56 | edumind.text_chunker | DEBUG    | text_chunker.py:95 | Created chunk 37: 89 chars
2026-01-20 13:35:56 | edumind.text_chunker | DEBUG    | text_chunker.py:95 | Created chunk 38: 88 chars
2026-01-20 13:35:56 | edumind.text_chunker | DEBUG    | text_chunker.py:95 | Created chunk 39: 87 chars
2026-01-20 13:35:56 | edumind.text_chunker | DEBUG    | text_chunker.py:95 | Created chunk 40: 86 chars
2026-01-20 13:35:56 | edumind.text_chunker | DEBUG    | text_chunker.py:95 | Created chunk 41: 99 chars
2026-01-20 13:35:56 | edumind.text_chunker | DEBUG    | text_chunker.py:95 | Created chunk 42: 97 chars
2026-01-20 13:35:56 | edumind.text_chunker | DEBUG    | text_chunker.py:95 | Created chunk 43: 97 chars
2026-01-20 13:35:56 | edumind.text_chunker | DEBUG    | text_chunker.py:95 | Created chunk 44: 96 chars
2026-01-20 13:35:56 | edumind.text_chunker | DEBUG    | text_chunker.py:95 | Created chunk 45: 95 chars
2026-01-20 13:35:56 | edumind.text_chunker | DEBUG    | text_chunker.py:95 | Created chunk 46: 94 chars
2026-01-20 13:35:56 | edumind.text_chunker | DEBUG    | text_chunker.py:95 | Created chunk 47: 92 chars
2026-01-20 13:35:56 | edumind.text_chunker | DEBUG    | text_chunker.py:95 | Created chunk 48: 92 chars
2026-01-20 13:35:56 | edumind.text_chunker | DEBUG    | text_chunker.py:95 | Created chunk 49: 91 chars
2026-01-20 13:35:56 | edumind.text_chunker | DEBUG    | text_chunker.py:95 | Created chunk 50: 89 chars
2026-01-20 13:35:56 | edumind.text_chunker | DEBUG    | text_chunker.py:95 | Created chunk 51: 89 chars
2026-01-20 13:35:56 | edumind.text_chunker | DEBUG    | text_chunker.py:95 | Created chunk 52: 88 chars
2026-01-20 13:35:56 | edumind.text_chunker | DEBUG    | text_chunker.py:95 | Created chunk 53: 87 chars
2026-01-20 13:35:56 | edumind.text_chunker | DEBUG    | text_chunker.py:95 | Created chunk 54: 86 chars
2026-01-20 13:35:56 | edumind.text_chunker | DEBUG    | text_chunker.py:95 | Created chunk 55: 99 chars
2026-01-20 13:35:56 | edumind.text_chunker | DEBUG    | text_chunker.py:95 | Created chunk 56: 97 chars
2026-01-20 13:35:56 | edumind.text_chunker | DEBUG    | text_chunker.py:95 | Created chunk 57: 97 chars
2026-01-20 13:35:56 | edumind.text_chunker | DEBUG    | text_chunker.py:95 | Created chunk 58: 96 chars
2026-01-20 13:35:56 | edumind.text_chunker | DEBUG    | text_chunker.py:95 | Created chunk 59: 95 chars
2026-01-20 13:35:56 | edumind.text_chunker | DEBUG    | text_chunker.py:95 | Created chunk 60: 94 chars
2026-01-20 13:35:56 | edumind.text_chunker | DEBUG    | text_chunker.py:95 | Created chunk 61: 92 chars
2026-01-20 13:35:56 | edumind.text_chunker | DEBUG    | text_chunker.py:95 | Created chunk 62: 92 chars
2026-01-20 13:35:56 | edumind.text_chunker | DEBUG    | text_chunker.py:95 | Created chunk 63: 91 chars
2026-01-20 13:35:56 | edumind.text_chunker | DEBUG    | text_chunker.py:95 | Created chunk 64: 89 chars
2026-01-20 13:35:56 | edumind.text_chunker | DEBUG    | text_chunker.py:95 | Created chunk 65: 89 chars
2026-01-20 13:35:56 | edumind.text_chunker | DEBUG    | text_chunker.py:95 | Created chunk 66: 88 chars
2026-01-20 13:35:56 | edumind.text_chunker | DEBUG    | text_chunker.py:95 | Created chunk 67: 87 chars
2026-01-20 13:35:56 | edumind.text_chunker | DEBUG    | text_chunker.py:95 | Created chunk 68: 86 chars
2026-01-20 13:35:56 | edumind.text_chunker | DEBUG    | text_chunker.py:95 | Created chunk 69: 99 chars
2026-01-20 13:35:56 | edumind.text_chunker | DEBUG    | text_chunker.py:95 | Created chunk 70: 97 chars
2026-01-20 13:35:56 | edumind.text_chunker | DEBUG    | text_chunker.py:95 | Created chunk 71: 97 chars
2026-01-20 13:35:56 | edumind.text_chunker | DEBUG    | text_chunker.py:95 | Created chunk 72: 96 chars
2026-01-20 13:35:56 | edumind.text_chunker | DEBUG    | text_chunker.py:95 | Created chunk 73: 95 chars
2026-01-20 13:35:56 | edumind.text_chunker | DEBUG    | text_chunker.py:95 | Created chunk 74: 94 chars
2026-01-20 13:35:56 | edumind.text_chunker | DEBUG    | text_chunker.py:95 | Created chunk 75: 92 chars
2026-01-20 13:35:56 | edumind.text_chunker | DEBUG    | text_chunker.py:95 | Created chunk 76: 92 chars
2026-01-20 13:35:56 | edumind.text_chunker | DEBUG    | text_chunker.py:95 | Created chunk 77: 91 chars
2026-01-20 13:35:56 | edumind.text_chunker | DEBUG    | text_chunker.py:95 | Created chunk 78: 89 chars
2026-01-20 13:35:56 | edumind.text_chunker | DEBUG    | text_chunker.py:95 | Created chunk 79: 89 chars
2026-01-20 13:35:56 | edumind.text_chunker | DEBUG    | text_chunker.py:95 | Created chunk 80: 88 chars
2026-01-20 13:35:56 | edumind.text_chunker | DEBUG    | text_chunker.py:95 | Created chunk 81: 87 chars
2026-01-20 13:35:56 | edumind.text_chunker | DEBUG    | text_chunker.py:95 | Created chunk 82: 86 chars
2026-01-20 13:35:56 | edumind.text_chunker | DEBUG    | text_chunker.py:95 | Created chunk 83: 99 chars
2026-01-20 13:35:56 | edumind.text_chunker | DEBUG    | text_chunker.py:95 | Created chunk 84: 97 chars
2026-01-20 13:35:56 | edumind.text_chunker | DEBUG    | text_chunker.py:95 | Created chunk 85: 97 chars
2026-01-20 13:35:56 | edumind.text_chunker | DEBUG    | text_chunker.py:95 | Created chunk 86: 96 chars
2026-01-20 13:35:56 | edumind.text_chunker | DEBUG    | text_chunker.py:95 | Created chunk 87: 95 chars
2026-01-20 13:35:56 | edumind.text_chunker | DEBUG    | text_chunker.py:95 | Created chunk 88: 94 chars
2026-01-20 13:35:56 | edumind.text_chunker | DEBUG    | text_chunker.py:95 | Created chunk 89: 92 chars
2026-01-20 13:35:56 | edumind.text_chunker | DEBUG    | text_chunker.py:95 | Created chunk 90: 92 chars
2026-01-20 13:35:56 | edumind.text_chunker | DEBUG    | text_chunker.py:95 | Created chunk 91: 91 chars
2026-01-20 13:35:56 | edumind.text_chunker | DEBUG    | text_chunker.py:95 | Created chunk 92: 89 chars
2026-01-20 13:35:56 | edumind.text_chunker | DEBUG    | text_chunker.py:95 | Created chunk 93: 89 chars
2026-01-20 13:35:56 | edumind.text_chunker | DEBUG    | text_chunker.py:95 | Created chunk 94: 88 chars
2026-01-20 13:35:56 | edumind.text_chunker | DEBUG    | text_chunker.py:95 | Created chunk 95: 87 chars
2026-01-20 13:35:56 | edumind.text_chunker | DEBUG    | text_chunker.py:95 | Created chunk 96: 86 chars
2026-01-20 13:35:56 | edumind.text_chunker | DEBUG    | text_chunker.py:95 | Created chunk 97: 99 chars
2026-01-20 13:35:56 | edumind.text_chunker | DEBUG    | text_chunker.py:95 | Created chunk 98: 97 chars
2026-01-20 13:35:56 | edumind.text_chunker | DEBUG    | text_chunker.py:95 | Created chunk 99: 97 chars
2026-01-20 13:35:56 | edumind.text_chunker | DEBUG    | text_chunker.py:95 | Created chunk 100: 96 chars
2026-01-20 13:35:56 | edumind.text_chunker | DEBUG    | text_chunker.py:95 | Created chunk 101: 95 chars
2026-01-20 13:35:56 | edumind.text_chunker | DEBUG    | text_chunker.py:95 | Created chunk 102: 94 chars
2026-01-20 13:35:56 | edumind.text_chunker | DEBUG    | text_chunker.py:95 | Created chunk 103: 92 chars
2026-01-20 13:35:56 | edumind.text_chunker | DEBUG    | text_chunker.py:95 | Created chunk 104: 92 chars
2026-01-20 13:35:56 | edumind.text_chunker | DEBUG    | text_chunker.py:95 | Created chunk 105: 91 chars
2026-01-20 13:35:56 | edumind.text_chunker | DEBUG    | text_chunker.py:95 | Created chunk 106: 89 chars
2026-01-20 13:35:56 | edumind.text_chunker | DEBUG    | text_chunker.py:95 | Created chunk 107: 89 chars
2026-01-20 13:35:56 | edumind.text_chunker | DEBUG    | text_chunker.py:95 | Created chunk 108: 88 chars
2026-01-20 13:35:56 | edumind.text_chunker | DEBUG    | text_chunker.py:95 | Created chunk 109: 87 chars
2026-01-20 13:35:56 | edumind.text_chunker | DEBUG    | text_chunker.py:95 | Created chunk 110: 86 chars
2026-01-20 13:35:56 | edumind.text_chunker | DEBUG    | text_chunker.py:95 | Created chunk 111: 99 chars
2026-01-20 13:35:56 | edumind.text_chunker | DEBUG    | text_chunker.py:95 | Created chunk 112: 97 chars
2026-01-20 13:35:56 | edumind.text_chunker | DEBUG    | text_chunker.py:95 | Created chunk 113: 97 chars
2026-01-20 13:35:56 | edumind.text_chunker | DEBUG    | text_chunker.py:95 | Created chunk 114: 96 chars
2026-01-20 13:35:56 | edumind.text_chunker | DEBUG    | text_chunker.py:95 | Created chunk 115: 95 chars
2026-01-20 13:35:56 | edumind.text_chunker | DEBUG    | text_chunker.py:95 | Created chunk 116: 94 chars
2026-01-20 13:35:56 | edumind.text_chunker | DEBUG    | text_chunker.py:95 | Created chunk 117: 92 chars
2026-01-20 13:35:56 | edumind.text_chunker | DEBUG    | text_chunker.py:95 | Created chunk 118: 92 chars
2026-01-20 13:35:56 | edumind.text_chunker | DEBUG    | text_chunker.py:95 | Created chunk 119: 91 chars
2026-01-20 13:35:56 | edumind.text_chunker | DEBUG    | text_chunker.py:95 | Created chunk 120: 89 chars
2026-01-20 13:35:56 | edumind.text_chunker | DEBUG    | text_chunker.py:95 | Created chunk 121: 89 chars
2026-01-20 13:35:56 | edumind.text_chunker | DEBUG    | text_chunker.py:95 | Created chunk 122: 88 chars
2026-01-20 13:35:56 | edumind.text_chunker | DEBUG    | text_chunker.py:95 | Created chunk 123: 87 chars
2026-01-20 13:35:56 | edumind.text_chunker | DEBUG    | text_chunker.py:95 | Created chunk 124: 86 chars
2026-01-20 13:35:56 | edumind.text_chunker | DEBUG    | text_chunker.py:95 | Created chunk 125: 99 chars
2026-01-20 13:35:56 | edumind.text_chunker | DEBUG    | text_chunker.py:95 | Created chunk 126: 97 chars
2026-01-20 13:35:56 | edumind.text_chunker | DEBUG    | text_chunker.py:95 | Created chunk 127: 97 chars
2026-01-20 13:35:56 | edumind.text_chunker | DEBUG    | text_chunker.py:95 | Created chunk 128: 96 chars
2026-01-20 13:35:56 | edumind.text_chunker | DEBUG    | text_chunker.py:95 | Created chunk 129: 95 chars
2026-01-20 13:35:56 | edumind.text_chunker | DEBUG    | text_chunker.py:95 | Created chunk 130: 94 chars
2026-01-20 13:35:56 | edumind.text_chunker | DEBUG    | text_chunker.py:95 | Created chunk 131: 92 chars
2026-01-20 13:35:56 | edumind.text_chunker | DEBUG    | text_chunker.py:95 | Created chunk 132: 92 chars
2026-01-20 13:35:56 | edumind.text_chunker | DEBUG    | text_chunker.py:95 | Created chunk 133: 91 chars
2026-01-20 13:35:56 | edumind.text_chunker | DEBUG    | text_chunker.py:95 | Created chunk 134: 89 chars
2026-01-20 13:35:56 | edumind.text_chunker | DEBUG    | text_chunker.py:95 | Created chunk 135: 89 chars
2026-01-20 13:35:56 | edumind.text_chunker | DEBUG    | text_chunker.py:95 | Created chunk 136: 88 chars
2026-01-20 13:35:56 | edumind.text_chunker | DEBUG    | text_chunker.py:95 | Created chunk 137: 87 chars
2026-01-20 13:35:56 | edumind.text_chunker | DEBUG    | text_chunker.py:95 | Created chunk 138: 86 chars
2026-01-20 13:35:56 | edumind.text_chunker | DEBUG    | text_chunker.py:95 | Created chunk 139: 99 chars
2026-01-20 13:35:56 | edumind.text_chunker | DEBUG    | text_chunker.py:95 | Created chunk 140: 97 chars
2026-01-20 13:35:56 | edumind.text_chunker | DEBUG    | text_chunker.py:95 | Created chunk 141: 97 chars
2026-01-20 13:35:56 | edumind.text_chunker | DEBUG    | text_chunker.py:95 | Created chunk 142: 96 chars
2026-01-20 13:35:56 | edumind.text_chunker | DEBUG    | text_chunker.py:95 | Created chunk 143: 95 chars
2026-01-20 13:35:56 | edumind.text_chunker | DEBUG    | text_chunker.py:95 | Created chunk 144: 94 chars
2026-01-20 13:35:56 | edumind.text_chunker | DEBUG    | text_chunker.py:95 | Created chunk 145: 92 chars
2026-01-20 13:35:56 | edumind.text_chunker | DEBUG    | text_chunker.py:95 | Created chunk 146: 92 chars
2026-01-20 13:35:56 | edumind.text_chunker | DEBUG    | text_chunker.py:95 | Created chunk 147: 91 chars
2026-01-20 13:35:56 | edumind.text_chunker | DEBUG    | text_chunker.py:95 | Created chunk 148: 89 chars
2026-01-20 13:35:56 | edumind.text_chunker | DEBUG    | text_chunker.py:95 | Created chunk 149: 89 chars
2026-01-20 13:35:56 | edumind.text_chunker | DEBUG    | text_chunker.py:95 | Created chunk 150: 88 chars
2026-01-20 13:35:56 | edumind.text_chunker | DEBUG    | text_chunker.py:95 | Created chunk 151: 87 chars
2026-01-20 13:35:56 | edumind.text_chunker | DEBUG    | text_chunker.py:95 | Created chunk 152: 86 chars
2026-01-20 13:35:56 | edumind.text_chunker | DEBUG    | text_chunker.py:95 | Created chunk 153: 99 chars
2026-01-20 13:35:56 | edumind.text_chunker | DEBUG    | text_chunker.py:95 | Created chunk 154: 97 chars
2026-01-20 13:35:56 | edumind.text_chunker | DEBUG    | text_chunker.py:95 | Created chunk 155: 97 chars
2026-01-20 13:35:56 | edumind.text_chunker | DEBUG    | text_chunker.py:95 | Created chunk 156: 96 chars
2026-01-20 13:35:56 | edumind.text_chunker | DEBUG    | text_chunker.py:95 | Created chunk 157: 95 chars
2026-01-20 13:35:56 | edumind.text_chunker | DEBUG    | text_chunker.py:95 | Created chunk 158: 94 chars
2026-01-20 13:35:56 | edumind.text_chunker | DEBUG    | text_chunker.py:95 | Created chunk 159: 92 chars
2026-01-20 13:35:56 | edumind.text_chunker | DEBUG    | text_chunker.py:95 | Created chunk 160: 92 chars
2026-01-20 13:35:56 | edumind.text_chunker | DEBUG    | text_chunker.py:95 | Created chunk 161: 91 chars
2026-01-20 13:35:56 | edumind.text_chunker | DEBUG    | text_chunker.py:95 | Created chunk 162: 89 chars
2026-01-20 13:35:56 | edumind.text_chunker | DEBUG    | text_chunker.py:95 | Created chunk 163: 89 chars
2026-01-20 13:35:56 | edumind.text_chunker | DEBUG    | text_chunker.py:95 | Created chunk 164: 88 chars
2026-01-20 13:35:56 | edumind.text_chunker | DEBUG    | text_chunker.py:95 | Created chunk 165: 87 chars
2026-01-20 13:35:56 | edumind.text_chunker | DEBUG    | text_chunker.py:95 | Created chunk 166: 86 chars
2026-01-20 13:35:56 | edumind.text_chunker | DEBUG    | text_chunker.py:95 | Created chunk 167: 99 chars
2026-01-20 13:35:56 | edumind.text_chunker | DEBUG    | text_chunker.py:95 | Created chunk 168: 97 chars
2026-01-20 13:35:56 | edumind.text_chunker | DEBUG    | text_chunker.py:95 | Created chunk 169: 97 chars
2026-01-20 13:35:56 | edumind.text_chunker | DEBUG    | text_chunker.py:95 | Created chunk 170: 96 chars
2026-01-20 13:35:56 | edumind.text_chunker | DEBUG    | text_chunker.py:95 | Created chunk 171: 95 chars
2026-01-20 13:35:56 | edumind.text_chunker | DEBUG    | text_chunker.py:95 | Created chunk 172: 94 chars
2026-01-20 13:35:56 | edumind.text_chunker | DEBUG    | text_chunker.py:95 | Created chunk 173: 92 chars
2026-01-20 13:35:56 | edumind.text_chunker | DEBUG    | text_chunker.py:95 | Created chunk 174: 92 chars
2026-01-20 13:35:56 | edumind.text_chunker | DEBUG    | text_chunker.py:95 | Created chunk 175: 91 chars
2026-01-20 13:35:56 | edumind.text_chunker | DEBUG    | text_chunker.py:95 | Created chunk 176: 89 chars
2026-01-20 13:35:56 | edumind.text_chunker | DEBUG    | text_chunker.py:95 | Created chunk 177: 89 chars
2026-01-20 13:35:56 | edumind.text_chunker | DEBUG    | text_chunker.py:95 | Created chunk 178: 88 chars
2026-01-20 13:35:56 | edumind.text_chunker | DEBUG    | text_chunker.py:95 | Created chunk 179: 87 chars
2026-01-20 13:35:56 | edumind.text_chunker | DEBUG    | text_chunker.py:95 | Created chunk 180: 100 chars
2026-01-20 13:35:56 | edumind.text_chunker | INFO     | text_chunker.py:103 | Split text into 180 chunks (avg: 92 chars)
2026-01-20 15:27:52 | edumind.json_parser  | DEBUG    | json_parser.py:54 | Parsed JSON using direct parse
2026-01-20 15:27:52 | edumind.json_parser  | DEBUG    | json_parser.py:54 | Parsed JSON using direct parse
2026-01-20 15:27:52 | edumind.json_parser  | DEBUG    | json_parser.py:66 | Parsed JSON by extracting object
2026-01-20 15:27:52 | edumind.json_parser  | DEBUG    | json_parser.py:66 | Parsed JSON by extracting object
2026-01-20 15:27:52 | edumind.json_parser  | DEBUG    | json_parser.py:104 | Parsed JSON after fixing trailing commas
2026-01-20 15:27:52 | edumind.json_parser  | DEBUG    | json_parser.py:104 | Parsed JSON after fixing trailing commas
2026-01-20 15:27:52 | edumind.json_parser  | WARNING  | json_parser.py:43 | Empty input string
2026-01-20 15:27:52 | edumind.json_parser  | WARNING  | json_parser.py:39 | Input is not a string: <class 'int'>
2026-01-20 15:27:52 | edumind.json_parser  | ERROR    | json_parser.py:160 | Failed to parse JSON after trying: ['direct_parse', 'extract_object', 'extract_array', 'clean_markdown', 'fix_trailing_commas', 'fix_single_quotes', 'nested_markdown', 'aggressive_brackets']
2026-01-20 15:27:52 | edumind.json_parser  | DEBUG    | json_parser.py:161 | Raw input (first 500 chars): not json at all
2026-01-20 15:27:53 | edumind.json_parser  | ERROR    | json_parser.py:160 | Failed to parse JSON after trying: ['direct_parse', 'extract_object', 'extract_array', 'clean_markdown', 'fix_trailing_commas', 'fix_single_quotes', 'nested_markdown', 'aggressive_brackets']
2026-01-20 15:27:53 | edumind.json_parser  | DEBUG    | json_parser.py:161 | Raw input (first 500 chars): [1, 2]
2026-01-20 15:27:53 | edumind.json_parser  | ERROR    | json_parser.py:160 | Failed to parse JSON after trying: ['direct_parse', 'extract_object', 'extract_array', 'clean_markdown', 'fix_trailing_commas', 'fix_single_quotes', 'nested_markdown', 'aggressive_brackets']
2026-01-20 15:27:53 | edumind.json_parser  | DEBUG    | json_parser.py:161 | Raw input (first 500 chars): {"key": "value"}
2026-01-20 15:27:53 | edumind.json_parser  | ERROR    | json_parser.py:160 | Failed to parse JSON after trying: ['direct_parse', 'extract_object', 'extract_array', 'clean_markdown', 'fix_trailing_commas', 'fix_single_quotes', 'nested_markdown', 'aggressive_brackets']
2026-01-20 15:27:53 | edumind.json_parser  | DEBUG    | json_parser.py:161 | Raw input (first 500 chars): invalid
2026-01-20 15:27:53 | edumind.json_parser  | DEBUG    | json_parser.py:54 | Parsed JSON using direct parse
2026-01-20 15:27:53 | edumind.json_parser  | DEBUG    | json_parser.py:54 | Parsed JSON using direct parse
2026-01-20 15:27:53 | edumind.json_parser  | INFO     | json_parser.py:204 | Extracted 1 valid quiz questions from 1 items
2026-01-20 15:27:53 | edumind.json_parser  | DEBUG    | json_parser.py:78 | Parsed JSON by extracting array
2026-01-20 15:27:53 | edumind.json_parser  | INFO     | json_parser.py:204 | Extracted 1 valid quiz questions from 1 items
2026-01-20 15:27:53 | edumind.json_parser  | DEBUG    | json_parser.py:54 | Parsed JSON using direct parse
2026-01-20 15:27:53 | edumind.json_parser  | WARNING  | json_parser.py:202 | Quiz item 0 missing fields: ['options', 'answer']
2026-01-20 15:27:53 | edumind.json_parser  | INFO     | json_parser.py:204 | Extracted 1 valid quiz questions from 2 items
2026-01-20 15:27:53 | edumind.json_parser  | WARNING  | json_parser.py:43 | Empty input string
2026-01-20 15:27:53 | edumind.json_parser  | DEBUG    | json_parser.py:54 | Parsed JSON using direct parse
2026-01-20 15:27:53 | edumind.json_parser  | INFO     | json_parser.py:239 | Extracted 2 valid flashcards from 2 items
2026-01-20 15:27:53 | edumind.json_parser  | DEBUG    | json_parser.py:54 | Parsed JSON using direct parse
2026-01-20 15:27:53 | edumind.json_parser  | INFO     | json_parser.py:239 | Extracted 1 valid flashcards from 1 items
2026-01-20 15:27:53 | edumind.json_parser  | WARNING  | json_parser.py:43 | Empty input string
2026-01-20 15:27:53 | edumind.json_parser  | DEBUG    | json_parser.py:54 | Parsed JSON using direct parse
2026-01-20 15:27:53 | edumind.json_parser  | INFO     | json_parser.py:276 | Extracted concept map with 3 nodes and 1 edges
2026-01-20 15:27:53 | edumind.json_parser  | DEBUG    | json_parser.py:54 | Parsed JSON using direct parse
2026-01-20 15:27:53 | edumind.json_parser  | INFO     | json_parser.py:276 | Extracted concept map with 2 nodes and 0 edges
2026-01-20 15:27:53 | edumind.json_parser  | WARNING  | json_parser.py:43 | Empty input string
2026-01-20 15:27:53 | edumind.spaced_repetition | INFO     | spaced_repetition.py:98 | Spaced Repetition Service initialized
2026-01-20 15:27:53 | edumind.spaced_repetition | DEBUG    | spaced_repetition.py:118 | Reviewing card 1 with quality 4
2026-01-20 15:27:53 | edumind.spaced_repetition | INFO     | spaced_repetition.py:151 | Card 1: interval=1d, EF=2.50, next review=2026-01-21
2026-01-20 15:27:53 | edumind.spaced_repetition | INFO     | spaced_repetition.py:98 | Spaced Repetition Service initialized
2026-01-20 15:27:53 | edumind.spaced_repetition | DEBUG    | spaced_repetition.py:118 | Reviewing card 1 with quality 4
2026-01-20 15:27:53 | edumind.spaced_repetition | INFO     | spaced_repetition.py:151 | Card 1: interval=1d, EF=2.50, next review=2026-01-21
2026-01-20 15:27:53 | edumind.spaced_repetition | DEBUG    | spaced_repetition.py:118 | Reviewing card 1 with quality 4
2026-01-20 15:27:53 | edumind.spaced_repetition | INFO     | spaced_repetition.py:151 | Card 1: interval=6d, EF=2.50, next review=2026-01-26
2026-01-20 15:27:53 | edumind.spaced_repetition | INFO     | spaced_repetition.py:98 | Spaced Repetition Service initialized
2026-01-20 15:27:53 | edumind.spaced_repetition | DEBUG    | spaced_repetition.py:118 | Reviewing card 1 with quality 4
2026-01-20 15:27:53 | edumind.spaced_repetition | INFO     | spaced_repetition.py:151 | Card 1: interval=1d, EF=2.50, next review=2026-01-21
2026-01-20 15:27:53 | edumind.spaced_repetition | DEBUG    | spaced_repetition.py:118 | Reviewing card 1 with quality 4
2026-01-20 15:27:53 | edumind.spaced_repetition | INFO     | spaced_repetition.py:151 | Card 1: interval=6d, EF=2.50, next review=2026-01-26
2026-01-20 15:27:53 | edumind.spaced_repetition | DEBUG    | spaced_repetition.py:118 | Reviewing card 1 with quality 4
2026-01-20 15:27:53 | edumind.spaced_repetition | INFO     | spaced_repetition.py:151 | Card 1: interval=15d, EF=2.50, next review=2026-02-04
2026-01-20 15:27:53 | edumind.spaced_repetition | INFO     | spaced_repetition.py:98 | Spaced Repetition Service initialized
2026-01-20 15:27:53 | edumind.spaced_repetition | DEBUG    | spaced_repetition.py:118 | Reviewing card 1 with quality 4
2026-01-20 15:27:53 | edumind.spaced_repetition | INFO     | spaced_repetition.py:151 | Card 1: interval=1d, EF=2.50, next review=2026-01-21
2026-01-20 15:27:53 | edumind.spaced_repetition | DEBUG    | spaced_repetition.py:118 | Reviewing card 1 with quality 4
2026-01-20 15:27:53 | edumind.spaced_repetition | INFO     | spaced_repetition.py:151 | Card 1: interval=6d, EF=2.50, next review=2026-01-26
2026-01-20 15:27:53 | edumind.spaced_repetition | DEBUG    | spaced_repetition.py:118 | Reviewing card 1 with quality 1
2026-01-20 15:27:53 | edumind.spaced_repetition | DEBUG    | spaced_repetition.py:128 | Card 1 failed, resetting to interval 1
2026-01-20 15:27:53 | edumind.spaced_repetition | INFO     | spaced_repetition.py:151 | Card 1: interval=1d, EF=1.96, next review=2026-01-21
2026-01-20 15:27:53 | edumind.spaced_repetition | INFO     | spaced_repetition.py:98 | Spaced Repetition Service initialized
2026-01-20 15:27:53 | edumind.spaced_repetition | DEBUG    | spaced_repetition.py:118 | Reviewing card 1 with quality 5
2026-01-20 15:27:53 | edumind.spaced_repetition | INFO     | spaced_repetition.py:151 | Card 1: interval=1d, EF=2.60, next review=2026-01-21
2026-01-20 15:27:53 | edumind.spaced_repetition | INFO     | spaced_repetition.py:98 | Spaced Repetition Service initialized
2026-01-20 15:27:53 | edumind.spaced_repetition | DEBUG    | spaced_repetition.py:118 | Reviewing card 1 with quality 3
2026-01-20 15:27:53 | edumind.spaced_repetition | INFO     | spaced_repetition.py:151 | Card 1: interval=1d, EF=2.36, next review=2026-01-21
2026-01-20 15:27:53 | edumind.spaced_repetition | INFO     | spaced_repetition.py:98 | Spaced Repetition Service initialized
2026-01-20 15:27:53 | edumind.spaced_repetition | DEBUG    | spaced_repetition.py:118 | Reviewing card 1 with quality 3
2026-01-20 15:27:53 | edumind.spaced_repetition | INFO     | spaced_repetition.py:151 | Card 1: interval=1d, EF=2.36, next review=2026-01-21
2026-01-20 15:27:53 | edumind.spaced_repetition | DEBUG    | spaced_repetition.py:118 | Reviewing card 1 with quality 3
2026-01-20 15:27:53 | edumind.spaced_repetition | INFO     | spaced_repetition.py:151 | Card 1: interval=6d, EF=2.22, next review=2026-01-26
2026-01-20 15:27:53 | edumind.spaced_repetition | DEBUG    | spaced_repetition.py:118 | Reviewing card 1 with quality 3
2026-01-20 15:27:53 | edumind.spaced_repetition | INFO     | spaced_repetition.py:151 | Card 1: interval=13d, EF=2.08, next review=2026-02-02
2026-01-20 15:27:53 | edumind.spaced_repetition | DEBUG    | spaced_repetition.py:118 | Reviewing card 1 with quality 3
2026-01-20 15:27:53 | edumind.spaced_repetition | INFO     | spaced_repetition.py:151 | Card 1: interval=27d, EF=1.94, next review=2026-02-16
2026-01-20 15:27:53 | edumind.spaced_repetition | DEBUG    | spaced_repetition.py:118 | Reviewing card 1 with quality 3
2026-01-20 15:27:53 | edumind.spaced_repetition | INFO     | spaced_repetition.py:151 | Card 1: interval=52d, EF=1.80, next review=2026-03-13
2026-01-20 15:27:53 | edumind.spaced_repetition | DEBUG    | spaced_repetition.py:118 | Reviewing card 1 with quality 3
2026-01-20 15:27:53 | edumind.spaced_repetition | INFO     | spaced_repetition.py:151 | Card 1: interval=94d, EF=1.66, next review=2026-04-24
2026-01-20 15:27:53 | edumind.spaced_repetition | DEBUG    | spaced_repetition.py:118 | Reviewing card 1 with quality 3
2026-01-20 15:27:53 | edumind.spaced_repetition | INFO     | spaced_repetition.py:151 | Card 1: interval=156d, EF=1.52, next review=2026-06-25
2026-01-20 15:27:53 | edumind.spaced_repetition | DEBUG    | spaced_repetition.py:118 | Reviewing card 1 with quality 3
2026-01-20 15:27:53 | edumind.spaced_repetition | INFO     | spaced_repetition.py:151 | Card 1: interval=237d, EF=1.38, next review=2026-09-14
2026-01-20 15:27:53 | edumind.spaced_repetition | DEBUG    | spaced_repetition.py:118 | Reviewing card 1 with quality 3
2026-01-20 15:27:53 | edumind.spaced_repetition | INFO     | spaced_repetition.py:151 | Card 1: interval=327d, EF=1.30, next review=2026-12-13
2026-01-20 15:27:53 | edumind.spaced_repetition | DEBUG    | spaced_repetition.py:118 | Reviewing card 1 with quality 3
2026-01-20 15:27:53 | edumind.spaced_repetition | INFO     | spaced_repetition.py:151 | Card 1: interval=425d, EF=1.30, next review=2027-03-21
2026-01-20 15:27:53 | edumind.spaced_repetition | DEBUG    | spaced_repetition.py:118 | Reviewing card 1 with quality 3
2026-01-20 15:27:53 | edumind.spaced_repetition | INFO     | spaced_repetition.py:151 | Card 1: interval=552d, EF=1.30, next review=2027-07-26
2026-01-20 15:27:53 | edumind.spaced_repetition | DEBUG    | spaced_repetition.py:118 | Reviewing card 1 with quality 3
2026-01-20 15:27:53 | edumind.spaced_repetition | INFO     | spaced_repetition.py:151 | Card 1: interval=718d, EF=1.30, next review=2028-01-08
2026-01-20 15:27:53 | edumind.spaced_repetition | DEBUG    | spaced_repetition.py:118 | Reviewing card 1 with quality 3
2026-01-20 15:27:53 | edumind.spaced_repetition | INFO     | spaced_repetition.py:151 | Card 1: interval=933d, EF=1.30, next review=2028-08-10
2026-01-20 15:27:53 | edumind.spaced_repetition | DEBUG    | spaced_repetition.py:118 | Reviewing card 1 with quality 3
2026-01-20 15:27:53 | edumind.spaced_repetition | INFO     | spaced_repetition.py:151 | Card 1: interval=1213d, EF=1.30, next review=2029-05-17
2026-01-20 15:27:53 | edumind.spaced_repetition | DEBUG    | spaced_repetition.py:118 | Reviewing card 1 with quality 3
2026-01-20 15:27:53 | edumind.spaced_repetition | INFO     | spaced_repetition.py:151 | Card 1: interval=1577d, EF=1.30, next review=2030-05-16
2026-01-20 15:27:53 | edumind.spaced_repetition | DEBUG    | spaced_repetition.py:118 | Reviewing card 1 with quality 3
2026-01-20 15:27:53 | edumind.spaced_repetition | INFO     | spaced_repetition.py:151 | Card 1: interval=2050d, EF=1.30, next review=2031-09-01
2026-01-20 15:27:53 | edumind.spaced_repetition | DEBUG    | spaced_repetition.py:118 | Reviewing card 1 with quality 3
2026-01-20 15:27:53 | edumind.spaced_repetition | INFO     | spaced_repetition.py:151 | Card 1: interval=2665d, EF=1.30, next review=2033-05-08
2026-01-20 15:27:53 | edumind.spaced_repetition | DEBUG    | spaced_repetition.py:118 | Reviewing card 1 with quality 3
2026-01-20 15:27:53 | edumind.spaced_repetition | INFO     | spaced_repetition.py:151 | Card 1: interval=3464d, EF=1.30, next review=2035-07-16
2026-01-20 15:27:53 | edumind.spaced_repetition | DEBUG    | spaced_repetition.py:118 | Reviewing card 1 with quality 3
2026-01-20 15:27:53 | edumind.spaced_repetition | INFO     | spaced_repetition.py:151 | Card 1: interval=4503d, EF=1.30, next review=2038-05-20
2026-01-20 15:27:53 | edumind.spaced_repetition | DEBUG    | spaced_repetition.py:118 | Reviewing card 1 with quality 3
2026-01-20 15:27:53 | edumind.spaced_repetition | INFO     | spaced_repetition.py:151 | Card 1: interval=5854d, EF=1.30, next review=2042-01-30
2026-01-20 15:27:53 | edumind.spaced_repetition | INFO     | spaced_repetition.py:98 | Spaced Repetition Service initialized
2026-01-20 15:27:53 | edumind.spaced_repetition | DEBUG    | spaced_repetition.py:118 | Reviewing card 1 with quality 4
2026-01-20 15:27:53 | edumind.spaced_repetition | INFO     | spaced_repetition.py:151 | Card 1: interval=1d, EF=2.50, next review=2026-01-21
2026-01-20 15:27:53 | edumind.spaced_repetition | INFO     | spaced_repetition.py:98 | Spaced Repetition Service initialized
2026-01-20 15:27:53 | edumind.spaced_repetition | INFO     | spaced_repetition.py:172 | Found 2 cards due for review
2026-01-20 15:27:53 | edumind.spaced_repetition | INFO     | spaced_repetition.py:98 | Spaced Repetition Service initialized
2026-01-20 15:27:54 | edumind.spaced_repetition | INFO     | spaced_repetition.py:98 | Spaced Repetition Service initialized
2026-01-20 15:27:54 | edumind.spaced_repetition | DEBUG    | spaced_repetition.py:118 | Reviewing card 1 with quality 0
2026-01-20 15:27:54 | edumind.spaced_repetition | DEBUG    | spaced_repetition.py:128 | Card 1 failed, resetting to interval 1
2026-01-20 15:27:54 | edumind.spaced_repetition | INFO     | spaced_repetition.py:151 | Card 1: interval=1d, EF=1.70, next review=2026-01-21
2026-01-20 15:27:54 | edumind.spaced_repetition | DEBUG    | spaced_repetition.py:118 | Reviewing card 1 with quality 3
2026-01-20 15:27:54 | edumind.spaced_repetition | INFO     | spaced_repetition.py:151 | Card 1: interval=15d, EF=2.36, next review=2026-02-04
2026-01-20 15:27:54 | edumind.spaced_repetition | DEBUG    | spaced_repetition.py:118 | Reviewing card 1 with quality 4
2026-01-20 15:27:54 | edumind.spaced_repetition | INFO     | spaced_repetition.py:151 | Card 1: interval=15d, EF=2.50, next review=2026-02-04
2026-01-20 15:27:54 | edumind.spaced_repetition | DEBUG    | spaced_repetition.py:118 | Reviewing card 1 with quality 5
2026-01-20 15:27:54 | edumind.spaced_repetition | INFO     | spaced_repetition.py:151 | Card 1: interval=15d, EF=2.60, next review=2026-02-04
2026-01-20 15:27:54 | edumind.text_chunker | DEBUG    | text_chunker.py:69 | Text fits in single chunk (21 chars)
2026-01-20 15:27:54 | edumind.text_chunker | WARNING  | text_chunker.py:57 | Empty text provided for chunking
2026-01-20 15:27:54 | edumind.text_chunker | WARNING  | text_chunker.py:64 | Only whitespace provided for chunking
2026-01-20 15:27:54 | edumind.text_chunker | DEBUG    | text_chunker.py:95 | Created chunk 1: 199 chars
2026-01-20 15:27:54 | edumind.text_chunker | DEBUG    | text_chunker.py:95 | Created chunk 2: 199 chars
2026-01-20 15:27:54 | edumind.text_chunker | DEBUG    | text_chunker.py:95 | Created chunk 3: 199 chars
2026-01-20 15:27:54 | edumind.text_chunker | DEBUG    | text_chunker.py:95 | Created chunk 4: 199 chars
2026-01-20 15:27:54 | edumind.text_chunker | DEBUG    | text_chunker.py:95 | Created chunk 5: 199 chars
2026-01-20 15:27:54 | edumind.text_chunker | DEBUG    | text_chunker.py:95 | Created chunk 6: 199 chars
2026-01-20 15:27:54 | edumind.text_chunker | DEBUG    | text_chunker.py:95 | Created chunk 7: 199 chars
2026-01-20 15:27:54 | edumind.text_chunker | DEBUG    | text_chunker.py:95 | Created chunk 8: 199 chars
2026-01-20 15:27:54 | edumind.text_chunker | DEBUG    | text_chunker.py:95 | Created chunk 9: 199 chars
2026-01-20 15:27:54 | edumind.text_chunker | INFO     | text_chunker.py:103 | Split text into 9 chunks (avg: 199 chars)
2026-01-20 15:27:54 | edumind.text_chunker | DEBUG    | text_chunker.py:95 | Created chunk 1: 32 chars
2026-01-20 15:27:54 | edumind.text_chunker | DEBUG    | text_chunker.py:95 | Created chunk 2: 31 chars
2026-01-20 15:27:54 | edumind.text_chunker | DEBUG    | text_chunker.py:95 | Created chunk 3: 30 chars
2026-01-20 15:27:54 | edumind.text_chunker | DEBUG    | text_chunker.py:95 | Created chunk 4: 29 chars
2026-01-20 15:27:54 | edumind.text_chunker | DEBUG    | text_chunker.py:95 | Created chunk 5: 28 chars
2026-01-20 15:27:54 | edumind.text_chunker | DEBUG    | text_chunker.py:95 | Created chunk 6: 26 chars
2026-01-20 15:27:54 | edumind.text_chunker | DEBUG    | text_chunker.py:95 | Created chunk 7: 26 chars
2026-01-20 15:27:54 | edumind.text_chunker | DEBUG    | text_chunker.py:95 | Created chunk 8: 25 chars
2026-01-20 15:27:54 | edumind.text_chunker | DEBUG    | text_chunker.py:95 | Created chunk 9: 24 chars
2026-01-20 15:27:54 | edumind.text_chunker | DEBUG    | text_chunker.py:95 | Created chunk 10: 39 chars
2026-01-20 15:27:54 | edumind.text_chunker | DEBUG    | text_chunker.py:95 | Created chunk 11: 38 chars
2026-01-20 15:27:54 | edumind.text_chunker | DEBUG    | text_chunker.py:95 | Created chunk 12: 37 chars
2026-01-20 15:27:54 | edumind.text_chunker | DEBUG    | text_chunker.py:95 | Created chunk 13: 36 chars
2026-01-20 15:27:54 | edumind.text_chunker | DEBUG    | text_chunker.py:95 | Created chunk 14: 35 chars
2026-01-20 15:27:54 | edumind.text_chunker | DEBUG    | text_chunker.py:95 | Created chunk 15: 34 chars
2026-01-20 15:27:54 | edumind.text_chunker | DEBUG    | text_chunker.py:95 | Created chunk 16: 32 chars
2026-01-20 15:27:54 | edumind.text_chunker | DEBUG    | text_chunker.py:95 | Created chunk 17: 32 chars
2026-01-20 15:27:54 | edumind.text_chunker | DEBUG    | text_chunker.py:95 | Created chunk 18: 31 chars
2026-01-20 15:27:54 | edumind.text_chunker | DEBUG    | text_chunker.py:95 | Created chunk 19: 30 chars
2026-01-20 15:27:54 | edumind.text_chunker | DEBUG    | text_chunker.py:95 | Created chunk 20: 29 chars
2026-01-20 15:27:54 | edumind.text_chunker | DEBUG    | text_chunker.py:95 | Created chunk 21: 28 chars
2026-01-20 15:27:54 | edumind.text_chunker | DEBUG    | text_chunker.py:95 | Created chunk 22: 27 chars
2026-01-20 15:27:54 | edumind.text_chunker | DEBUG    | text_chunker.py:95 | Created chunk 23: 25 chars
2026-01-20 15:27:54 | edumind.text_chunker | DEBUG    | text_chunker.py:95 | Created chunk 24: 25 chars
2026-01-20 15:27:54 | edumind.text_chunker | DEBUG    | text_chunker.py:95 | Created chunk 25: 24 chars
2026-01-20 15:27:54 | edumind.text_chunker | DEBUG    | text_chunker.py:95 | Created chunk 26: 40 chars
2026-01-20 15:27:54 | edumind.text_chunker | INFO     | text_chunker.py:103 | Split text into 26 chunks (avg: 30 chars)
2026-01-20 15:27:54 | edumind.text_chunker | DEBUG    | text_chunker.py:95 | Created chunk 1: 27 chars
2026-01-20 15:27:54 | edumind.text_chunker | DEBUG    | text_chunker.py:95 | Created chunk 2: 26 chars
2026-01-20 15:27:54 | edumind.text_chunker | DEBUG    | text_chunker.py:95 | Created chunk 3: 25 chars
2026-01-20 15:27:54 | edumind.text_chunker | DEBUG    | text_chunker.py:95 | Created chunk 4: 24 chars
2026-01-20 15:27:54 | edumind.text_chunker | DEBUG    | text_chunker.py:95 | Created chunk 5: 43 chars
2026-01-20 15:27:54 | edumind.text_chunker | DEBUG    | text_chunker.py:95 | Created chunk 6: 42 chars
2026-01-20 15:27:54 | edumind.text_chunker | DEBUG    | text_chunker.py:95 | Created chunk 7: 41 chars
2026-01-20 15:27:54 | edumind.text_chunker | DEBUG    | text_chunker.py:95 | Created chunk 8: 49 chars
2026-01-20 15:27:54 | edumind.text_chunker | DEBUG    | text_chunker.py:95 | Created chunk 9: 48 chars
2026-01-20 15:27:54 | edumind.text_chunker | DEBUG    | text_chunker.py:95 | Created chunk 10: 46 chars
2026-01-20 15:27:54 | edumind.text_chunker | DEBUG    | text_chunker.py:95 | Created chunk 11: 46 chars
2026-01-20 15:27:54 | edumind.text_chunker | DEBUG    | text_chunker.py:95 | Created chunk 12: 45 chars
2026-01-20 15:27:54 | edumind.text_chunker | DEBUG    | text_chunker.py:95 | Created chunk 13: 44 chars
2026-01-20 15:27:54 | edumind.text_chunker | DEBUG    | text_chunker.py:95 | Created chunk 14: 42 chars
2026-01-20 15:27:54 | edumind.text_chunker | DEBUG    | text_chunker.py:95 | Created chunk 15: 42 chars
2026-01-20 15:27:54 | edumind.text_chunker | DEBUG    | text_chunker.py:95 | Created chunk 16: 41 chars
2026-01-20 15:27:54 | edumind.text_chunker | DEBUG    | text_chunker.py:95 | Created chunk 17: 40 chars
2026-01-20 15:27:54 | edumind.text_chunker | DEBUG    | text_chunker.py:95 | Created chunk 18: 39 chars
2026-01-20 15:27:54 | edumind.text_chunker | DEBUG    | text_chunker.py:95 | Created chunk 19: 37 chars
2026-01-20 15:27:54 | edumind.text_chunker | DEBUG    | text_chunker.py:95 | Created chunk 20: 37 chars
2026-01-20 15:27:54 | edumind.text_chunker | DEBUG    | text_chunker.py:95 | Created chunk 21: 36 chars
2026-01-20 15:27:54 | edumind.text_chunker | DEBUG    | text_chunker.py:95 | Created chunk 22: 35 chars
2026-01-20 15:27:54 | edumind.text_chunker | DEBUG    | text_chunker.py:95 | Created chunk 23: 34 chars
2026-01-20 15:27:54 | edumind.text_chunker | DEBUG    | text_chunker.py:95 | Created chunk 24: 33 chars
2026-01-20 15:27:54 | edumind.text_chunker | DEBUG    | text_chunker.py:95 | Created chunk 25: 50 chars
2026-01-20 15:27:54 | edumind.text_chunker | INFO     | text_chunker.py:103 | Split text into 25 chunks (avg: 38 chars)
2026-01-20 15:27:54 | edumind.text_chunker | DEBUG    | text_chunker.py:95 | Created chunk 1: 49 chars
2026-01-20 15:27:54 | edumind.text_chunker | DEBUG    | text_chunker.py:95 | Created chunk 2: 48 chars
2026-01-20 15:27:54 | edumind.text_chunker | DEBUG    | text_chunker.py:95 | Created chunk 3: 47 chars
2026-01-20 15:27:54 | edumind.text_chunker | DEBUG    | text_chunker.py:95 | Created chunk 4: 46 chars
2026-01-20 15:27:54 | edumind.text_chunker | DEBUG    | text_chunker.py:95 | Created chunk 5: 44 chars
2026-01-20 15:27:54 | edumind.text_chunker | DEBUG    | text_chunker.py:95 | Created chunk 6: 49 chars
2026-01-20 15:27:54 | edumind.text_chunker | DEBUG    | text_chunker.py:95 | Created chunk 7: 48 chars
2026-01-20 15:27:54 | edumind.text_chunker | DEBUG    | text_chunker.py:95 | Created chunk 8: 47 chars
2026-01-20 15:27:54 | edumind.text_chunker | DEBUG    | text_chunker.py:95 | Created chunk 9: 46 chars
2026-01-20 15:27:54 | edumind.text_chunker | DEBUG    | text_chunker.py:95 | Created chunk 10: 44 chars
2026-01-20 15:27:54 | edumind.text_chunker | DEBUG    | text_chunker.py:95 | Created chunk 11: 49 chars
2026-01-20 15:27:54 | edumind.text_chunker | DEBUG    | text_chunker.py:95 | Created chunk 12: 48 chars
2026-01-20 15:27:54 | edumind.text_chunker | DEBUG    | text_chunker.py:95 | Created chunk 13: 47 chars
2026-01-20 15:27:54 | edumind.text_chunker | DEBUG    | text_chunker.py:95 | Created chunk 14: 46 chars
2026-01-20 15:27:54 | edumind.text_chunker | DEBUG    | text_chunker.py:95 | Created chunk 15: 44 chars
2026-01-20 15:27:54 | edumind.text_chunker | DEBUG    | text_chunker.py:95 | Created chunk 16: 49 chars
2026-01-20 15:27:54 | edumind.text_chunker | DEBUG    | text_chunker.py:95 | Created chunk 17: 48 chars
2026-01-20 15:27:54 | edumind.text_chunker | DEBUG    | text_chunker.py:95 | Created chunk 18: 47 chars
2026-01-20 15:27:54 | edumind.text_chunker | DEBUG    | text_chunker.py:95 | Created chunk 19: 46 chars
2026-01-20 15:27:54 | edumind.text_chunker | DEBUG    | text_chunker.py:95 | Created chunk 20: 44 chars
2026-01-20 15:27:54 | edumind.text_chunker | DEBUG    | text_chunker.py:95 | Created chunk 21: 49 chars
2026-01-20 15:27:54 | edumind.text_chunker | DEBUG    | text_chunker.py:95 | Created chunk 22: 48 chars
2026-01-20 15:27:54 | edumind.text_chunker | DEBUG    | text_chunker.py:95 | Created chunk 23: 47 chars
2026-01-20 15:27:54 | edumind.text_chunker | DEBUG    | text_chunker.py:95 | Created chunk 24: 46 chars
2026-01-20 15:27:54 | edumind.text_chunker | DEBUG    | text_chunker.py:95 | Created chunk 25: 44 chars
2026-01-20 15:27:54 | edumind.text_chunker | DEBUG    | text_chunker.py:95 | Created chunk 26: 49 chars
2026-01-20 15:27:54 | edumind.text_chunker | DEBUG    | text_chunker.py:95 | Created chunk 27: 48 chars
2026-01-20 15:27:54 | edumind.text_chunker | DEBUG    | text_chunker.py:95 | Created chunk 28: 47 chars
2026-01-20 15:27:54 | edumind.text_chunker | DEBUG    | text_chunker.py:95 | Created chunk 29: 46 chars
2026-01-20 15:27:54 | edumind.text_chunker | DEBUG    | text_chunker.py:95 | Created chunk 30: 44 chars
2026-01-20 15:27:54 | edumind.text_chunker | DEBUG    | text_chunker.py:95 | Created chunk 31: 49 chars
2026-01-20 15:27:54 | edumind.text_chunker | DEBUG    | text_chunker.py:95 | Created chunk 32: 48 chars
2026-01-20 15:27:54 | edumind.text_chunker | DEBUG    | text_chunker.py:95 | Created chunk 33: 47 chars
2026-01-20 15:27:54 | edumind.text_chunker | DEBUG    | text_chunker.py:95 | Created chunk 34: 46 chars
2026-01-20 15:27:54 | edumind.text_chunker | DEBUG    | text_chunker.py:95 | Created chunk 35: 44 chars
2026-01-20 15:27:54 | edumind.text_chunker | DEBUG    | text_chunker.py:95 | Created chunk 36: 49 chars
2026-01-20 15:27:54 | edumind.text_chunker | DEBUG    | text_chunker.py:95 | Created chunk 37: 48 chars
2026-01-20 15:27:54 | edumind.text_chunker | DEBUG    | text_chunker.py:95 | Created chunk 38: 47 chars
2026-01-20 15:27:54 | edumind.text_chunker | DEBUG    | text_chunker.py:95 | Created chunk 39: 46 chars
2026-01-20 15:27:54 | edumind.text_chunker | DEBUG    | text_chunker.py:95 | Created chunk 40: 44 chars
2026-01-20 15:27:54 | edumind.text_chunker | DEBUG    | text_chunker.py:95 | Created chunk 41: 49 chars
2026-01-20 15:27:54 | edumind.text_chunker | DEBUG    | text_chunker.py:95 | Created chunk 42: 48 chars
2026-01-20 15:27:54 | edumind.text_chunker | DEBUG    | text_chunker.py:95 | Created chunk 43: 47 chars
2026-01-20 15:27:54 | edumind.text_chunker | DEBUG    | text_chunker.py:95 | Created chunk 44: 46 chars
2026-01-20 15:27:54 | edumind.text_chunker | DEBUG    | text_chunker.py:95 | Created chunk 45: 44 chars
2026-01-20 15:27:54 | edumind.text_chunker | DEBUG    | text_chunker.py:95 | Created chunk 46: 49 chars
2026-01-20 15:27:54 | edumind.text_chunker | DEBUG    | text_chunker.py:95 | Created chunk 47: 48 chars
2026-01-20 15:27:54 | edumind.text_chunker | DEBUG    | text_chunker.py:95 | Created chunk 48: 47 chars
2026-01-20 15:27:54 | edumind.text_chunker | DEBUG    | text_chunker.py:95 | Created chunk 49: 46 chars
2026-01-20 15:27:54 | edumind.text_chunker | DEBUG    | text_chunker.py:95 | Created chunk 50: 44 chars
2026-01-20 15:27:54 | edumind.text_chunker | DEBUG    | text_chunker.py:95 | Created chunk 51: 49 chars
2026-01-20 15:27:54 | edumind.text_chunker | DEBUG    | text_chunker.py:95 | Created chunk 52: 48 chars
2026-01-20 15:27:54 | edumind.text_chunker | DEBUG    | text_chunker.py:95 | Created chunk 53: 47 chars
2026-01-20 15:27:54 | edumind.text_chunker | DEBUG    | text_chunker.py:95 | Created chunk 54: 46 chars
2026-01-20 15:27:54 | edumind.text_chunker | DEBUG    | text_chunker.py:95 | Created chunk 55: 44 chars
2026-01-20 15:27:54 | edumind.text_chunker | DEBUG    | text_chunker.py:95 | Created chunk 56: 49 chars
2026-01-20 15:27:54 | edumind.text_chunker | DEBUG    | text_chunker.py:95 | Created chunk 57: 48 chars
2026-01-20 15:27:54 | edumind.text_chunker | DEBUG    | text_chunker.py:95 | Created chunk 58: 47 chars
2026-01-20 15:27:54 | edumind.text_chunker | DEBUG    | text_chunker.py:95 | Created chunk 59: 46 chars
2026-01-20 15:27:54 | edumind.text_chunker | DEBUG    | text_chunker.py:95 | Created chunk 60: 44 chars
2026-01-20 15:27:54 | edumind.text_chunker | DEBUG    | text_chunker.py:95 | Created chunk 61: 49 chars
2026-01-20 15:27:54 | edumind.text_chunker | DEBUG    | text_chunker.py:95 | Created chunk 62: 48 chars
2026-01-20 15:27:54 | edumind.text_chunker | DEBUG    | text_chunker.py:95 | Created chunk 63: 47 chars
2026-01-20 15:27:54 | edumind.text_chunker | DEBUG    | text_chunker.py:95 | Created chunk 64: 46 chars
2026-01-20 15:27:54 | edumind.text_chunker | DEBUG    | text_chunker.py:95 | Created chunk 65: 44 chars
2026-01-20 15:27:54 | edumind.text_chunker | DEBUG    | text_chunker.py:95 | Created chunk 66: 49 chars
2026-01-20 15:27:54 | edumind.text_chunker | DEBUG    | text_chunker.py:95 | Created chunk 67: 48 chars
2026-01-20 15:27:54 | edumind.text_chunker | DEBUG    | text_chunker.py:95 | Created chunk 68: 47 chars
2026-01-20 15:27:54 | edumind.text_chunker | DEBUG    | text_chunker.py:95 | Created chunk 69: 46 chars
2026-01-20 15:27:54 | edumind.text_chunker | DEBUG    | text_chunker.py:95 | Created chunk 70: 44 chars
2026-01-20 15:27:54 | edumind.text_chunker | DEBUG    | text_chunker.py:95 | Created chunk 71: 49 chars
2026-01-20 15:27:54 | edumind.text_chunker | DEBUG    | text_chunker.py:95 | Created chunk 72: 48 chars
2026-01-20 15:27:54 | edumind.text_chunker | DEBUG    | text_chunker.py:95 | Created chunk 73: 47 chars
2026-01-20 15:27:54 | edumind.text_chunker | DEBUG    | text_chunker.py:95 | Created chunk 74: 46 chars
2026-01-20 15:27:54 | edumind.text_chunker | DEBUG    | text_chunker.py:95 | Created chunk 75: 44 chars
2026-01-20 15:27:54 | edumind.text_chunker | DEBUG    | text_chunker.py:95 | Created chunk 76: 49 chars
2026-01-20 15:27:54 | edumind.text_chunker | DEBUG    | text_chunker.py:95 | Created chunk 77: 48 chars
2026-01-20 15:27:54 | edumind.text_chunker | DEBUG    | text_chunker.py:95 | Created chunk 78: 47 chars
2026-01-20 15:27:54 | edumind.text_chunker | DEBUG    | text_chunker.py:95 | Created chunk 79: 46 chars
2026-01-20 15:27:54 | edumind.text_chunker | DEBUG    | text_chunker.py:95 | Created chunk 80: 44 chars
2026-01-20 15:27:54 | edumind.text_chunker | DEBUG    | text_chunker.py:95 | Created chunk 81: 49 chars
2026-01-20 15:27:54 | edumind.text_chunker | DEBUG    | text_chunker.py:95 | Created chunk 82: 48 chars
2026-01-20 15:27:54 | edumind.text_chunker | DEBUG    | text_chunker.py:95 | Created chunk 83: 47 chars
2026-01-20 15:27:54 | edumind.text_chunker | DEBUG    | text_chunker.py:95 | Created chunk 84: 46 chars
2026-01-20 15:27:54 | edumind.text_chunker | DEBUG    | text_chunker.py:95 | Created chunk 85: 44 chars
2026-01-20 15:27:54 | edumind.text_chunker | DEBUG    | text_chunker.py:95 | Created chunk 86: 49 chars
2026-01-20 15:27:54 | edumind.text_chunker | DEBUG    | text_chunker.py:95 | Created chunk 87: 48 chars
2026-01-20 15:27:54 | edumind.text_chunker | DEBUG    | text_chunker.py:95 | Created chunk 88: 47 chars
2026-01-20 15:27:54 | edumind.text_chunker | DEBUG    | text_chunker.py:95 | Created chunk 89: 46 chars
2026-01-20 15:27:54 | edumind.text_chunker | DEBUG    | text_chunker.py:95 | Created chunk 90: 44 chars
2026-01-20 15:27:54 | edumind.text_chunker | DEBUG    | text_chunker.py:95 | Created chunk 91: 49 chars
2026-01-20 15:27:54 | edumind.text_chunker | DEBUG    | text_chunker.py:95 | Created chunk 92: 48 chars
2026-01-20 15:27:54 | edumind.text_chunker | DEBUG    | text_chunker.py:95 | Created chunk 93: 47 chars
2026-01-20 15:27:54 | edumind.text_chunker | DEBUG    | text_chunker.py:95 | Created chunk 94: 46 chars
2026-01-20 15:27:54 | edumind.text_chunker | DEBUG    | text_chunker.py:95 | Created chunk 95: 44 chars
2026-01-20 15:27:54 | edumind.text_chunker | DEBUG    | text_chunker.py:95 | Created chunk 96: 49 chars
2026-01-20 15:27:54 | edumind.text_chunker | DEBUG    | text_chunker.py:95 | Created chunk 97: 48 chars
2026-01-20 15:27:54 | edumind.text_chunker | DEBUG    | text_chunker.py:95 | Created chunk 98: 47 chars
2026-01-20 15:27:54 | edumind.text_chunker | DEBUG    | text_chunker.py:95 | Created chunk 99: 46 chars
2026-01-20 15:27:54 | edumind.text_chunker | DEBUG    | text_chunker.py:95 | Created chunk 100: 44 chars
2026-01-20 15:27:54 | edumind.text_chunker | DEBUG    | text_chunker.py:95 | Created chunk 101: 49 chars
2026-01-20 15:27:54 | edumind.text_chunker | DEBUG    | text_chunker.py:95 | Created chunk 102: 48 chars
2026-01-20 15:27:54 | edumind.text_chunker | DEBUG    | text_chunker.py:95 | Created chunk 103: 47 chars
2026-01-20 15:27:54 | edumind.text_chunker | DEBUG    | text_chunker.py:95 | Created chunk 104: 46 chars
2026-01-20 15:27:54 | edumind.text_chunker | DEBUG    | text_chunker.py:95 | Created chunk 105: 44 chars
2026-01-20 15:27:54 | edumind.text_chunker | DEBUG    | text_chunker.py:95 | Created chunk 106: 49 chars
2026-01-20 15:27:54 | edumind.text_chunker | DEBUG    | text_chunker.py:95 | Created chunk 107: 48 chars
2026-01-20 15:27:54 | edumind.text_chunker | DEBUG    | text_chunker.py:95 | Created chunk 108: 47 chars
2026-01-20 15:27:54 | edumind.text_chunker | DEBUG    | text_chunker.py:95 | Created chunk 109: 46 chars
2026-01-20 15:27:54 | edumind.text_chunker | DEBUG    | text_chunker.py:95 | Created chunk 110: 44 chars
2026-01-20 15:27:54 | edumind.text_chunker | DEBUG    | text_chunker.py:95 | Created chunk 111: 49 chars
2026-01-20 15:27:54 | edumind.text_chunker | DEBUG    | text_chunker.py:95 | Created chunk 112: 48 chars
2026-01-20 15:27:54 | edumind.text_chunker | DEBUG    | text_chunker.py:95 | Created chunk 113: 47 chars
2026-01-20 15:27:54 | edumind.text_chunker | DEBUG    | text_chunker.py:95 | Created chunk 114: 46 chars
2026-01-20 15:27:54 | edumind.text_chunker | DEBUG    | text_chunker.py:95 | Created chunk 115: 44 chars
2026-01-20 15:27:54 | edumind.text_chunker | DEBUG    | text_chunker.py:95 | Created chunk 116: 49 chars
2026-01-20 15:27:54 | edumind.text_chunker | DEBUG    | text_chunker.py:95 | Created chunk 117: 48 chars
2026-01-20 15:27:54 | edumind.text_chunker | DEBUG    | text_chunker.py:95 | Created chunk 118: 47 chars
2026-01-20 15:27:54 | edumind.text_chunker | DEBUG    | text_chunker.py:95 | Created chunk 119: 46 chars
2026-01-20 15:27:54 | edumind.text_chunker | DEBUG    | text_chunker.py:95 | Created chunk 120: 44 chars
2026-01-20 15:27:54 | edumind.text_chunker | DEBUG    | text_chunker.py:95 | Created chunk 121: 49 chars
2026-01-20 15:27:54 | edumind.text_chunker | DEBUG    | text_chunker.py:95 | Created chunk 122: 48 chars
2026-01-20 15:27:54 | edumind.text_chunker | DEBUG    | text_chunker.py:95 | Created chunk 123: 47 chars
2026-01-20 15:27:54 | edumind.text_chunker | DEBUG    | text_chunker.py:95 | Created chunk 124: 46 chars
2026-01-20 15:27:54 | edumind.text_chunker | DEBUG    | text_chunker.py:95 | Created chunk 125: 44 chars
2026-01-20 15:27:54 | edumind.text_chunker | DEBUG    | text_chunker.py:95 | Created chunk 126: 49 chars
2026-01-20 15:27:54 | edumind.text_chunker | DEBUG    | text_chunker.py:95 | Created chunk 127: 48 chars
2026-01-20 15:27:54 | edumind.text_chunker | DEBUG    | text_chunker.py:95 | Created chunk 128: 47 chars
2026-01-20 15:27:54 | edumind.text_chunker | DEBUG    | text_chunker.py:95 | Created chunk 129: 46 chars
2026-01-20 15:27:54 | edumind.text_chunker | DEBUG    | text_chunker.py:95 | Created chunk 130: 44 chars
2026-01-20 15:27:54 | edumind.text_chunker | DEBUG    | text_chunker.py:95 | Created chunk 131: 49 chars
2026-01-20 15:27:54 | edumind.text_chunker | DEBUG    | text_chunker.py:95 | Created chunk 132: 48 chars
2026-01-20 15:27:54 | edumind.text_chunker | DEBUG    | text_chunker.py:95 | Created chunk 133: 47 chars
2026-01-20 15:27:54 | edumind.text_chunker | DEBUG    | text_chunker.py:95 | Created chunk 134: 46 chars
2026-01-20 15:27:54 | edumind.text_chunker | DEBUG    | text_chunker.py:95 | Created chunk 135: 44 chars
2026-01-20 15:27:54 | edumind.text_chunker | DEBUG    | text_chunker.py:95 | Created chunk 136: 49 chars
2026-01-20 15:27:54 | edumind.text_chunker | DEBUG    | text_chunker.py:95 | Created chunk 137: 48 chars
2026-01-20 15:27:54 | edumind.text_chunker | DEBUG    | text_chunker.py:95 | Created chunk 138: 47 chars
2026-01-20 15:27:54 | edumind.text_chunker | DEBUG    | text_chunker.py:95 | Created chunk 139: 46 chars
2026-01-20 15:27:54 | edumind.text_chunker | DEBUG    | text_chunker.py:95 | Created chunk 140: 44 chars
2026-01-20 15:27:54 | edumind.text_chunker | DEBUG    | text_chunker.py:95 | Created chunk 141: 49 chars
2026-01-20 15:27:54 | edumind.text_chunker | DEBUG    | text_chunker.py:95 | Created chunk 142: 48 chars
2026-01-20 15:27:54 | edumind.text_chunker | DEBUG    | text_chunker.py:95 | Created chunk 143: 47 chars
2026-01-20 15:27:54 | edumind.text_chunker | DEBUG    | text_chunker.py:95 | Created chunk 144: 46 chars
2026-01-20 15:27:54 | edumind.text_chunker | DEBUG    | text_chunker.py:95 | Created chunk 145: 44 chars
2026-01-20 15:27:54 | edumind.text_chunker | DEBUG    | text_chunker.py:95 | Created chunk 146: 49 chars
2026-01-20 15:27:54 | edumind.text_chunker | DEBUG    | text_chunker.py:95 | Created chunk 147: 48 chars
2026-01-20 15:27:54 | edumind.text_chunker | DEBUG    | text_chunker.py:95 | Created chunk 148: 47 chars
2026-01-20 15:27:54 | edumind.text_chunker | DEBUG    | text_chunker.py:95 | Created chunk 149: 46 chars
2026-01-20 15:27:54 | edumind.text_chunker | DEBUG    | text_chunker.py:95 | Created chunk 150: 44 chars
2026-01-20 15:27:54 | edumind.text_chunker | DEBUG    | text_chunker.py:95 | Created chunk 151: 49 chars
2026-01-20 15:27:54 | edumind.text_chunker | DEBUG    | text_chunker.py:95 | Created chunk 152: 48 chars
2026-01-20 15:27:54 | edumind.text_chunker | DEBUG    | text_chunker.py:95 | Created chunk 153: 47 chars
2026-01-20 15:27:54 | edumind.text_chunker | DEBUG    | text_chunker.py:95 | Created chunk 154: 46 chars
2026-01-20 15:27:54 | edumind.text_chunker | DEBUG    | text_chunker.py:95 | Created chunk 155: 44 chars
2026-01-20 15:27:54 | edumind.text_chunker | DEBUG    | text_chunker.py:95 | Created chunk 156: 49 chars
2026-01-20 15:27:54 | edumind.text_chunker | DEBUG    | text_chunker.py:95 | Created chunk 157: 48 chars
2026-01-20 15:27:54 | edumind.text_chunker | DEBUG    | text_chunker.py:95 | Created chunk 158: 47 chars
2026-01-20 15:27:54 | edumind.text_chunker | DEBUG    | text_chunker.py:95 | Created chunk 159: 46 chars
2026-01-20 15:27:54 | edumind.text_chunker | DEBUG    | text_chunker.py:95 | Created chunk 160: 44 chars
2026-01-20 15:27:54 | edumind.text_chunker | DEBUG    | text_chunker.py:95 | Created chunk 161: 49 chars
2026-01-20 15:27:54 | edumind.text_chunker | DEBUG    | text_chunker.py:95 | Created chunk 162: 48 chars
2026-01-20 15:27:54 | edumind.text_chunker | DEBUG    | text_chunker.py:95 | Created chunk 163: 47 chars
2026-01-20 15:27:54 | edumind.text_chunker | DEBUG    | text_chunker.py:95 | Created chunk 164: 46 chars
2026-01-20 15:27:54 | edumind.text_chunker | DEBUG    | text_chunker.py:95 | Created chunk 165: 44 chars
2026-01-20 15:27:54 | edumind.text_chunker | DEBUG    | text_chunker.py:95 | Created chunk 166: 49 chars
2026-01-20 15:27:54 | edumind.text_chunker | DEBUG    | text_chunker.py:95 | Created chunk 167: 48 chars
2026-01-20 15:27:54 | edumind.text_chunker | DEBUG    | text_chunker.py:95 | Created chunk 168: 47 chars
2026-01-20 15:27:54 | edumind.text_chunker | DEBUG    | text_chunker.py:95 | Created chunk 169: 46 chars
2026-01-20 15:27:54 | edumind.text_chunker | DEBUG    | text_chunker.py:95 | Created chunk 170: 44 chars
2026-01-20 15:27:54 | edumind.text_chunker | DEBUG    | text_chunker.py:95 | Created chunk 171: 49 chars
2026-01-20 15:27:54 | edumind.text_chunker | DEBUG    | text_chunker.py:95 | Created chunk 172: 48 chars
2026-01-20 15:27:54 | edumind.text_chunker | DEBUG    | text_chunker.py:95 | Created chunk 173: 47 chars
2026-01-20 15:27:54 | edumind.text_chunker | DEBUG    | text_chunker.py:95 | Created chunk 174: 46 chars
2026-01-20 15:27:54 | edumind.text_chunker | DEBUG    | text_chunker.py:95 | Created chunk 175: 44 chars
2026-01-20 15:27:54 | edumind.text_chunker | DEBUG    | text_chunker.py:95 | Created chunk 176: 49 chars
2026-01-20 15:27:54 | edumind.text_chunker | DEBUG    | text_chunker.py:95 | Created chunk 177: 48 chars
2026-01-20 15:27:54 | edumind.text_chunker | DEBUG    | text_chunker.py:95 | Created chunk 178: 47 chars
2026-01-20 15:27:54 | edumind.text_chunker | DEBUG    | text_chunker.py:95 | Created chunk 179: 46 chars
2026-01-20 15:27:54 | edumind.text_chunker | DEBUG    | text_chunker.py:95 | Created chunk 180: 44 chars
2026-01-20 15:27:54 | edumind.text_chunker | DEBUG    | text_chunker.py:95 | Created chunk 181: 49 chars
2026-01-20 15:27:54 | edumind.text_chunker | DEBUG    | text_chunker.py:95 | Created chunk 182: 48 chars
2026-01-20 15:27:54 | edumind.text_chunker | DEBUG    | text_chunker.py:95 | Created chunk 183: 47 chars
2026-01-20 15:27:54 | edumind.text_chunker | DEBUG    | text_chunker.py:95 | Created chunk 184: 46 chars
2026-01-20 15:27:54 | edumind.text_chunker | DEBUG    | text_chunker.py:95 | Created chunk 185: 44 chars
2026-01-20 15:27:54 | edumind.text_chunker | DEBUG    | text_chunker.py:95 | Created chunk 186: 49 chars
2026-01-20 15:27:54 | edumind.text_chunker | DEBUG    | text_chunker.py:95 | Created chunk 187: 48 chars
2026-01-20 15:27:54 | edumind.text_chunker | DEBUG    | text_chunker.py:95 | Created chunk 188: 47 chars
2026-01-20 15:27:54 | edumind.text_chunker | DEBUG    | text_chunker.py:95 | Created chunk 189: 46 chars
2026-01-20 15:27:54 | edumind.text_chunker | DEBUG    | text_chunker.py:95 | Created chunk 190: 44 chars
2026-01-20 15:27:54 | edumind.text_chunker | DEBUG    | text_chunker.py:95 | Created chunk 191: 49 chars
2026-01-20 15:27:54 | edumind.text_chunker | DEBUG    | text_chunker.py:95 | Created chunk 192: 48 chars
2026-01-20 15:27:54 | edumind.text_chunker | DEBUG    | text_chunker.py:95 | Created chunk 193: 47 chars
2026-01-20 15:27:54 | edumind.text_chunker | DEBUG    | text_chunker.py:95 | Created chunk 194: 46 chars
2026-01-20 15:27:54 | edumind.text_chunker | DEBUG    | text_chunker.py:95 | Created chunk 195: 44 chars
2026-01-20 15:27:54 | edumind.text_chunker | DEBUG    | text_chunker.py:95 | Created chunk 196: 49 chars
2026-01-20 15:27:54 | edumind.text_chunker | DEBUG    | text_chunker.py:95 | Created chunk 197: 48 chars
2026-01-20 15:27:54 | edumind.text_chunker | DEBUG    | text_chunker.py:95 | Created chunk 198: 47 chars
2026-01-20 15:27:54 | edumind.text_chunker | DEBUG    | text_chunker.py:95 | Created chunk 199: 46 chars
2026-01-20 15:27:54 | edumind.text_chunker | DEBUG    | text_chunker.py:95 | Created chunk 200: 44 chars
2026-01-20 15:27:54 | edumind.text_chunker | DEBUG    | text_chunker.py:95 | Created chunk 201: 49 chars
2026-01-20 15:27:54 | edumind.text_chunker | DEBUG    | text_chunker.py:95 | Created chunk 202: 48 chars
2026-01-20 15:27:54 | edumind.text_chunker | DEBUG    | text_chunker.py:95 | Created chunk 203: 47 chars
2026-01-20 15:27:54 | edumind.text_chunker | DEBUG    | text_chunker.py:95 | Created chunk 204: 46 chars
2026-01-20 15:27:54 | edumind.text_chunker | DEBUG    | text_chunker.py:95 | Created chunk 205: 44 chars
2026-01-20 15:27:54 | edumind.text_chunker | DEBUG    | text_chunker.py:95 | Created chunk 206: 49 chars
2026-01-20 15:27:54 | edumind.text_chunker | DEBUG    | text_chunker.py:95 | Created chunk 207: 48 chars
2026-01-20 15:27:54 | edumind.text_chunker | DEBUG    | text_chunker.py:95 | Created chunk 208: 47 chars
2026-01-20 15:27:54 | edumind.text_chunker | DEBUG    | text_chunker.py:95 | Created chunk 209: 46 chars
2026-01-20 15:27:54 | edumind.text_chunker | DEBUG    | text_chunker.py:95 | Created chunk 210: 44 chars
2026-01-20 15:27:54 | edumind.text_chunker | DEBUG    | text_chunker.py:95 | Created chunk 211: 49 chars
2026-01-20 15:27:55 | edumind.text_chunker | DEBUG    | text_chunker.py:95 | Created chunk 212: 48 chars
2026-01-20 15:27:55 | edumind.text_chunker | DEBUG    | text_chunker.py:95 | Created chunk 213: 47 chars
2026-01-20 15:27:55 | edumind.text_chunker | DEBUG    | text_chunker.py:95 | Created chunk 214: 46 chars
2026-01-20 15:27:55 | edumind.text_chunker | DEBUG    | text_chunker.py:95 | Created chunk 215: 44 chars
2026-01-20 15:27:55 | edumind.text_chunker | DEBUG    | text_chunker.py:95 | Created chunk 216: 49 chars
2026-01-20 15:27:55 | edumind.text_chunker | DEBUG    | text_chunker.py:95 | Created chunk 217: 48 chars
2026-01-20 15:27:55 | edumind.text_chunker | DEBUG    | text_chunker.py:95 | Created chunk 218: 47 chars
2026-01-20 15:27:55 | edumind.text_chunker | DEBUG    | text_chunker.py:95 | Created chunk 219: 46 chars
2026-01-20 15:27:55 | edumind.text_chunker | DEBUG    | text_chunker.py:95 | Created chunk 220: 44 chars
2026-01-20 15:27:55 | edumind.text_chunker | DEBUG    | text_chunker.py:95 | Created chunk 221: 49 chars
2026-01-20 15:27:55 | edumind.text_chunker | DEBUG    | text_chunker.py:95 | Created chunk 222: 48 chars
2026-01-20 15:27:55 | edumind.text_chunker | DEBUG    | text_chunker.py:95 | Created chunk 223: 47 chars
2026-01-20 15:27:55 | edumind.text_chunker | DEBUG    | text_chunker.py:95 | Created chunk 224: 46 chars
2026-01-20 15:27:55 | edumind.text_chunker | DEBUG    | text_chunker.py:95 | Created chunk 225: 44 chars
2026-01-20 15:27:55 | edumind.text_chunker | DEBUG    | text_chunker.py:95 | Created chunk 226: 49 chars
2026-01-20 15:27:55 | edumind.text_chunker | DEBUG    | text_chunker.py:95 | Created chunk 227: 48 chars
2026-01-20 15:27:55 | edumind.text_chunker | DEBUG    | text_chunker.py:95 | Created chunk 228: 47 chars
2026-01-20 15:27:55 | edumind.text_chunker | DEBUG    | text_chunker.py:95 | Created chunk 229: 46 chars
2026-01-20 15:27:55 | edumind.text_chunker | DEBUG    | text_chunker.py:95 | Created chunk 230: 44 chars
2026-01-20 15:27:55 | edumind.text_chunker | DEBUG    | text_chunker.py:95 | Created chunk 231: 49 chars
2026-01-20 15:27:55 | edumind.text_chunker | DEBUG    | text_chunker.py:95 | Created chunk 232: 48 chars
2026-01-20 15:27:55 | edumind.text_chunker | DEBUG    | text_chunker.py:95 | Created chunk 233: 47 chars
2026-01-20 15:27:55 | edumind.text_chunker | DEBUG    | text_chunker.py:95 | Created chunk 234: 46 chars
2026-01-20 15:27:55 | edumind.text_chunker | DEBUG    | text_chunker.py:95 | Created chunk 235: 44 chars
2026-01-20 15:27:55 | edumind.text_chunker | DEBUG    | text_chunker.py:95 | Created chunk 236: 49 chars
2026-01-20 15:27:55 | edumind.text_chunker | DEBUG    | text_chunker.py:95 | Created chunk 237: 48 chars
2026-01-20 15:27:55 | edumind.text_chunker | DEBUG    | text_chunker.py:95 | Created chunk 238: 47 chars
2026-01-20 15:27:55 | edumind.text_chunker | DEBUG    | text_chunker.py:95 | Created chunk 239: 46 chars
2026-01-20 15:27:55 | edumind.text_chunker | DEBUG    | text_chunker.py:95 | Created chunk 240: 44 chars
2026-01-20 15:27:55 | edumind.text_chunker | DEBUG    | text_chunker.py:95 | Created chunk 241: 49 chars
2026-01-20 15:27:55 | edumind.text_chunker | DEBUG    | text_chunker.py:95 | Created chunk 242: 48 chars
2026-01-20 15:27:55 | edumind.text_chunker | DEBUG    | text_chunker.py:95 | Created chunk 243: 47 chars
2026-01-20 15:27:55 | edumind.text_chunker | DEBUG    | text_chunker.py:95 | Created chunk 244: 46 chars
2026-01-20 15:27:55 | edumind.text_chunker | DEBUG    | text_chunker.py:95 | Created chunk 245: 44 chars
2026-01-20 15:27:55 | edumind.text_chunker | DEBUG    | text_chunker.py:95 | Created chunk 246: 49 chars
2026-01-20 15:27:55 | edumind.text_chunker | DEBUG    | text_chunker.py:95 | Created chunk 247: 48 chars
2026-01-20 15:27:55 | edumind.text_chunker | DEBUG    | text_chunker.py:95 | Created chunk 248: 47 chars
2026-01-20 15:27:55 | edumind.text_chunker | DEBUG    | text_chunker.py:95 | Created chunk 249: 46 chars
2026-01-20 15:27:55 | edumind.text_chunker | DEBUG    | text_chunker.py:95 | Created chunk 250: 44 chars
2026-01-20 15:27:55 | edumind.text_chunker | DEBUG    | text_chunker.py:95 | Created chunk 251: 49 chars
2026-01-20 15:27:55 | edumind.text_chunker | DEBUG    | text_chunker.py:95 | Created chunk 252: 48 chars
2026-01-20 15:27:55 | edumind.text_chunker | DEBUG    | text_chunker.py:95 | Created chunk 253: 47 chars
2026-01-20 15:27:55 | edumind.text_chunker | DEBUG    | text_chunker.py:95 | Created chunk 254: 46 chars
2026-01-20 15:27:55 | edumind.text_chunker | DEBUG    | text_chunker.py:95 | Created chunk 255: 44 chars
2026-01-20 15:27:55 | edumind.text_chunker | DEBUG    | text_chunker.py:95 | Created chunk 256: 49 chars
2026-01-20 15:27:55 | edumind.text_chunker | DEBUG    | text_chunker.py:95 | Created chunk 257: 48 chars
2026-01-20 15:27:55 | edumind.text_chunker | DEBUG    | text_chunker.py:95 | Created chunk 258: 47 chars
2026-01-20 15:27:55 | edumind.text_chunker | DEBUG    | text_chunker.py:95 | Created chunk 259: 46 chars
2026-01-20 15:27:55 | edumind.text_chunker | DEBUG    | text_chunker.py:95 | Created chunk 260: 44 chars
2026-01-20 15:27:55 | edumind.text_chunker | DEBUG    | text_chunker.py:95 | Created chunk 261: 49 chars
2026-01-20 15:27:55 | edumind.text_chunker | DEBUG    | text_chunker.py:95 | Created chunk 262: 48 chars
2026-01-20 15:27:55 | edumind.text_chunker | DEBUG    | text_chunker.py:95 | Created chunk 263: 47 chars
2026-01-20 15:27:55 | edumind.text_chunker | DEBUG    | text_chunker.py:95 | Created chunk 264: 46 chars
2026-01-20 15:27:55 | edumind.text_chunker | DEBUG    | text_chunker.py:95 | Created chunk 265: 44 chars
2026-01-20 15:27:55 | edumind.text_chunker | DEBUG    | text_chunker.py:95 | Created chunk 266: 49 chars
2026-01-20 15:27:55 | edumind.text_chunker | DEBUG    | text_chunker.py:95 | Created chunk 267: 48 chars
2026-01-20 15:27:55 | edumind.text_chunker | DEBUG    | text_chunker.py:95 | Created chunk 268: 47 chars
2026-01-20 15:27:55 | edumind.text_chunker | DEBUG    | text_chunker.py:95 | Created chunk 269: 46 chars
2026-01-20 15:27:55 | edumind.text_chunker | DEBUG    | text_chunker.py:95 | Created chunk 270: 44 chars
2026-01-20 15:27:55 | edumind.text_chunker | DEBUG    | text_chunker.py:95 | Created chunk 271: 49 chars
2026-01-20 15:27:55 | edumind.text_chunker | DEBUG    | text_chunker.py:95 | Created chunk 272: 48 chars
2026-01-20 15:27:55 | edumind.text_chunker | DEBUG    | text_chunker.py:95 | Created chunk 273: 47 chars
2026-01-20 15:27:55 | edumind.text_chunker | DEBUG    | text_chunker.py:95 | Created chunk 274: 46 chars
2026-01-20 15:27:55 | edumind.text_chunker | DEBUG    | text_chunker.py:95 | Created chunk 275: 44 chars
2026-01-20 15:27:55 | edumind.text_chunker | DEBUG    | text_chunker.py:95 | Created chunk 276: 49 chars
2026-01-20 15:27:55 | edumind.text_chunker | DEBUG    | text_chunker.py:95 | Created chunk 277: 48 chars
2026-01-20 15:27:55 | edumind.text_chunker | DEBUG    | text_chunker.py:95 | Created chunk 278: 47 chars
2026-01-20 15:27:55 | edumind.text_chunker | DEBUG    | text_chunker.py:95 | Created chunk 279: 46 chars
2026-01-20 15:27:55 | edumind.text_chunker | DEBUG    | text_chunker.py:95 | Created chunk 280: 44 chars
2026-01-20 15:27:55 | edumind.text_chunker | DEBUG    | text_chunker.py:95 | Created chunk 281: 49 chars
2026-01-20 15:27:55 | edumind.text_chunker | DEBUG    | text_chunker.py:95 | Created chunk 282: 48 chars
2026-01-20 15:27:55 | edumind.text_chunker | DEBUG    | text_chunker.py:95 | Created chunk 283: 47 chars
2026-01-20 15:27:55 | edumind.text_chunker | DEBUG    | text_chunker.py:95 | Created chunk 284: 46 chars
2026-01-20 15:27:55 | edumind.text_chunker | DEBUG    | text_chunker.py:95 | Created chunk 285: 44 chars
2026-01-20 15:27:55 | edumind.text_chunker | DEBUG    | text_chunker.py:95 | Created chunk 286: 49 chars
2026-01-20 15:27:55 | edumind.text_chunker | DEBUG    | text_chunker.py:95 | Created chunk 287: 48 chars
2026-01-20 15:27:55 | edumind.text_chunker | DEBUG    | text_chunker.py:95 | Created chunk 288: 47 chars
2026-01-20 15:27:55 | edumind.text_chunker | DEBUG    | text_chunker.py:95 | Created chunk 289: 46 chars
2026-01-20 15:27:55 | edumind.text_chunker | DEBUG    | text_chunker.py:95 | Created chunk 290: 44 chars
2026-01-20 15:27:55 | edumind.text_chunker | DEBUG    | text_chunker.py:95 | Created chunk 291: 49 chars
2026-01-20 15:27:55 | edumind.text_chunker | DEBUG    | text_chunker.py:95 | Created chunk 292: 48 chars
2026-01-20 15:27:55 | edumind.text_chunker | DEBUG    | text_chunker.py:95 | Created chunk 293: 47 chars
2026-01-20 15:27:55 | edumind.text_chunker | DEBUG    | text_chunker.py:95 | Created chunk 294: 46 chars
2026-01-20 15:27:55 | edumind.text_chunker | DEBUG    | text_chunker.py:95 | Created chunk 295: 44 chars
2026-01-20 15:27:55 | edumind.text_chunker | DEBUG    | text_chunker.py:95 | Created chunk 296: 49 chars
2026-01-20 15:27:55 | edumind.text_chunker | DEBUG    | text_chunker.py:95 | Created chunk 297: 48 chars
2026-01-20 15:27:55 | edumind.text_chunker | DEBUG    | text_chunker.py:95 | Created chunk 298: 47 chars
2026-01-20 15:27:55 | edumind.text_chunker | DEBUG    | text_chunker.py:95 | Created chunk 299: 46 chars
2026-01-20 15:27:55 | edumind.text_chunker | DEBUG    | text_chunker.py:95 | Created chunk 300: 44 chars
2026-01-20 15:27:55 | edumind.text_chunker | DEBUG    | text_chunker.py:95 | Created chunk 301: 49 chars
2026-01-20 15:27:55 | edumind.text_chunker | DEBUG    | text_chunker.py:95 | Created chunk 302: 48 chars
2026-01-20 15:27:55 | edumind.text_chunker | DEBUG    | text_chunker.py:95 | Created chunk 303: 47 chars
2026-01-20 15:27:55 | edumind.text_chunker | DEBUG    | text_chunker.py:95 | Created chunk 304: 46 chars
2026-01-20 15:27:55 | edumind.text_chunker | DEBUG    | text_chunker.py:95 | Created chunk 305: 44 chars
2026-01-20 15:27:55 | edumind.text_chunker | DEBUG    | text_chunker.py:95 | Created chunk 306: 49 chars
2026-01-20 15:27:55 | edumind.text_chunker | DEBUG    | text_chunker.py:95 | Created chunk 307: 48 chars
2026-01-20 15:27:55 | edumind.text_chunker | DEBUG    | text_chunker.py:95 | Created chunk 308: 47 chars
2026-01-20 15:27:55 | edumind.text_chunker | DEBUG    | text_chunker.py:95 | Created chunk 309: 46 chars
2026-01-20 15:27:55 | edumind.text_chunker | DEBUG    | text_chunker.py:95 | Created chunk 310: 44 chars
2026-01-20 15:27:55 | edumind.text_chunker | DEBUG    | text_chunker.py:95 | Created chunk 311: 49 chars
2026-01-20 15:27:55 | edumind.text_chunker | DEBUG    | text_chunker.py:95 | Created chunk 312: 48 chars
2026-01-20 15:27:55 | edumind.text_chunker | DEBUG    | text_chunker.py:95 | Created chunk 313: 47 chars
2026-01-20 15:27:55 | edumind.text_chunker | DEBUG    | text_chunker.py:95 | Created chunk 314: 46 chars
2026-01-20 15:27:55 | edumind.text_chunker | DEBUG    | text_chunker.py:95 | Created chunk 315: 44 chars
2026-01-20 15:27:55 | edumind.text_chunker | DEBUG    | text_chunker.py:95 | Created chunk 316: 49 chars
2026-01-20 15:27:55 | edumind.text_chunker | DEBUG    | text_chunker.py:95 | Created chunk 317: 48 chars
2026-01-20 15:27:55 | edumind.text_chunker | DEBUG    | text_chunker.py:95 | Created chunk 318: 47 chars
2026-01-20 15:27:55 | edumind.text_chunker | DEBUG    | text_chunker.py:95 | Created chunk 319: 46 chars
2026-01-20 15:27:55 | edumind.text_chunker | DEBUG    | text_chunker.py:95 | Created chunk 320: 44 chars
2026-01-20 15:27:55 | edumind.text_chunker | DEBUG    | text_chunker.py:95 | Created chunk 321: 49 chars
2026-01-20 15:27:55 | edumind.text_chunker | DEBUG    | text_chunker.py:95 | Created chunk 322: 48 chars
2026-01-20 15:27:55 | edumind.text_chunker | DEBUG    | text_chunker.py:95 | Created chunk 323: 47 chars
2026-01-20 15:27:55 | edumind.text_chunker | DEBUG    | text_chunker.py:95 | Created chunk 324: 46 chars
2026-01-20 15:27:55 | edumind.text_chunker | DEBUG    | text_chunker.py:95 | Created chunk 325: 44 chars
2026-01-20 15:27:55 | edumind.text_chunker | DEBUG    | text_chunker.py:95 | Created chunk 326: 49 chars
2026-01-20 15:27:55 | edumind.text_chunker | DEBUG    | text_chunker.py:95 | Created chunk 327: 48 chars
2026-01-20 15:27:55 | edumind.text_chunker | DEBUG    | text_chunker.py:95 | Created chunk 328: 47 chars
2026-01-20 15:27:55 | edumind.text_chunker | DEBUG    | text_chunker.py:95 | Created chunk 329: 46 chars
2026-01-20 15:27:55 | edumind.text_chunker | DEBUG    | text_chunker.py:95 | Created chunk 330: 44 chars
2026-01-20 15:27:55 | edumind.text_chunker | DEBUG    | text_chunker.py:95 | Created chunk 331: 49 chars
2026-01-20 15:27:55 | edumind.text_chunker | DEBUG    | text_chunker.py:95 | Created chunk 332: 48 chars
2026-01-20 15:27:55 | edumind.text_chunker | DEBUG    | text_chunker.py:95 | Created chunk 333: 47 chars
2026-01-20 15:27:55 | edumind.text_chunker | DEBUG    | text_chunker.py:95 | Created chunk 334: 46 chars
2026-01-20 15:27:55 | edumind.text_chunker | DEBUG    | text_chunker.py:95 | Created chunk 335: 44 chars
2026-01-20 15:27:55 | edumind.text_chunker | DEBUG    | text_chunker.py:95 | Created chunk 336: 49 chars
2026-01-20 15:27:55 | edumind.text_chunker | DEBUG    | text_chunker.py:95 | Created chunk 337: 48 chars
2026-01-20 15:27:55 | edumind.text_chunker | DEBUG    | text_chunker.py:95 | Created chunk 338: 47 chars
2026-01-20 15:27:55 | edumind.text_chunker | DEBUG    | text_chunker.py:95 | Created chunk 339: 46 chars
2026-01-20 15:27:55 | edumind.text_chunker | DEBUG    | text_chunker.py:95 | Created chunk 340: 44 chars
2026-01-20 15:27:55 | edumind.text_chunker | DEBUG    | text_chunker.py:95 | Created chunk 341: 49 chars
2026-01-20 15:27:55 | edumind.text_chunker | DEBUG    | text_chunker.py:95 | Created chunk 342: 48 chars
2026-01-20 15:27:55 | edumind.text_chunker | DEBUG    | text_chunker.py:95 | Created chunk 343: 47 chars
2026-01-20 15:27:55 | edumind.text_chunker | DEBUG    | text_chunker.py:95 | Created chunk 344: 46 chars
2026-01-20 15:27:55 | edumind.text_chunker | DEBUG    | text_chunker.py:95 | Created chunk 345: 44 chars
2026-01-20 15:27:55 | edumind.text_chunker | DEBUG    | text_chunker.py:95 | Created chunk 346: 49 chars
2026-01-20 15:27:55 | edumind.text_chunker | DEBUG    | text_chunker.py:95 | Created chunk 347: 48 chars
2026-01-20 15:27:55 | edumind.text_chunker | DEBUG    | text_chunker.py:95 | Created chunk 348: 47 chars
2026-01-20 15:27:55 | edumind.text_chunker | DEBUG    | text_chunker.py:95 | Created chunk 349: 46 chars
2026-01-20 15:27:55 | edumind.text_chunker | DEBUG    | text_chunker.py:95 | Created chunk 350: 44 chars
2026-01-20 15:27:55 | edumind.text_chunker | DEBUG    | text_chunker.py:95 | Created chunk 351: 49 chars
2026-01-20 15:27:55 | edumind.text_chunker | DEBUG    | text_chunker.py:95 | Created chunk 352: 48 chars
2026-01-20 15:27:55 | edumind.text_chunker | DEBUG    | text_chunker.py:95 | Created chunk 353: 47 chars
2026-01-20 15:27:55 | edumind.text_chunker | DEBUG    | text_chunker.py:95 | Created chunk 354: 46 chars
2026-01-20 15:27:55 | edumind.text_chunker | DEBUG    | text_chunker.py:95 | Created chunk 355: 44 chars
2026-01-20 15:27:55 | edumind.text_chunker | DEBUG    | text_chunker.py:95 | Created chunk 356: 49 chars
2026-01-20 15:27:55 | edumind.text_chunker | DEBUG    | text_chunker.py:95 | Created chunk 357: 48 chars
2026-01-20 15:27:55 | edumind.text_chunker | DEBUG    | text_chunker.py:95 | Created chunk 358: 47 chars
2026-01-20 15:27:55 | edumind.text_chunker | DEBUG    | text_chunker.py:95 | Created chunk 359: 46 chars
2026-01-20 15:27:55 | edumind.text_chunker | DEBUG    | text_chunker.py:95 | Created chunk 360: 44 chars
2026-01-20 15:27:55 | edumind.text_chunker | DEBUG    | text_chunker.py:95 | Created chunk 361: 49 chars
2026-01-20 15:27:55 | edumind.text_chunker | DEBUG    | text_chunker.py:95 | Created chunk 362: 48 chars
2026-01-20 15:27:55 | edumind.text_chunker | DEBUG    | text_chunker.py:95 | Created chunk 363: 47 chars
2026-01-20 15:27:55 | edumind.text_chunker | DEBUG    | text_chunker.py:95 | Created chunk 364: 46 chars
2026-01-20 15:27:55 | edumind.text_chunker | DEBUG    | text_chunker.py:95 | Created chunk 365: 44 chars
2026-01-20 15:27:55 | edumind.text_chunker | DEBUG    | text_chunker.py:95 | Created chunk 366: 49 chars
2026-01-20 15:27:55 | edumind.text_chunker | DEBUG    | text_chunker.py:95 | Created chunk 367: 48 chars
2026-01-20 15:27:55 | edumind.text_chunker | DEBUG    | text_chunker.py:95 | Created chunk 368: 47 chars
2026-01-20 15:27:55 | edumind.text_chunker | DEBUG    | text_chunker.py:95 | Created chunk 369: 46 chars
2026-01-20 15:27:55 | edumind.text_chunker | DEBUG    | text_chunker.py:95 | Created chunk 370: 44 chars
2026-01-20 15:27:55 | edumind.text_chunker | DEBUG    | text_chunker.py:95 | Created chunk 371: 49 chars
2026-01-20 15:27:55 | edumind.text_chunker | DEBUG    | text_chunker.py:95 | Created chunk 372: 48 chars
2026-01-20 15:27:55 | edumind.text_chunker | DEBUG    | text_chunker.py:95 | Created chunk 373: 47 chars
2026-01-20 15:27:55 | edumind.text_chunker | DEBUG    | text_chunker.py:95 | Created chunk 374: 46 chars
2026-01-20 15:27:55 | edumind.text_chunker | DEBUG    | text_chunker.py:95 | Created chunk 375: 44 chars
2026-01-20 15:27:55 | edumind.text_chunker | DEBUG    | text_chunker.py:95 | Created chunk 376: 49 chars
2026-01-20 15:27:55 | edumind.text_chunker | DEBUG    | text_chunker.py:95 | Created chunk 377: 48 chars
2026-01-20 15:27:55 | edumind.text_chunker | DEBUG    | text_chunker.py:95 | Created chunk 378: 47 chars
2026-01-20 15:27:55 | edumind.text_chunker | DEBUG    | text_chunker.py:95 | Created chunk 379: 46 chars
2026-01-20 15:27:55 | edumind.text_chunker | DEBUG    | text_chunker.py:95 | Created chunk 380: 44 chars
2026-01-20 15:27:55 | edumind.text_chunker | DEBUG    | text_chunker.py:95 | Created chunk 381: 49 chars
2026-01-20 15:27:55 | edumind.text_chunker | DEBUG    | text_chunker.py:95 | Created chunk 382: 48 chars
2026-01-20 15:27:55 | edumind.text_chunker | DEBUG    | text_chunker.py:95 | Created chunk 383: 47 chars
2026-01-20 15:27:55 | edumind.text_chunker | DEBUG    | text_chunker.py:95 | Created chunk 384: 46 chars
2026-01-20 15:27:55 | edumind.text_chunker | DEBUG    | text_chunker.py:95 | Created chunk 385: 44 chars
2026-01-20 15:27:55 | edumind.text_chunker | DEBUG    | text_chunker.py:95 | Created chunk 386: 49 chars
2026-01-20 15:27:55 | edumind.text_chunker | DEBUG    | text_chunker.py:95 | Created chunk 387: 48 chars
2026-01-20 15:27:55 | edumind.text_chunker | DEBUG    | text_chunker.py:95 | Created chunk 388: 47 chars
2026-01-20 15:27:55 | edumind.text_chunker | DEBUG    | text_chunker.py:95 | Created chunk 389: 46 chars
2026-01-20 15:27:55 | edumind.text_chunker | DEBUG    | text_chunker.py:95 | Created chunk 390: 44 chars
2026-01-20 15:27:55 | edumind.text_chunker | DEBUG    | text_chunker.py:95 | Created chunk 391: 49 chars
2026-01-20 15:27:55 | edumind.text_chunker | DEBUG    | text_chunker.py:95 | Created chunk 392: 48 chars
2026-01-20 15:27:55 | edumind.text_chunker | DEBUG    | text_chunker.py:95 | Created chunk 393: 47 chars
2026-01-20 15:27:55 | edumind.text_chunker | DEBUG    | text_chunker.py:95 | Created chunk 394: 46 chars
2026-01-20 15:27:55 | edumind.text_chunker | DEBUG    | text_chunker.py:95 | Created chunk 395: 44 chars
2026-01-20 15:27:55 | edumind.text_chunker | DEBUG    | text_chunker.py:95 | Created chunk 396: 49 chars
2026-01-20 15:27:55 | edumind.text_chunker | DEBUG    | text_chunker.py:95 | Created chunk 397: 48 chars
2026-01-20 15:27:55 | edumind.text_chunker | DEBUG    | text_chunker.py:95 | Created chunk 398: 47 chars
2026-01-20 15:27:55 | edumind.text_chunker | DEBUG    | text_chunker.py:95 | Created chunk 399: 46 chars
2026-01-20 15:27:55 | edumind.text_chunker | DEBUG    | text_chunker.py:95 | Created chunk 400: 44 chars
2026-01-20 15:27:55 | edumind.text_chunker | DEBUG    | text_chunker.py:95 | Created chunk 401: 49 chars
2026-01-20 15:27:55 | edumind.text_chunker | DEBUG    | text_chunker.py:95 | Created chunk 402: 48 chars
2026-01-20 15:27:55 | edumind.text_chunker | DEBUG    | text_chunker.py:95 | Created chunk 403: 47 chars
2026-01-20 15:27:55 | edumind.text_chunker | DEBUG    | text_chunker.py:95 | Created chunk 404: 46 chars
2026-01-20 15:27:55 | edumind.text_chunker | DEBUG    | text_chunker.py:95 | Created chunk 405: 44 chars
2026-01-20 15:27:55 | edumind.text_chunker | DEBUG    | text_chunker.py:95 | Created chunk 406: 49 chars
2026-01-20 15:27:55 | edumind.text_chunker | DEBUG    | text_chunker.py:95 | Created chunk 407: 48 chars
2026-01-20 15:27:55 | edumind.text_chunker | DEBUG    | text_chunker.py:95 | Created chunk 408: 47 chars
2026-01-20 15:27:55 | edumind.text_chunker | DEBUG    | text_chunker.py:95 | Created chunk 409: 46 chars
2026-01-20 15:27:55 | edumind.text_chunker | DEBUG    | text_chunker.py:95 | Created chunk 410: 44 chars
2026-01-20 15:27:55 | edumind.text_chunker | DEBUG    | text_chunker.py:95 | Created chunk 411: 49 chars
2026-01-20 15:27:55 | edumind.text_chunker | DEBUG    | text_chunker.py:95 | Created chunk 412: 48 chars
2026-01-20 15:27:55 | edumind.text_chunker | DEBUG    | text_chunker.py:95 | Created chunk 413: 47 chars
2026-01-20 15:27:55 | edumind.text_chunker | DEBUG    | text_chunker.py:95 | Created chunk 414: 46 chars
2026-01-20 15:27:55 | edumind.text_chunker | DEBUG    | text_chunker.py:95 | Created chunk 415: 44 chars
2026-01-20 15:27:55 | edumind.text_chunker | DEBUG    | text_chunker.py:95 | Created chunk 416: 49 chars
2026-01-20 15:27:55 | edumind.text_chunker | DEBUG    | text_chunker.py:95 | Created chunk 417: 48 chars
2026-01-20 15:27:55 | edumind.text_chunker | DEBUG    | text_chunker.py:95 | Created chunk 418: 47 chars
2026-01-20 15:27:55 | edumind.text_chunker | DEBUG    | text_chunker.py:95 | Created chunk 419: 46 chars
2026-01-20 15:27:55 | edumind.text_chunker | DEBUG    | text_chunker.py:95 | Created chunk 420: 44 chars
2026-01-20 15:27:55 | edumind.text_chunker | DEBUG    | text_chunker.py:95 | Created chunk 421: 49 chars
2026-01-20 15:27:55 | edumind.text_chunker | DEBUG    | text_chunker.py:95 | Created chunk 422: 48 chars
2026-01-20 15:27:55 | edumind.text_chunker | DEBUG    | text_chunker.py:95 | Created chunk 423: 47 chars
2026-01-20 15:27:55 | edumind.text_chunker | DEBUG    | text_chunker.py:95 | Created chunk 424: 46 chars
2026-01-20 15:27:55 | edumind.text_chunker | DEBUG    | text_chunker.py:95 | Created chunk 425: 44 chars
2026-01-20 15:27:55 | edumind.text_chunker | DEBUG    | text_chunker.py:95 | Created chunk 426: 49 chars
2026-01-20 15:27:55 | edumind.text_chunker | DEBUG    | text_chunker.py:95 | Created chunk 427: 48 chars
2026-01-20 15:27:55 | edumind.text_chunker | DEBUG    | text_chunker.py:95 | Created chunk 428: 47 chars
2026-01-20 15:27:55 | edumind.text_chunker | DEBUG    | text_chunker.py:95 | Created chunk 429: 46 chars
2026-01-20 15:27:55 | edumind.text_chunker | DEBUG    | text_chunker.py:95 | Created chunk 430: 44 chars
2026-01-20 15:27:55 | edumind.text_chunker | DEBUG    | text_chunker.py:95 | Created chunk 431: 49 chars
2026-01-20 15:27:55 | edumind.text_chunker | DEBUG    | text_chunker.py:95 | Created chunk 432: 48 chars
2026-01-20 15:27:55 | edumind.text_chunker | DEBUG    | text_chunker.py:95 | Created chunk 433: 47 chars
2026-01-20 15:27:55 | edumind.text_chunker | DEBUG    | text_chunker.py:95 | Created chunk 434: 46 chars
2026-01-20 15:27:55 | edumind.text_chunker | DEBUG    | text_chunker.py:95 | Created chunk 435: 44 chars
2026-01-20 15:27:55 | edumind.text_chunker | DEBUG    | text_chunker.py:95 | Created chunk 436: 49 chars
2026-01-20 15:27:55 | edumind.text_chunker | DEBUG    | text_chunker.py:95 | Created chunk 437: 48 chars
2026-01-20 15:27:55 | edumind.text_chunker | DEBUG    | text_chunker.py:95 | Created chunk 438: 47 chars
2026-01-20 15:27:55 | edumind.text_chunker | DEBUG    | text_chunker.py:95 | Created chunk 439: 46 chars
2026-01-20 15:27:55 | edumind.text_chunker | DEBUG    | text_chunker.py:95 | Created chunk 440: 44 chars
2026-01-20 15:27:55 | edumind.text_chunker | DEBUG    | text_chunker.py:95 | Created chunk 441: 49 chars
2026-01-20 15:27:55 | edumind.text_chunker | DEBUG    | text_chunker.py:95 | Created chunk 442: 48 chars
2026-01-20 15:27:55 | edumind.text_chunker | DEBUG    | text_chunker.py:95 | Created chunk 443: 47 chars
2026-01-20 15:27:55 | edumind.text_chunker | DEBUG    | text_chunker.py:95 | Created chunk 444: 46 chars
2026-01-20 15:27:55 | edumind.text_chunker | DEBUG    | text_chunker.py:95 | Created chunk 445: 44 chars
2026-01-20 15:27:55 | edumind.text_chunker | DEBUG    | text_chunker.py:95 | Created chunk 446: 49 chars
2026-01-20 15:27:55 | edumind.text_chunker | DEBUG    | text_chunker.py:95 | Created chunk 447: 48 chars
2026-01-20 15:27:55 | edumind.text_chunker | DEBUG    | text_chunker.py:95 | Created chunk 448: 47 chars
2026-01-20 15:27:55 | edumind.text_chunker | DEBUG    | text_chunker.py:95 | Created chunk 449: 46 chars
2026-01-20 15:27:55 | edumind.text_chunker | DEBUG    | text_chunker.py:95 | Created chunk 450: 49 chars
2026-01-20 15:27:55 | edumind.text_chunker | INFO     | text_chunker.py:103 | Split text into 450 chunks (avg: 46 chars)
2026-01-20 15:27:55 | edumind.text_chunker | DEBUG    | text_chunker.py:95 | Created chunk 1: 97 chars
2026-01-20 15:27:55 | edumind.text_chunker | DEBUG    | text_chunker.py:95 | Created chunk 2: 96 chars
2026-01-20 15:27:55 | edumind.text_chunker | DEBUG    | text_chunker.py:95 | Created chunk 3: 95 chars
2026-01-20 15:27:55 | edumind.text_chunker | DEBUG    | text_chunker.py:95 | Created chunk 4: 94 chars
2026-01-20 15:27:55 | edumind.text_chunker | DEBUG    | text_chunker.py:95 | Created chunk 5: 92 chars
2026-01-20 15:27:55 | edumind.text_chunker | DEBUG    | text_chunker.py:95 | Created chunk 6: 92 chars
2026-01-20 15:27:55 | edumind.text_chunker | DEBUG    | text_chunker.py:95 | Created chunk 7: 91 chars
2026-01-20 15:27:55 | edumind.text_chunker | DEBUG    | text_chunker.py:95 | Created chunk 8: 89 chars
2026-01-20 15:27:55 | edumind.text_chunker | DEBUG    | text_chunker.py:95 | Created chunk 9: 89 chars
2026-01-20 15:27:55 | edumind.text_chunker | DEBUG    | text_chunker.py:95 | Created chunk 10: 88 chars
2026-01-20 15:27:55 | edumind.text_chunker | DEBUG    | text_chunker.py:95 | Created chunk 11: 87 chars
2026-01-20 15:27:55 | edumind.text_chunker | DEBUG    | text_chunker.py:95 | Created chunk 12: 86 chars
2026-01-20 15:27:55 | edumind.text_chunker | DEBUG    | text_chunker.py:95 | Created chunk 13: 99 chars
2026-01-20 15:27:55 | edumind.text_chunker | DEBUG    | text_chunker.py:95 | Created chunk 14: 97 chars
2026-01-20 15:27:55 | edumind.text_chunker | DEBUG    | text_chunker.py:95 | Created chunk 15: 97 chars
2026-01-20 15:27:55 | edumind.text_chunker | DEBUG    | text_chunker.py:95 | Created chunk 16: 96 chars
2026-01-20 15:27:55 | edumind.text_chunker | DEBUG    | text_chunker.py:95 | Created chunk 17: 95 chars
2026-01-20 15:27:55 | edumind.text_chunker | DEBUG    | text_chunker.py:95 | Created chunk 18: 94 chars
2026-01-20 15:27:55 | edumind.text_chunker | DEBUG    | text_chunker.py:95 | Created chunk 19: 92 chars
2026-01-20 15:27:55 | edumind.text_chunker | DEBUG    | text_chunker.py:95 | Created chunk 20: 92 chars
2026-01-20 15:27:55 | edumind.text_chunker | DEBUG    | text_chunker.py:95 | Created chunk 21: 91 chars
2026-01-20 15:27:55 | edumind.text_chunker | DEBUG    | text_chunker.py:95 | Created chunk 22: 89 chars
2026-01-20 15:27:55 | edumind.text_chunker | DEBUG    | text_chunker.py:95 | Created chunk 23: 89 chars
2026-01-20 15:27:55 | edumind.text_chunker | DEBUG    | text_chunker.py:95 | Created chunk 24: 88 chars
2026-01-20 15:27:55 | edumind.text_chunker | DEBUG    | text_chunker.py:95 | Created chunk 25: 87 chars
2026-01-20 15:27:55 | edumind.text_chunker | DEBUG    | text_chunker.py:95 | Created chunk 26: 86 chars
2026-01-20 15:27:55 | edumind.text_chunker | DEBUG    | text_chunker.py:95 | Created chunk 27: 99 chars
2026-01-20 15:27:55 | edumind.text_chunker | DEBUG    | text_chunker.py:95 | Created chunk 28: 97 chars
2026-01-20 15:27:55 | edumind.text_chunker | DEBUG    | text_chunker.py:95 | Created chunk 29: 97 chars
2026-01-20 15:27:55 | edumind.text_chunker | DEBUG    | text_chunker.py:95 | Created chunk 30: 96 chars
2026-01-20 15:27:55 | edumind.text_chunker | DEBUG    | text_chunker.py:95 | Created chunk 31: 95 chars
2026-01-20 15:27:55 | edumind.text_chunker | DEBUG    | text_chunker.py:95 | Created chunk 32: 94 chars
2026-01-20 15:27:55 | edumind.text_chunker | DEBUG    | text_chunker.py:95 | Created chunk 33: 92 chars
2026-01-20 15:27:55 | edumind.text_chunker | DEBUG    | text_chunker.py:95 | Created chunk 34: 92 chars
2026-01-20 15:27:55 | edumind.text_chunker | DEBUG    | text_chunker.py:95 | Created chunk 35: 91 chars
2026-01-20 15:27:55 | edumind.text_chunker | DEBUG    | text_chunker.py:95 | Created chunk 36: 89 chars
2026-01-20 15:27:55 | edumind.text_chunker | DEBUG    | text_chunker.py:95 | Created chunk 37: 89 chars
2026-01-20 15:27:55 | edumind.text_chunker | DEBUG    | text_chunker.py:95 | Created chunk 38: 88 chars
2026-01-20 15:27:55 | edumind.text_chunker | DEBUG    | text_chunker.py:95 | Created chunk 39: 87 chars
2026-01-20 15:27:55 | edumind.text_chunker | DEBUG    | text_chunker.py:95 | Created chunk 40: 86 chars
2026-01-20 15:27:55 | edumind.text_chunker | DEBUG    | text_chunker.py:95 | Created chunk 41: 99 chars
2026-01-20 15:27:55 | edumind.text_chunker | DEBUG    | text_chunker.py:95 | Created chunk 42: 97 chars
2026-01-20 15:27:55 | edumind.text_chunker | DEBUG    | text_chunker.py:95 | Created chunk 43: 97 chars
2026-01-20 15:27:55 | edumind.text_chunker | DEBUG    | text_chunker.py:95 | Created chunk 44: 96 chars
2026-01-20 15:27:55 | edumind.text_chunker | DEBUG    | text_chunker.py:95 | Created chunk 45: 95 chars
2026-01-20 15:27:55 | edumind.text_chunker | DEBUG    | text_chunker.py:95 | Created chunk 46: 94 chars
2026-01-20 15:27:55 | edumind.text_chunker | DEBUG    | text_chunker.py:95 | Created chunk 47: 92 chars
2026-01-20 15:27:55 | edumind.text_chunker | DEBUG    | text_chunker.py:95 | Created chunk 48: 92 chars
2026-01-20 15:27:55 | edumind.text_chunker | DEBUG    | text_chunker.py:95 | Created chunk 49: 91 chars
2026-01-20 15:27:55 | edumind.text_chunker | DEBUG    | text_chunker.py:95 | Created chunk 50: 89 chars
2026-01-20 15:27:55 | edumind.text_chunker | DEBUG    | text_chunker.py:95 | Created chunk 51: 89 chars
2026-01-20 15:27:55 | edumind.text_chunker | DEBUG    | text_chunker.py:95 | Created chunk 52: 88 chars
2026-01-20 15:27:55 | edumind.text_chunker | DEBUG    | text_chunker.py:95 | Created chunk 53: 87 chars
2026-01-20 15:27:55 | edumind.text_chunker | DEBUG    | text_chunker.py:95 | Created chunk 54: 86 chars
2026-01-20 15:27:55 | edumind.text_chunker | DEBUG    | text_chunker.py:95 | Created chunk 55: 99 chars
2026-01-20 15:27:55 | edumind.text_chunker | DEBUG    | text_chunker.py:95 | Created chunk 56: 97 chars
2026-01-20 15:27:55 | edumind.text_chunker | DEBUG    | text_chunker.py:95 | Created chunk 57: 97 chars
2026-01-20 15:27:55 | edumind.text_chunker | DEBUG    | text_chunker.py:95 | Created chunk 58: 96 chars
2026-01-20 15:27:55 | edumind.text_chunker | DEBUG    | text_chunker.py:95 | Created chunk 59: 95 chars
2026-01-20 15:27:55 | edumind.text_chunker | DEBUG    | text_chunker.py:95 | Created chunk 60: 94 chars
2026-01-20 15:27:55 | edumind.text_chunker | DEBUG    | text_chunker.py:95 | Created chunk 61: 92 chars
2026-01-20 15:27:55 | edumind.text_chunker | DEBUG    | text_chunker.py:95 | Created chunk 62: 92 chars
2026-01-20 15:27:55 | edumind.text_chunker | DEBUG    | text_chunker.py:95 | Created chunk 63: 91 chars
2026-01-20 15:27:55 | edumind.text_chunker | DEBUG    | text_chunker.py:95 | Created chunk 64: 89 chars
2026-01-20 15:27:55 | edumind.text_chunker | DEBUG    | text_chunker.py:95 | Created chunk 65: 89 chars
2026-01-20 15:27:55 | edumind.text_chunker | DEBUG    | text_chunker.py:95 | Created chunk 66: 88 chars
2026-01-20 15:27:55 | edumind.text_chunker | DEBUG    | text_chunker.py:95 | Created chunk 67: 87 chars
2026-01-20 15:27:55 | edumind.text_chunker | DEBUG    | text_chunker.py:95 | Created chunk 68: 86 chars
2026-01-20 15:27:55 | edumind.text_chunker | DEBUG    | text_chunker.py:95 | Created chunk 69: 99 chars
2026-01-20 15:27:55 | edumind.text_chunker | DEBUG    | text_chunker.py:95 | Created chunk 70: 97 chars
2026-01-20 15:27:55 | edumind.text_chunker | DEBUG    | text_chunker.py:95 | Created chunk 71: 97 chars
2026-01-20 15:27:55 | edumind.text_chunker | DEBUG    | text_chunker.py:95 | Created chunk 72: 96 chars
2026-01-20 15:27:55 | edumind.text_chunker | DEBUG    | text_chunker.py:95 | Created chunk 73: 95 chars
2026-01-20 15:27:55 | edumind.text_chunker | DEBUG    | text_chunker.py:95 | Created chunk 74: 94 chars
2026-01-20 15:27:55 | edumind.text_chunker | DEBUG    | text_chunker.py:95 | Created chunk 75: 92 chars
2026-01-20 15:27:55 | edumind.text_chunker | DEBUG    | text_chunker.py:95 | Created chunk 76: 92 chars
2026-01-20 15:27:55 | edumind.text_chunker | DEBUG    | text_chunker.py:95 | Created chunk 77: 91 chars
2026-01-20 15:27:55 | edumind.text_chunker | DEBUG    | text_chunker.py:95 | Created chunk 78: 89 chars
2026-01-20 15:27:55 | edumind.text_chunker | DEBUG    | text_chunker.py:95 | Created chunk 79: 89 chars
2026-01-20 15:27:55 | edumind.text_chunker | DEBUG    | text_chunker.py:95 | Created chunk 80: 88 chars
2026-01-20 15:27:55 | edumind.text_chunker | DEBUG    | text_chunker.py:95 | Created chunk 81: 87 chars
2026-01-20 15:27:55 | edumind.text_chunker | DEBUG    | text_chunker.py:95 | Created chunk 82: 86 chars
2026-01-20 15:27:55 | edumind.text_chunker | DEBUG    | text_chunker.py:95 | Created chunk 83: 99 chars
2026-01-20 15:27:55 | edumind.text_chunker | DEBUG    | text_chunker.py:95 | Created chunk 84: 97 chars
2026-01-20 15:27:55 | edumind.text_chunker | DEBUG    | text_chunker.py:95 | Created chunk 85: 97 chars
2026-01-20 15:27:55 | edumind.text_chunker | DEBUG    | text_chunker.py:95 | Created chunk 86: 96 chars
2026-01-20 15:27:55 | edumind.text_chunker | DEBUG    | text_chunker.py:95 | Created chunk 87: 95 chars
2026-01-20 15:27:55 | edumind.text_chunker | DEBUG    | text_chunker.py:95 | Created chunk 88: 94 chars
2026-01-20 15:27:55 | edumind.text_chunker | DEBUG    | text_chunker.py:95 | Created chunk 89: 92 chars
2026-01-20 15:27:55 | edumind.text_chunker | DEBUG    | text_chunker.py:95 | Created chunk 90: 92 chars
2026-01-20 15:27:55 | edumind.text_chunker | DEBUG    | text_chunker.py:95 | Created chunk 91: 91 chars
2026-01-20 15:27:55 | edumind.text_chunker | DEBUG    | text_chunker.py:95 | Created chunk 92: 89 chars
2026-01-20 15:27:55 | edumind.text_chunker | DEBUG    | text_chunker.py:95 | Created chunk 93: 89 chars
2026-01-20 15:27:55 | edumind.text_chunker | DEBUG    | text_chunker.py:95 | Created chunk 94: 88 chars
2026-01-20 15:27:55 | edumind.text_chunker | DEBUG    | text_chunker.py:95 | Created chunk 95: 87 chars
2026-01-20 15:27:55 | edumind.text_chunker | DEBUG    | text_chunker.py:95 | Created chunk 96: 86 chars
2026-01-20 15:27:55 | edumind.text_chunker | DEBUG    | text_chunker.py:95 | Created chunk 97: 99 chars
2026-01-20 15:27:55 | edumind.text_chunker | DEBUG    | text_chunker.py:95 | Created chunk 98: 97 chars
2026-01-20 15:27:55 | edumind.text_chunker | DEBUG    | text_chunker.py:95 | Created chunk 99: 97 chars
2026-01-20 15:27:55 | edumind.text_chunker | DEBUG    | text_chunker.py:95 | Created chunk 100: 96 chars
2026-01-20 15:27:55 | edumind.text_chunker | DEBUG    | text_chunker.py:95 | Created chunk 101: 95 chars
2026-01-20 15:27:55 | edumind.text_chunker | DEBUG    | text_chunker.py:95 | Created chunk 102: 94 chars
2026-01-20 15:27:55 | edumind.text_chunker | DEBUG    | text_chunker.py:95 | Created chunk 103: 92 chars
2026-01-20 15:27:55 | edumind.text_chunker | DEBUG    | text_chunker.py:95 | Created chunk 104: 92 chars
2026-01-20 15:27:55 | edumind.text_chunker | DEBUG    | text_chunker.py:95 | Created chunk 105: 91 chars
2026-01-20 15:27:55 | edumind.text_chunker | DEBUG    | text_chunker.py:95 | Created chunk 106: 89 chars
2026-01-20 15:27:55 | edumind.text_chunker | DEBUG    | text_chunker.py:95 | Created chunk 107: 89 chars
2026-01-20 15:27:55 | edumind.text_chunker | DEBUG    | text_chunker.py:95 | Created chunk 108: 88 chars
2026-01-20 15:27:55 | edumind.text_chunker | DEBUG    | text_chunker.py:95 | Created chunk 109: 87 chars
2026-01-20 15:27:55 | edumind.text_chunker | DEBUG    | text_chunker.py:95 | Created chunk 110: 86 chars
2026-01-20 15:27:55 | edumind.text_chunker | DEBUG    | text_chunker.py:95 | Created chunk 111: 99 chars
2026-01-20 15:27:55 | edumind.text_chunker | DEBUG    | text_chunker.py:95 | Created chunk 112: 97 chars
2026-01-20 15:27:55 | edumind.text_chunker | DEBUG    | text_chunker.py:95 | Created chunk 113: 97 chars
2026-01-20 15:27:55 | edumind.text_chunker | DEBUG    | text_chunker.py:95 | Created chunk 114: 96 chars
2026-01-20 15:27:55 | edumind.text_chunker | DEBUG    | text_chunker.py:95 | Created chunk 115: 95 chars
2026-01-20 15:27:55 | edumind.text_chunker | DEBUG    | text_chunker.py:95 | Created chunk 116: 94 chars
2026-01-20 15:27:55 | edumind.text_chunker | DEBUG    | text_chunker.py:95 | Created chunk 117: 92 chars
2026-01-20 15:27:55 | edumind.text_chunker | DEBUG    | text_chunker.py:95 | Created chunk 118: 92 chars
2026-01-20 15:27:55 | edumind.text_chunker | DEBUG    | text_chunker.py:95 | Created chunk 119: 91 chars
2026-01-20 15:27:55 | edumind.text_chunker | DEBUG    | text_chunker.py:95 | Created chunk 120: 89 chars
2026-01-20 15:27:55 | edumind.text_chunker | DEBUG    | text_chunker.py:95 | Created chunk 121: 89 chars
2026-01-20 15:27:55 | edumind.text_chunker | DEBUG    | text_chunker.py:95 | Created chunk 122: 88 chars
2026-01-20 15:27:55 | edumind.text_chunker | DEBUG    | text_chunker.py:95 | Created chunk 123: 87 chars
2026-01-20 15:27:55 | edumind.text_chunker | DEBUG    | text_chunker.py:95 | Created chunk 124: 86 chars
2026-01-20 15:27:55 | edumind.text_chunker | DEBUG    | text_chunker.py:95 | Created chunk 125: 99 chars
2026-01-20 15:27:55 | edumind.text_chunker | DEBUG    | text_chunker.py:95 | Created chunk 126: 97 chars
2026-01-20 15:27:55 | edumind.text_chunker | DEBUG    | text_chunker.py:95 | Created chunk 127: 97 chars
2026-01-20 15:27:55 | edumind.text_chunker | DEBUG    | text_chunker.py:95 | Created chunk 128: 96 chars
2026-01-20 15:27:55 | edumind.text_chunker | DEBUG    | text_chunker.py:95 | Created chunk 129: 95 chars
2026-01-20 15:27:55 | edumind.text_chunker | DEBUG    | text_chunker.py:95 | Created chunk 130: 94 chars
2026-01-20 15:27:55 | edumind.text_chunker | DEBUG    | text_chunker.py:95 | Created chunk 131: 92 chars
2026-01-20 15:27:55 | edumind.text_chunker | DEBUG    | text_chunker.py:95 | Created chunk 132: 92 chars
2026-01-20 15:27:55 | edumind.text_chunker | DEBUG    | text_chunker.py:95 | Created chunk 133: 91 chars
2026-01-20 15:27:55 | edumind.text_chunker | DEBUG    | text_chunker.py:95 | Created chunk 134: 89 chars
2026-01-20 15:27:55 | edumind.text_chunker | DEBUG    | text_chunker.py:95 | Created chunk 135: 89 chars
2026-01-20 15:27:55 | edumind.text_chunker | DEBUG    | text_chunker.py:95 | Created chunk 136: 88 chars
2026-01-20 15:27:55 | edumind.text_chunker | DEBUG    | text_chunker.py:95 | Created chunk 137: 87 chars
2026-01-20 15:27:55 | edumind.text_chunker | DEBUG    | text_chunker.py:95 | Created chunk 138: 86 chars
2026-01-20 15:27:55 | edumind.text_chunker | DEBUG    | text_chunker.py:95 | Created chunk 139: 99 chars
2026-01-20 15:27:55 | edumind.text_chunker | DEBUG    | text_chunker.py:95 | Created chunk 140: 97 chars
2026-01-20 15:27:55 | edumind.text_chunker | DEBUG    | text_chunker.py:95 | Created chunk 141: 97 chars
2026-01-20 15:27:55 | edumind.text_chunker | DEBUG    | text_chunker.py:95 | Created chunk 142: 96 chars
2026-01-20 15:27:55 | edumind.text_chunker | DEBUG    | text_chunker.py:95 | Created chunk 143: 95 chars
2026-01-20 15:27:55 | edumind.text_chunker | DEBUG    | text_chunker.py:95 | Created chunk 144: 94 chars
2026-01-20 15:27:55 | edumind.text_chunker | DEBUG    | text_chunker.py:95 | Created chunk 145: 92 chars
2026-01-20 15:27:55 | edumind.text_chunker | DEBUG    | text_chunker.py:95 | Created chunk 146: 92 chars
2026-01-20 15:27:55 | edumind.text_chunker | DEBUG    | text_chunker.py:95 | Created chunk 147: 91 chars
2026-01-20 15:27:55 | edumind.text_chunker | DEBUG    | text_chunker.py:95 | Created chunk 148: 89 chars
2026-01-20 15:27:55 | edumind.text_chunker | DEBUG    | text_chunker.py:95 | Created chunk 149: 89 chars
2026-01-20 15:27:55 | edumind.text_chunker | DEBUG    | text_chunker.py:95 | Created chunk 150: 88 chars
2026-01-20 15:27:55 | edumind.text_chunker | DEBUG    | text_chunker.py:95 | Created chunk 151: 87 chars
2026-01-20 15:27:55 | edumind.text_chunker | DEBUG    | text_chunker.py:95 | Created chunk 152: 86 chars
2026-01-20 15:27:55 | edumind.text_chunker | DEBUG    | text_chunker.py:95 | Created chunk 153: 99 chars
2026-01-20 15:27:55 | edumind.text_chunker | DEBUG    | text_chunker.py:95 | Created chunk 154: 97 chars
2026-01-20 15:27:55 | edumind.text_chunker | DEBUG    | text_chunker.py:95 | Created chunk 155: 97 chars
2026-01-20 15:27:55 | edumind.text_chunker | DEBUG    | text_chunker.py:95 | Created chunk 156: 96 chars
2026-01-20 15:27:55 | edumind.text_chunker | DEBUG    | text_chunker.py:95 | Created chunk 157: 95 chars
2026-01-20 15:27:55 | edumind.text_chunker | DEBUG    | text_chunker.py:95 | Created chunk 158: 94 chars
2026-01-20 15:27:55 | edumind.text_chunker | DEBUG    | text_chunker.py:95 | Created chunk 159: 92 chars
2026-01-20 15:27:55 | edumind.text_chunker | DEBUG    | text_chunker.py:95 | Created chunk 160: 92 chars
2026-01-20 15:27:55 | edumind.text_chunker | DEBUG    | text_chunker.py:95 | Created chunk 161: 91 chars
2026-01-20 15:27:55 | edumind.text_chunker | DEBUG    | text_chunker.py:95 | Created chunk 162: 89 chars
2026-01-20 15:27:55 | edumind.text_chunker | DEBUG    | text_chunker.py:95 | Created chunk 163: 89 chars
2026-01-20 15:27:55 | edumind.text_chunker | DEBUG    | text_chunker.py:95 | Created chunk 164: 88 chars
2026-01-20 15:27:55 | edumind.text_chunker | DEBUG    | text_chunker.py:95 | Created chunk 165: 87 chars
2026-01-20 15:27:55 | edumind.text_chunker | DEBUG    | text_chunker.py:95 | Created chunk 166: 86 chars
2026-01-20 15:27:55 | edumind.text_chunker | DEBUG    | text_chunker.py:95 | Created chunk 167: 99 chars
2026-01-20 15:27:55 | edumind.text_chunker | DEBUG    | text_chunker.py:95 | Created chunk 168: 97 chars
2026-01-20 15:27:55 | edumind.text_chunker | DEBUG    | text_chunker.py:95 | Created chunk 169: 97 chars
2026-01-20 15:27:55 | edumind.text_chunker | DEBUG    | text_chunker.py:95 | Created chunk 170: 96 chars
2026-01-20 15:27:55 | edumind.text_chunker | DEBUG    | text_chunker.py:95 | Created chunk 171: 95 chars
2026-01-20 15:27:55 | edumind.text_chunker | DEBUG    | text_chunker.py:95 | Created chunk 172: 94 chars
2026-01-20 15:27:55 | edumind.text_chunker | DEBUG    | text_chunker.py:95 | Created chunk 173: 92 chars
2026-01-20 15:27:55 | edumind.text_chunker | DEBUG    | text_chunker.py:95 | Created chunk 174: 92 chars
2026-01-20 15:27:55 | edumind.text_chunker | DEBUG    | text_chunker.py:95 | Created chunk 175: 91 chars
2026-01-20 15:27:55 | edumind.text_chunker | DEBUG    | text_chunker.py:95 | Created chunk 176: 89 chars
2026-01-20 15:27:55 | edumind.text_chunker | DEBUG    | text_chunker.py:95 | Created chunk 177: 89 chars
2026-01-20 15:27:55 | edumind.text_chunker | DEBUG    | text_chunker.py:95 | Created chunk 178: 88 chars
2026-01-20 15:27:55 | edumind.text_chunker | DEBUG    | text_chunker.py:95 | Created chunk 179: 87 chars
2026-01-20 15:27:55 | edumind.text_chunker | DEBUG    | text_chunker.py:95 | Created chunk 180: 100 chars
2026-01-20 15:27:55 | edumind.text_chunker | INFO     | text_chunker.py:103 | Split text into 180 chunks (avg: 92 chars)
2026-01-20 16:17:57 | edumind.spaced_repetition | INFO     | spaced_repetition.py:98 | Spaced Repetition Service initialized
2026-01-20 16:17:57 | edumind.spaced_repetition | DEBUG    | spaced_repetition.py:118 | Reviewing card 1 with quality 4
2026-01-20 16:17:57 | edumind.spaced_repetition | INFO     | spaced_repetition.py:151 | Card 1: interval=1d, EF=2.50, next review=2026-01-21
2026-01-20 16:17:57 | edumind.spaced_repetition | INFO     | spaced_repetition.py:98 | Spaced Repetition Service initialized
2026-01-20 16:17:57 | edumind.spaced_repetition | DEBUG    | spaced_repetition.py:118 | Reviewing card 1 with quality 4
2026-01-20 16:17:57 | edumind.spaced_repetition | INFO     | spaced_repetition.py:151 | Card 1: interval=1d, EF=2.50, next review=2026-01-21
2026-01-20 16:17:57 | edumind.spaced_repetition | DEBUG    | spaced_repetition.py:118 | Reviewing card 1 with quality 4
2026-01-20 16:17:57 | edumind.spaced_repetition | INFO     | spaced_repetition.py:151 | Card 1: interval=6d, EF=2.50, next review=2026-01-26
2026-01-20 16:17:57 | edumind.spaced_repetition | INFO     | spaced_repetition.py:98 | Spaced Repetition Service initialized
2026-01-20 16:17:57 | edumind.spaced_repetition | DEBUG    | spaced_repetition.py:118 | Reviewing card 1 with quality 4
2026-01-20 16:17:57 | edumind.spaced_repetition | INFO     | spaced_repetition.py:151 | Card 1: interval=1d, EF=2.50, next review=2026-01-21
2026-01-20 16:17:57 | edumind.spaced_repetition | DEBUG    | spaced_repetition.py:118 | Reviewing card 1 with quality 4
2026-01-20 16:17:57 | edumind.spaced_repetition | INFO     | spaced_repetition.py:151 | Card 1: interval=6d, EF=2.50, next review=2026-01-26
2026-01-20 16:17:57 | edumind.spaced_repetition | DEBUG    | spaced_repetition.py:118 | Reviewing card 1 with quality 4
2026-01-20 16:17:57 | edumind.spaced_repetition | INFO     | spaced_repetition.py:151 | Card 1: interval=15d, EF=2.50, next review=2026-02-04
2026-01-20 16:17:57 | edumind.spaced_repetition | INFO     | spaced_repetition.py:98 | Spaced Repetition Service initialized
2026-01-20 16:17:57 | edumind.spaced_repetition | DEBUG    | spaced_repetition.py:118 | Reviewing card 1 with quality 4
2026-01-20 16:17:57 | edumind.spaced_repetition | INFO     | spaced_repetition.py:151 | Card 1: interval=1d, EF=2.50, next review=2026-01-21
2026-01-20 16:17:57 | edumind.spaced_repetition | DEBUG    | spaced_repetition.py:118 | Reviewing card 1 with quality 4
2026-01-20 16:17:57 | edumind.spaced_repetition | INFO     | spaced_repetition.py:151 | Card 1: interval=6d, EF=2.50, next review=2026-01-26
2026-01-20 16:17:57 | edumind.spaced_repetition | DEBUG    | spaced_repetition.py:118 | Reviewing card 1 with quality 1
2026-01-20 16:17:57 | edumind.spaced_repetition | DEBUG    | spaced_repetition.py:128 | Card 1 failed, resetting to interval 1
2026-01-20 16:17:57 | edumind.spaced_repetition | INFO     | spaced_repetition.py:151 | Card 1: interval=1d, EF=1.96, next review=2026-01-21
2026-01-20 16:17:57 | edumind.spaced_repetition | INFO     | spaced_repetition.py:98 | Spaced Repetition Service initialized
2026-01-20 16:17:57 | edumind.spaced_repetition | DEBUG    | spaced_repetition.py:118 | Reviewing card 1 with quality 5
2026-01-20 16:17:57 | edumind.spaced_repetition | INFO     | spaced_repetition.py:151 | Card 1: interval=1d, EF=2.60, next review=2026-01-21
2026-01-20 16:17:57 | edumind.spaced_repetition | INFO     | spaced_repetition.py:98 | Spaced Repetition Service initialized
2026-01-20 16:17:57 | edumind.spaced_repetition | DEBUG    | spaced_repetition.py:118 | Reviewing card 1 with quality 3
2026-01-20 16:17:57 | edumind.spaced_repetition | INFO     | spaced_repetition.py:151 | Card 1: interval=1d, EF=2.36, next review=2026-01-21
2026-01-20 16:17:57 | edumind.spaced_repetition | INFO     | spaced_repetition.py:98 | Spaced Repetition Service initialized
2026-01-20 16:17:57 | edumind.spaced_repetition | DEBUG    | spaced_repetition.py:118 | Reviewing card 1 with quality 3
2026-01-20 16:17:57 | edumind.spaced_repetition | INFO     | spaced_repetition.py:151 | Card 1: interval=1d, EF=2.36, next review=2026-01-21
2026-01-20 16:17:57 | edumind.spaced_repetition | DEBUG    | spaced_repetition.py:118 | Reviewing card 1 with quality 3
2026-01-20 16:17:57 | edumind.spaced_repetition | INFO     | spaced_repetition.py:151 | Card 1: interval=6d, EF=2.22, next review=2026-01-26
2026-01-20 16:17:57 | edumind.spaced_repetition | DEBUG    | spaced_repetition.py:118 | Reviewing card 1 with quality 3
2026-01-20 16:17:57 | edumind.spaced_repetition | INFO     | spaced_repetition.py:151 | Card 1: interval=13d, EF=2.08, next review=2026-02-02
2026-01-20 16:17:57 | edumind.spaced_repetition | DEBUG    | spaced_repetition.py:118 | Reviewing card 1 with quality 3
2026-01-20 16:17:57 | edumind.spaced_repetition | INFO     | spaced_repetition.py:151 | Card 1: interval=27d, EF=1.94, next review=2026-02-16
2026-01-20 16:17:57 | edumind.spaced_repetition | DEBUG    | spaced_repetition.py:118 | Reviewing card 1 with quality 3
2026-01-20 16:17:57 | edumind.spaced_repetition | INFO     | spaced_repetition.py:151 | Card 1: interval=52d, EF=1.80, next review=2026-03-13
2026-01-20 16:17:57 | edumind.spaced_repetition | DEBUG    | spaced_repetition.py:118 | Reviewing card 1 with quality 3
2026-01-20 16:17:57 | edumind.spaced_repetition | INFO     | spaced_repetition.py:151 | Card 1: interval=94d, EF=1.66, next review=2026-04-24
2026-01-20 16:17:57 | edumind.spaced_repetition | DEBUG    | spaced_repetition.py:118 | Reviewing card 1 with quality 3
2026-01-20 16:17:57 | edumind.spaced_repetition | INFO     | spaced_repetition.py:151 | Card 1: interval=156d, EF=1.52, next review=2026-06-25
2026-01-20 16:17:57 | edumind.spaced_repetition | DEBUG    | spaced_repetition.py:118 | Reviewing card 1 with quality 3
2026-01-20 16:17:57 | edumind.spaced_repetition | INFO     | spaced_repetition.py:151 | Card 1: interval=237d, EF=1.38, next review=2026-09-14
2026-01-20 16:17:57 | edumind.spaced_repetition | DEBUG    | spaced_repetition.py:118 | Reviewing card 1 with quality 3
2026-01-20 16:17:57 | edumind.spaced_repetition | INFO     | spaced_repetition.py:151 | Card 1: interval=327d, EF=1.30, next review=2026-12-13
2026-01-20 16:17:57 | edumind.spaced_repetition | DEBUG    | spaced_repetition.py:118 | Reviewing card 1 with quality 3
2026-01-20 16:17:57 | edumind.spaced_repetition | INFO     | spaced_repetition.py:151 | Card 1: interval=425d, EF=1.30, next review=2027-03-21
2026-01-20 16:17:57 | edumind.spaced_repetition | DEBUG    | spaced_repetition.py:118 | Reviewing card 1 with quality 3
2026-01-20 16:17:57 | edumind.spaced_repetition | INFO     | spaced_repetition.py:151 | Card 1: interval=552d, EF=1.30, next review=2027-07-26
2026-01-20 16:17:57 | edumind.spaced_repetition | DEBUG    | spaced_repetition.py:118 | Reviewing card 1 with quality 3
2026-01-20 16:17:57 | edumind.spaced_repetition | INFO     | spaced_repetition.py:151 | Card 1: interval=718d, EF=1.30, next review=2028-01-08
2026-01-20 16:17:57 | edumind.spaced_repetition | DEBUG    | spaced_repetition.py:118 | Reviewing card 1 with quality 3
2026-01-20 16:17:57 | edumind.spaced_repetition | INFO     | spaced_repetition.py:151 | Card 1: interval=933d, EF=1.30, next review=2028-08-10
2026-01-20 16:17:57 | edumind.spaced_repetition | DEBUG    | spaced_repetition.py:118 | Reviewing card 1 with quality 3
2026-01-20 16:17:57 | edumind.spaced_repetition | INFO     | spaced_repetition.py:151 | Card 1: interval=1213d, EF=1.30, next review=2029-05-17
2026-01-20 16:17:57 | edumind.spaced_repetition | DEBUG    | spaced_repetition.py:118 | Reviewing card 1 with quality 3
2026-01-20 16:17:57 | edumind.spaced_repetition | INFO     | spaced_repetition.py:151 | Card 1: interval=1577d, EF=1.30, next review=2030-05-16
2026-01-20 16:17:57 | edumind.spaced_repetition | DEBUG    | spaced_repetition.py:118 | Reviewing card 1 with quality 3
2026-01-20 16:17:57 | edumind.spaced_repetition | INFO     | spaced_repetition.py:151 | Card 1: interval=2050d, EF=1.30, next review=2031-09-01
2026-01-20 16:17:57 | edumind.spaced_repetition | DEBUG    | spaced_repetition.py:118 | Reviewing card 1 with quality 3
2026-01-20 16:17:57 | edumind.spaced_repetition | INFO     | spaced_repetition.py:151 | Card 1: interval=2665d, EF=1.30, next review=2033-05-08
2026-01-20 16:17:57 | edumind.spaced_repetition | DEBUG    | spaced_repetition.py:118 | Reviewing card 1 with quality 3
2026-01-20 16:17:57 | edumind.spaced_repetition | INFO     | spaced_repetition.py:151 | Card 1: interval=3464d, EF=1.30, next review=2035-07-16
2026-01-20 16:17:57 | edumind.spaced_repetition | DEBUG    | spaced_repetition.py:118 | Reviewing card 1 with quality 3
2026-01-20 16:17:57 | edumind.spaced_repetition | INFO     | spaced_repetition.py:151 | Card 1: interval=4503d, EF=1.30, next review=2038-05-20
2026-01-20 16:17:57 | edumind.spaced_repetition | DEBUG    | spaced_repetition.py:118 | Reviewing card 1 with quality 3
2026-01-20 16:17:57 | edumind.spaced_repetition | INFO     | spaced_repetition.py:151 | Card 1: interval=5854d, EF=1.30, next review=2042-01-30
2026-01-20 16:17:57 | edumind.spaced_repetition | INFO     | spaced_repetition.py:98 | Spaced Repetition Service initialized
2026-01-20 16:17:57 | edumind.spaced_repetition | DEBUG    | spaced_repetition.py:118 | Reviewing card 1 with quality 4
2026-01-20 16:17:57 | edumind.spaced_repetition | INFO     | spaced_repetition.py:151 | Card 1: interval=1d, EF=2.50, next review=2026-01-21
2026-01-20 16:17:57 | edumind.spaced_repetition | INFO     | spaced_repetition.py:98 | Spaced Repetition Service initialized
2026-01-20 16:17:57 | edumind.spaced_repetition | INFO     | spaced_repetition.py:172 | Found 2 cards due for review
2026-01-20 16:17:57 | edumind.spaced_repetition | INFO     | spaced_repetition.py:98 | Spaced Repetition Service initialized
2026-01-20 16:17:57 | edumind.spaced_repetition | INFO     | spaced_repetition.py:98 | Spaced Repetition Service initialized
2026-01-20 16:17:57 | edumind.spaced_repetition | DEBUG    | spaced_repetition.py:118 | Reviewing card 1 with quality 0
2026-01-20 16:17:57 | edumind.spaced_repetition | DEBUG    | spaced_repetition.py:128 | Card 1 failed, resetting to interval 1
2026-01-20 16:17:57 | edumind.spaced_repetition | INFO     | spaced_repetition.py:151 | Card 1: interval=1d, EF=1.70, next review=2026-01-21
2026-01-20 16:17:57 | edumind.spaced_repetition | DEBUG    | spaced_repetition.py:118 | Reviewing card 1 with quality 3
2026-01-20 16:17:57 | edumind.spaced_repetition | INFO     | spaced_repetition.py:151 | Card 1: interval=15d, EF=2.36, next review=2026-02-04
2026-01-20 16:17:57 | edumind.spaced_repetition | DEBUG    | spaced_repetition.py:118 | Reviewing card 1 with quality 4
2026-01-20 16:17:57 | edumind.spaced_repetition | INFO     | spaced_repetition.py:151 | Card 1: interval=15d, EF=2.50, next review=2026-02-04
2026-01-20 16:17:57 | edumind.spaced_repetition | DEBUG    | spaced_repetition.py:118 | Reviewing card 1 with quality 5
2026-01-20 16:17:57 | edumind.spaced_repetition | INFO     | spaced_repetition.py:151 | Card 1: interval=15d, EF=2.60, next review=2026-02-04
2026-01-20 16:18:33 | edumind.json_parser  | DEBUG    | json_parser.py:54 | Parsed JSON using direct parse
2026-01-20 16:18:33 | edumind.json_parser  | DEBUG    | json_parser.py:54 | Parsed JSON using direct parse
2026-01-20 16:18:33 | edumind.json_parser  | DEBUG    | json_parser.py:66 | Parsed JSON by extracting object
2026-01-20 16:18:33 | edumind.json_parser  | DEBUG    | json_parser.py:66 | Parsed JSON by extracting object
2026-01-20 16:18:33 | edumind.json_parser  | DEBUG    | json_parser.py:104 | Parsed JSON after fixing trailing commas
2026-01-20 16:18:33 | edumind.json_parser  | DEBUG    | json_parser.py:104 | Parsed JSON after fixing trailing commas
2026-01-20 16:18:33 | edumind.json_parser  | WARNING  | json_parser.py:43 | Empty input string
2026-01-20 16:18:33 | edumind.json_parser  | WARNING  | json_parser.py:39 | Input is not a string: <class 'int'>
2026-01-20 16:18:33 | edumind.json_parser  | ERROR    | json_parser.py:160 | Failed to parse JSON after trying: ['direct_parse', 'extract_object', 'extract_array', 'clean_markdown', 'fix_trailing_commas', 'fix_single_quotes', 'nested_markdown', 'aggressive_brackets']
2026-01-20 16:18:33 | edumind.json_parser  | DEBUG    | json_parser.py:161 | Raw input (first 500 chars): not json at all
2026-01-20 16:18:33 | edumind.json_parser  | ERROR    | json_parser.py:160 | Failed to parse JSON after trying: ['direct_parse', 'extract_object', 'extract_array', 'clean_markdown', 'fix_trailing_commas', 'fix_single_quotes', 'nested_markdown', 'aggressive_brackets']
2026-01-20 16:18:33 | edumind.json_parser  | DEBUG    | json_parser.py:161 | Raw input (first 500 chars): [1, 2]
2026-01-20 16:18:33 | edumind.json_parser  | ERROR    | json_parser.py:160 | Failed to parse JSON after trying: ['direct_parse', 'extract_object', 'extract_array', 'clean_markdown', 'fix_trailing_commas', 'fix_single_quotes', 'nested_markdown', 'aggressive_brackets']
2026-01-20 16:18:33 | edumind.json_parser  | DEBUG    | json_parser.py:161 | Raw input (first 500 chars): {"key": "value"}
2026-01-20 16:18:33 | edumind.json_parser  | ERROR    | json_parser.py:160 | Failed to parse JSON after trying: ['direct_parse', 'extract_object', 'extract_array', 'clean_markdown', 'fix_trailing_commas', 'fix_single_quotes', 'nested_markdown', 'aggressive_brackets']
2026-01-20 16:18:33 | edumind.json_parser  | DEBUG    | json_parser.py:161 | Raw input (first 500 chars): invalid
2026-01-20 16:18:33 | edumind.json_parser  | DEBUG    | json_parser.py:54 | Parsed JSON using direct parse
2026-01-20 16:18:33 | edumind.json_parser  | DEBUG    | json_parser.py:54 | Parsed JSON using direct parse
2026-01-20 16:18:33 | edumind.json_parser  | INFO     | json_parser.py:204 | Extracted 1 valid quiz questions from 1 items
2026-01-20 16:18:33 | edumind.json_parser  | DEBUG    | json_parser.py:78 | Parsed JSON by extracting array
2026-01-20 16:18:33 | edumind.json_parser  | INFO     | json_parser.py:204 | Extracted 1 valid quiz questions from 1 items
2026-01-20 16:18:33 | edumind.json_parser  | DEBUG    | json_parser.py:54 | Parsed JSON using direct parse
2026-01-20 16:18:33 | edumind.json_parser  | WARNING  | json_parser.py:202 | Quiz item 0 missing fields: ['options', 'answer']
2026-01-20 16:18:33 | edumind.json_parser  | INFO     | json_parser.py:204 | Extracted 1 valid quiz questions from 2 items
2026-01-20 16:18:33 | edumind.json_parser  | WARNING  | json_parser.py:43 | Empty input string
2026-01-20 16:18:33 | edumind.json_parser  | DEBUG    | json_parser.py:54 | Parsed JSON using direct parse
2026-01-20 16:18:33 | edumind.json_parser  | INFO     | json_parser.py:239 | Extracted 2 valid flashcards from 2 items
2026-01-20 16:18:33 | edumind.json_parser  | DEBUG    | json_parser.py:54 | Parsed JSON using direct parse
2026-01-20 16:18:33 | edumind.json_parser  | INFO     | json_parser.py:239 | Extracted 1 valid flashcards from 1 items
2026-01-20 16:18:33 | edumind.json_parser  | WARNING  | json_parser.py:43 | Empty input string
2026-01-20 16:18:33 | edumind.json_parser  | DEBUG    | json_parser.py:54 | Parsed JSON using direct parse
2026-01-20 16:18:33 | edumind.json_parser  | INFO     | json_parser.py:276 | Extracted concept map with 3 nodes and 1 edges
2026-01-20 16:18:33 | edumind.json_parser  | DEBUG    | json_parser.py:54 | Parsed JSON using direct parse
2026-01-20 16:18:33 | edumind.json_parser  | INFO     | json_parser.py:276 | Extracted concept map with 2 nodes and 0 edges
2026-01-20 16:18:33 | edumind.json_parser  | WARNING  | json_parser.py:43 | Empty input string
2026-01-20 16:18:33 | edumind.spaced_repetition | INFO     | spaced_repetition.py:98 | Spaced Repetition Service initialized
2026-01-20 16:18:33 | edumind.spaced_repetition | DEBUG    | spaced_repetition.py:118 | Reviewing card 1 with quality 4
2026-01-20 16:18:33 | edumind.spaced_repetition | INFO     | spaced_repetition.py:151 | Card 1: interval=1d, EF=2.50, next review=2026-01-21
2026-01-20 16:18:33 | edumind.spaced_repetition | INFO     | spaced_repetition.py:98 | Spaced Repetition Service initialized
2026-01-20 16:18:33 | edumind.spaced_repetition | DEBUG    | spaced_repetition.py:118 | Reviewing card 1 with quality 4
2026-01-20 16:18:33 | edumind.spaced_repetition | INFO     | spaced_repetition.py:151 | Card 1: interval=1d, EF=2.50, next review=2026-01-21
2026-01-20 16:18:33 | edumind.spaced_repetition | DEBUG    | spaced_repetition.py:118 | Reviewing card 1 with quality 4
2026-01-20 16:18:33 | edumind.spaced_repetition | INFO     | spaced_repetition.py:151 | Card 1: interval=6d, EF=2.50, next review=2026-01-26
2026-01-20 16:18:33 | edumind.spaced_repetition | INFO     | spaced_repetition.py:98 | Spaced Repetition Service initialized
2026-01-20 16:18:33 | edumind.spaced_repetition | DEBUG    | spaced_repetition.py:118 | Reviewing card 1 with quality 4
2026-01-20 16:18:33 | edumind.spaced_repetition | INFO     | spaced_repetition.py:151 | Card 1: interval=1d, EF=2.50, next review=2026-01-21
2026-01-20 16:18:33 | edumind.spaced_repetition | DEBUG    | spaced_repetition.py:118 | Reviewing card 1 with quality 4
2026-01-20 16:18:33 | edumind.spaced_repetition | INFO     | spaced_repetition.py:151 | Card 1: interval=6d, EF=2.50, next review=2026-01-26
2026-01-20 16:18:33 | edumind.spaced_repetition | DEBUG    | spaced_repetition.py:118 | Reviewing card 1 with quality 4
2026-01-20 16:18:33 | edumind.spaced_repetition | INFO     | spaced_repetition.py:151 | Card 1: interval=15d, EF=2.50, next review=2026-02-04
2026-01-20 16:18:33 | edumind.spaced_repetition | INFO     | spaced_repetition.py:98 | Spaced Repetition Service initialized
2026-01-20 16:18:33 | edumind.spaced_repetition | DEBUG    | spaced_repetition.py:118 | Reviewing card 1 with quality 4
2026-01-20 16:18:33 | edumind.spaced_repetition | INFO     | spaced_repetition.py:151 | Card 1: interval=1d, EF=2.50, next review=2026-01-21
2026-01-20 16:18:33 | edumind.spaced_repetition | DEBUG    | spaced_repetition.py:118 | Reviewing card 1 with quality 4
2026-01-20 16:18:33 | edumind.spaced_repetition | INFO     | spaced_repetition.py:151 | Card 1: interval=6d, EF=2.50, next review=2026-01-26
2026-01-20 16:18:33 | edumind.spaced_repetition | DEBUG    | spaced_repetition.py:118 | Reviewing card 1 with quality 1
2026-01-20 16:18:33 | edumind.spaced_repetition | DEBUG    | spaced_repetition.py:128 | Card 1 failed, resetting to interval 1
2026-01-20 16:18:33 | edumind.spaced_repetition | INFO     | spaced_repetition.py:151 | Card 1: interval=1d, EF=1.96, next review=2026-01-21
2026-01-20 16:18:33 | edumind.spaced_repetition | INFO     | spaced_repetition.py:98 | Spaced Repetition Service initialized
2026-01-20 16:18:33 | edumind.spaced_repetition | DEBUG    | spaced_repetition.py:118 | Reviewing card 1 with quality 5
2026-01-20 16:18:33 | edumind.spaced_repetition | INFO     | spaced_repetition.py:151 | Card 1: interval=1d, EF=2.60, next review=2026-01-21
2026-01-20 16:18:33 | edumind.spaced_repetition | INFO     | spaced_repetition.py:98 | Spaced Repetition Service initialized
2026-01-20 16:18:33 | edumind.spaced_repetition | DEBUG    | spaced_repetition.py:118 | Reviewing card 1 with quality 3
2026-01-20 16:18:33 | edumind.spaced_repetition | INFO     | spaced_repetition.py:151 | Card 1: interval=1d, EF=2.36, next review=2026-01-21
2026-01-20 16:18:33 | edumind.spaced_repetition | INFO     | spaced_repetition.py:98 | Spaced Repetition Service initialized
2026-01-20 16:18:33 | edumind.spaced_repetition | DEBUG    | spaced_repetition.py:118 | Reviewing card 1 with quality 3
2026-01-20 16:18:33 | edumind.spaced_repetition | INFO     | spaced_repetition.py:151 | Card 1: interval=1d, EF=2.36, next review=2026-01-21
2026-01-20 16:18:33 | edumind.spaced_repetition | DEBUG    | spaced_repetition.py:118 | Reviewing card 1 with quality 3
2026-01-20 16:18:33 | edumind.spaced_repetition | INFO     | spaced_repetition.py:151 | Card 1: interval=6d, EF=2.22, next review=2026-01-26
2026-01-20 16:18:33 | edumind.spaced_repetition | DEBUG    | spaced_repetition.py:118 | Reviewing card 1 with quality 3
2026-01-20 16:18:33 | edumind.spaced_repetition | INFO     | spaced_repetition.py:151 | Card 1: interval=13d, EF=2.08, next review=2026-02-02
2026-01-20 16:18:33 | edumind.spaced_repetition | DEBUG    | spaced_repetition.py:118 | Reviewing card 1 with quality 3
2026-01-20 16:18:33 | edumind.spaced_repetition | INFO     | spaced_repetition.py:151 | Card 1: interval=27d, EF=1.94, next review=2026-02-16
2026-01-20 16:18:33 | edumind.spaced_repetition | DEBUG    | spaced_repetition.py:118 | Reviewing card 1 with quality 3
2026-01-20 16:18:33 | edumind.spaced_repetition | INFO     | spaced_repetition.py:151 | Card 1: interval=52d, EF=1.80, next review=2026-03-13
2026-01-20 16:18:33 | edumind.spaced_repetition | DEBUG    | spaced_repetition.py:118 | Reviewing card 1 with quality 3
2026-01-20 16:18:33 | edumind.spaced_repetition | INFO     | spaced_repetition.py:151 | Card 1: interval=94d, EF=1.66, next review=2026-04-24
2026-01-20 16:18:33 | edumind.spaced_repetition | DEBUG    | spaced_repetition.py:118 | Reviewing card 1 with quality 3
2026-01-20 16:18:33 | edumind.spaced_repetition | INFO     | spaced_repetition.py:151 | Card 1: interval=156d, EF=1.52, next review=2026-06-25
2026-01-20 16:18:33 | edumind.spaced_repetition | DEBUG    | spaced_repetition.py:118 | Reviewing card 1 with quality 3
2026-01-20 16:18:33 | edumind.spaced_repetition | INFO     | spaced_repetition.py:151 | Card 1: interval=237d, EF=1.38, next review=2026-09-14
2026-01-20 16:18:33 | edumind.spaced_repetition | DEBUG    | spaced_repetition.py:118 | Reviewing card 1 with quality 3
2026-01-20 16:18:33 | edumind.spaced_repetition | INFO     | spaced_repetition.py:151 | Card 1: interval=327d, EF=1.30, next review=2026-12-13
2026-01-20 16:18:33 | edumind.spaced_repetition | DEBUG    | spaced_repetition.py:118 | Reviewing card 1 with quality 3
2026-01-20 16:18:33 | edumind.spaced_repetition | INFO     | spaced_repetition.py:151 | Card 1: interval=425d, EF=1.30, next review=2027-03-21
2026-01-20 16:18:33 | edumind.spaced_repetition | DEBUG    | spaced_repetition.py:118 | Reviewing card 1 with quality 3
2026-01-20 16:18:33 | edumind.spaced_repetition | INFO     | spaced_repetition.py:151 | Card 1: interval=552d, EF=1.30, next review=2027-07-26
2026-01-20 16:18:33 | edumind.spaced_repetition | DEBUG    | spaced_repetition.py:118 | Reviewing card 1 with quality 3
2026-01-20 16:18:33 | edumind.spaced_repetition | INFO     | spaced_repetition.py:151 | Card 1: interval=718d, EF=1.30, next review=2028-01-08
2026-01-20 16:18:33 | edumind.spaced_repetition | DEBUG    | spaced_repetition.py:118 | Reviewing card 1 with quality 3
2026-01-20 16:18:33 | edumind.spaced_repetition | INFO     | spaced_repetition.py:151 | Card 1: interval=933d, EF=1.30, next review=2028-08-10
2026-01-20 16:18:33 | edumind.spaced_repetition | DEBUG    | spaced_repetition.py:118 | Reviewing card 1 with quality 3
2026-01-20 16:18:33 | edumind.spaced_repetition | INFO     | spaced_repetition.py:151 | Card 1: interval=1213d, EF=1.30, next review=2029-05-17
2026-01-20 16:18:33 | edumind.spaced_repetition | DEBUG    | spaced_repetition.py:118 | Reviewing card 1 with quality 3
2026-01-20 16:18:33 | edumind.spaced_repetition | INFO     | spaced_repetition.py:151 | Card 1: interval=1577d, EF=1.30, next review=2030-05-16
2026-01-20 16:18:33 | edumind.spaced_repetition | DEBUG    | spaced_repetition.py:118 | Reviewing card 1 with quality 3
2026-01-20 16:18:33 | edumind.spaced_repetition | INFO     | spaced_repetition.py:151 | Card 1: interval=2050d, EF=1.30, next review=2031-09-01
2026-01-20 16:18:33 | edumind.spaced_repetition | DEBUG    | spaced_repetition.py:118 | Reviewing card 1 with quality 3
2026-01-20 16:18:33 | edumind.spaced_repetition | INFO     | spaced_repetition.py:151 | Card 1: interval=2665d, EF=1.30, next review=2033-05-08
2026-01-20 16:18:33 | edumind.spaced_repetition | DEBUG    | spaced_repetition.py:118 | Reviewing card 1 with quality 3
2026-01-20 16:18:33 | edumind.spaced_repetition | INFO     | spaced_repetition.py:151 | Card 1: interval=3464d, EF=1.30, next review=2035-07-16
2026-01-20 16:18:33 | edumind.spaced_repetition | DEBUG    | spaced_repetition.py:118 | Reviewing card 1 with quality 3
2026-01-20 16:18:33 | edumind.spaced_repetition | INFO     | spaced_repetition.py:151 | Card 1: interval=4503d, EF=1.30, next review=2038-05-20
2026-01-20 16:18:33 | edumind.spaced_repetition | DEBUG    | spaced_repetition.py:118 | Reviewing card 1 with quality 3
2026-01-20 16:18:33 | edumind.spaced_repetition | INFO     | spaced_repetition.py:151 | Card 1: interval=5854d, EF=1.30, next review=2042-01-30
2026-01-20 16:18:33 | edumind.spaced_repetition | INFO     | spaced_repetition.py:98 | Spaced Repetition Service initialized
2026-01-20 16:18:33 | edumind.spaced_repetition | DEBUG    | spaced_repetition.py:118 | Reviewing card 1 with quality 4
2026-01-20 16:18:33 | edumind.spaced_repetition | INFO     | spaced_repetition.py:151 | Card 1: interval=1d, EF=2.50, next review=2026-01-21
2026-01-20 16:18:33 | edumind.spaced_repetition | INFO     | spaced_repetition.py:98 | Spaced Repetition Service initialized
2026-01-20 16:18:33 | edumind.spaced_repetition | INFO     | spaced_repetition.py:172 | Found 2 cards due for review
2026-01-20 16:18:33 | edumind.spaced_repetition | INFO     | spaced_repetition.py:98 | Spaced Repetition Service initialized
2026-01-20 16:18:33 | edumind.spaced_repetition | INFO     | spaced_repetition.py:98 | Spaced Repetition Service initialized
2026-01-20 16:18:33 | edumind.spaced_repetition | DEBUG    | spaced_repetition.py:118 | Reviewing card 1 with quality 0
2026-01-20 16:18:33 | edumind.spaced_repetition | DEBUG    | spaced_repetition.py:128 | Card 1 failed, resetting to interval 1
2026-01-20 16:18:33 | edumind.spaced_repetition | INFO     | spaced_repetition.py:151 | Card 1: interval=1d, EF=1.70, next review=2026-01-21
2026-01-20 16:18:33 | edumind.spaced_repetition | DEBUG    | spaced_repetition.py:118 | Reviewing card 1 with quality 3
2026-01-20 16:18:33 | edumind.spaced_repetition | INFO     | spaced_repetition.py:151 | Card 1: interval=15d, EF=2.36, next review=2026-02-04
2026-01-20 16:18:33 | edumind.spaced_repetition | DEBUG    | spaced_repetition.py:118 | Reviewing card 1 with quality 4
2026-01-20 16:18:33 | edumind.spaced_repetition | INFO     | spaced_repetition.py:151 | Card 1: interval=15d, EF=2.50, next review=2026-02-04
2026-01-20 16:18:33 | edumind.spaced_repetition | DEBUG    | spaced_repetition.py:118 | Reviewing card 1 with quality 5
2026-01-20 16:18:33 | edumind.spaced_repetition | INFO     | spaced_repetition.py:151 | Card 1: interval=15d, EF=2.60, next review=2026-02-04
2026-01-20 16:18:33 | edumind.text_chunker | DEBUG    | text_chunker.py:69 | Text fits in single chunk (21 chars)
2026-01-20 16:18:33 | edumind.text_chunker | WARNING  | text_chunker.py:57 | Empty text provided for chunking
2026-01-20 16:18:33 | edumind.text_chunker | WARNING  | text_chunker.py:64 | Only whitespace provided for chunking
2026-01-20 16:18:33 | edumind.text_chunker | DEBUG    | text_chunker.py:95 | Created chunk 1: 199 chars
2026-01-20 16:18:33 | edumind.text_chunker | DEBUG    | text_chunker.py:95 | Created chunk 2: 199 chars
2026-01-20 16:18:33 | edumind.text_chunker | DEBUG    | text_chunker.py:95 | Created chunk 3: 199 chars
2026-01-20 16:18:33 | edumind.text_chunker | DEBUG    | text_chunker.py:95 | Created chunk 4: 199 chars
2026-01-20 16:18:33 | edumind.text_chunker | DEBUG    | text_chunker.py:95 | Created chunk 5: 199 chars
2026-01-20 16:18:33 | edumind.text_chunker | DEBUG    | text_chunker.py:95 | Created chunk 6: 199 chars
2026-01-20 16:18:33 | edumind.text_chunker | DEBUG    | text_chunker.py:95 | Created chunk 7: 199 chars
2026-01-20 16:18:33 | edumind.text_chunker | DEBUG    | text_chunker.py:95 | Created chunk 8: 199 chars
2026-01-20 16:18:33 | edumind.text_chunker | DEBUG    | text_chunker.py:95 | Created chunk 9: 199 chars
2026-01-20 16:18:33 | edumind.text_chunker | INFO     | text_chunker.py:103 | Split text into 9 chunks (avg: 199 chars)
2026-01-20 16:18:33 | edumind.text_chunker | DEBUG    | text_chunker.py:95 | Created chunk 1: 32 chars
2026-01-20 16:18:33 | edumind.text_chunker | DEBUG    | text_chunker.py:95 | Created chunk 2: 31 chars
2026-01-20 16:18:33 | edumind.text_chunker | DEBUG    | text_chunker.py:95 | Created chunk 3: 30 chars
2026-01-20 16:18:33 | edumind.text_chunker | DEBUG    | text_chunker.py:95 | Created chunk 4: 29 chars
2026-01-20 16:18:33 | edumind.text_chunker | DEBUG    | text_chunker.py:95 | Created chunk 5: 28 chars
2026-01-20 16:18:33 | edumind.text_chunker | DEBUG    | text_chunker.py:95 | Created chunk 6: 26 chars
2026-01-20 16:18:33 | edumind.text_chunker | DEBUG    | text_chunker.py:95 | Created chunk 7: 26 chars
2026-01-20 16:18:33 | edumind.text_chunker | DEBUG    | text_chunker.py:95 | Created chunk 8: 25 chars
2026-01-20 16:18:33 | edumind.text_chunker | DEBUG    | text_chunker.py:95 | Created chunk 9: 24 chars
2026-01-20 16:18:33 | edumind.text_chunker | DEBUG    | text_chunker.py:95 | Created chunk 10: 39 chars
2026-01-20 16:18:33 | edumind.text_chunker | DEBUG    | text_chunker.py:95 | Created chunk 11: 38 chars
2026-01-20 16:18:33 | edumind.text_chunker | DEBUG    | text_chunker.py:95 | Created chunk 12: 37 chars
2026-01-20 16:18:33 | edumind.text_chunker | DEBUG    | text_chunker.py:95 | Created chunk 13: 36 chars
2026-01-20 16:18:33 | edumind.text_chunker | DEBUG    | text_chunker.py:95 | Created chunk 14: 35 chars
2026-01-20 16:18:33 | edumind.text_chunker | DEBUG    | text_chunker.py:95 | Created chunk 15: 34 chars
2026-01-20 16:18:33 | edumind.text_chunker | DEBUG    | text_chunker.py:95 | Created chunk 16: 32 chars
2026-01-20 16:18:33 | edumind.text_chunker | DEBUG    | text_chunker.py:95 | Created chunk 17: 32 chars
2026-01-20 16:18:33 | edumind.text_chunker | DEBUG    | text_chunker.py:95 | Created chunk 18: 31 chars
2026-01-20 16:18:33 | edumind.text_chunker | DEBUG    | text_chunker.py:95 | Created chunk 19: 30 chars
2026-01-20 16:18:33 | edumind.text_chunker | DEBUG    | text_chunker.py:95 | Created chunk 20: 29 chars
2026-01-20 16:18:33 | edumind.text_chunker | DEBUG    | text_chunker.py:95 | Created chunk 21: 28 chars
2026-01-20 16:18:33 | edumind.text_chunker | DEBUG    | text_chunker.py:95 | Created chunk 22: 27 chars
2026-01-20 16:18:33 | edumind.text_chunker | DEBUG    | text_chunker.py:95 | Created chunk 23: 25 chars
2026-01-20 16:18:33 | edumind.text_chunker | DEBUG    | text_chunker.py:95 | Created chunk 24: 25 chars
2026-01-20 16:18:33 | edumind.text_chunker | DEBUG    | text_chunker.py:95 | Created chunk 25: 24 chars
2026-01-20 16:18:33 | edumind.text_chunker | DEBUG    | text_chunker.py:95 | Created chunk 26: 40 chars
2026-01-20 16:18:33 | edumind.text_chunker | INFO     | text_chunker.py:103 | Split text into 26 chunks (avg: 30 chars)
2026-01-20 16:18:33 | edumind.text_chunker | DEBUG    | text_chunker.py:95 | Created chunk 1: 27 chars
2026-01-20 16:18:33 | edumind.text_chunker | DEBUG    | text_chunker.py:95 | Created chunk 2: 26 chars
2026-01-20 16:18:33 | edumind.text_chunker | DEBUG    | text_chunker.py:95 | Created chunk 3: 25 chars
2026-01-20 16:18:33 | edumind.text_chunker | DEBUG    | text_chunker.py:95 | Created chunk 4: 24 chars
2026-01-20 16:18:33 | edumind.text_chunker | DEBUG    | text_chunker.py:95 | Created chunk 5: 43 chars
2026-01-20 16:18:33 | edumind.text_chunker | DEBUG    | text_chunker.py:95 | Created chunk 6: 42 chars
2026-01-20 16:18:33 | edumind.text_chunker | DEBUG    | text_chunker.py:95 | Created chunk 7: 41 chars
2026-01-20 16:18:33 | edumind.text_chunker | DEBUG    | text_chunker.py:95 | Created chunk 8: 49 chars
2026-01-20 16:18:33 | edumind.text_chunker | DEBUG    | text_chunker.py:95 | Created chunk 9: 48 chars
2026-01-20 16:18:33 | edumind.text_chunker | DEBUG    | text_chunker.py:95 | Created chunk 10: 46 chars
2026-01-20 16:18:33 | edumind.text_chunker | DEBUG    | text_chunker.py:95 | Created chunk 11: 46 chars
2026-01-20 16:18:33 | edumind.text_chunker | DEBUG    | text_chunker.py:95 | Created chunk 12: 45 chars
2026-01-20 16:18:33 | edumind.text_chunker | DEBUG    | text_chunker.py:95 | Created chunk 13: 44 chars
2026-01-20 16:18:33 | edumind.text_chunker | DEBUG    | text_chunker.py:95 | Created chunk 14: 42 chars
2026-01-20 16:18:33 | edumind.text_chunker | DEBUG    | text_chunker.py:95 | Created chunk 15: 42 chars
2026-01-20 16:18:33 | edumind.text_chunker | DEBUG    | text_chunker.py:95 | Created chunk 16: 41 chars
2026-01-20 16:18:33 | edumind.text_chunker | DEBUG    | text_chunker.py:95 | Created chunk 17: 40 chars
2026-01-20 16:18:33 | edumind.text_chunker | DEBUG    | text_chunker.py:95 | Created chunk 18: 39 chars
2026-01-20 16:18:33 | edumind.text_chunker | DEBUG    | text_chunker.py:95 | Created chunk 19: 37 chars
2026-01-20 16:18:33 | edumind.text_chunker | DEBUG    | text_chunker.py:95 | Created chunk 20: 37 chars
2026-01-20 16:18:33 | edumind.text_chunker | DEBUG    | text_chunker.py:95 | Created chunk 21: 36 chars
2026-01-20 16:18:33 | edumind.text_chunker | DEBUG    | text_chunker.py:95 | Created chunk 22: 35 chars
2026-01-20 16:18:33 | edumind.text_chunker | DEBUG    | text_chunker.py:95 | Created chunk 23: 34 chars
2026-01-20 16:18:33 | edumind.text_chunker | DEBUG    | text_chunker.py:95 | Created chunk 24: 33 chars
2026-01-20 16:18:33 | edumind.text_chunker | DEBUG    | text_chunker.py:95 | Created chunk 25: 50 chars
2026-01-20 16:18:33 | edumind.text_chunker | INFO     | text_chunker.py:103 | Split text into 25 chunks (avg: 38 chars)
2026-01-20 16:18:33 | edumind.text_chunker | DEBUG    | text_chunker.py:95 | Created chunk 1: 49 chars
2026-01-20 16:18:33 | edumind.text_chunker | DEBUG    | text_chunker.py:95 | Created chunk 2: 48 chars
2026-01-20 16:18:33 | edumind.text_chunker | DEBUG    | text_chunker.py:95 | Created chunk 3: 47 chars
2026-01-20 16:18:33 | edumind.text_chunker | DEBUG    | text_chunker.py:95 | Created chunk 4: 46 chars
2026-01-20 16:18:33 | edumind.text_chunker | DEBUG    | text_chunker.py:95 | Created chunk 5: 44 chars
2026-01-20 16:18:33 | edumind.text_chunker | DEBUG    | text_chunker.py:95 | Created chunk 6: 49 chars
2026-01-20 16:18:33 | edumind.text_chunker | DEBUG    | text_chunker.py:95 | Created chunk 7: 48 chars
2026-01-20 16:18:33 | edumind.text_chunker | DEBUG    | text_chunker.py:95 | Created chunk 8: 47 chars
2026-01-20 16:18:33 | edumind.text_chunker | DEBUG    | text_chunker.py:95 | Created chunk 9: 46 chars
2026-01-20 16:18:33 | edumind.text_chunker | DEBUG    | text_chunker.py:95 | Created chunk 10: 44 chars
2026-01-20 16:18:33 | edumind.text_chunker | DEBUG    | text_chunker.py:95 | Created chunk 11: 49 chars
2026-01-20 16:18:33 | edumind.text_chunker | DEBUG    | text_chunker.py:95 | Created chunk 12: 48 chars
2026-01-20 16:18:33 | edumind.text_chunker | DEBUG    | text_chunker.py:95 | Created chunk 13: 47 chars
2026-01-20 16:18:33 | edumind.text_chunker | DEBUG    | text_chunker.py:95 | Created chunk 14: 46 chars
2026-01-20 16:18:33 | edumind.text_chunker | DEBUG    | text_chunker.py:95 | Created chunk 15: 44 chars
2026-01-20 16:18:33 | edumind.text_chunker | DEBUG    | text_chunker.py:95 | Created chunk 16: 49 chars
2026-01-20 16:18:33 | edumind.text_chunker | DEBUG    | text_chunker.py:95 | Created chunk 17: 48 chars
2026-01-20 16:18:33 | edumind.text_chunker | DEBUG    | text_chunker.py:95 | Created chunk 18: 47 chars
2026-01-20 16:18:33 | edumind.text_chunker | DEBUG    | text_chunker.py:95 | Created chunk 19: 46 chars
2026-01-20 16:18:33 | edumind.text_chunker | DEBUG    | text_chunker.py:95 | Created chunk 20: 44 chars
2026-01-20 16:18:33 | edumind.text_chunker | DEBUG    | text_chunker.py:95 | Created chunk 21: 49 chars
2026-01-20 16:18:33 | edumind.text_chunker | DEBUG    | text_chunker.py:95 | Created chunk 22: 48 chars
2026-01-20 16:18:33 | edumind.text_chunker | DEBUG    | text_chunker.py:95 | Created chunk 23: 47 chars
2026-01-20 16:18:33 | edumind.text_chunker | DEBUG    | text_chunker.py:95 | Created chunk 24: 46 chars
2026-01-20 16:18:33 | edumind.text_chunker | DEBUG    | text_chunker.py:95 | Created chunk 25: 44 chars
2026-01-20 16:18:33 | edumind.text_chunker | DEBUG    | text_chunker.py:95 | Created chunk 26: 49 chars
2026-01-20 16:18:33 | edumind.text_chunker | DEBUG    | text_chunker.py:95 | Created chunk 27: 48 chars
2026-01-20 16:18:33 | edumind.text_chunker | DEBUG    | text_chunker.py:95 | Created chunk 28: 47 chars
2026-01-20 16:18:33 | edumind.text_chunker | DEBUG    | text_chunker.py:95 | Created chunk 29: 46 chars
2026-01-20 16:18:33 | edumind.text_chunker | DEBUG    | text_chunker.py:95 | Created chunk 30: 44 chars
2026-01-20 16:18:33 | edumind.text_chunker | DEBUG    | text_chunker.py:95 | Created chunk 31: 49 chars
2026-01-20 16:18:33 | edumind.text_chunker | DEBUG    | text_chunker.py:95 | Created chunk 32: 48 chars
2026-01-20 16:18:33 | edumind.text_chunker | DEBUG    | text_chunker.py:95 | Created chunk 33: 47 chars
2026-01-20 16:18:33 | edumind.text_chunker | DEBUG    | text_chunker.py:95 | Created chunk 34: 46 chars
2026-01-20 16:18:33 | edumind.text_chunker | DEBUG    | text_chunker.py:95 | Created chunk 35: 44 chars
2026-01-20 16:18:33 | edumind.text_chunker | DEBUG    | text_chunker.py:95 | Created chunk 36: 49 chars
2026-01-20 16:18:33 | edumind.text_chunker | DEBUG    | text_chunker.py:95 | Created chunk 37: 48 chars
2026-01-20 16:18:33 | edumind.text_chunker | DEBUG    | text_chunker.py:95 | Created chunk 38: 47 chars
2026-01-20 16:18:33 | edumind.text_chunker | DEBUG    | text_chunker.py:95 | Created chunk 39: 46 chars
2026-01-20 16:18:33 | edumind.text_chunker | DEBUG    | text_chunker.py:95 | Created chunk 40: 44 chars
2026-01-20 16:18:33 | edumind.text_chunker | DEBUG    | text_chunker.py:95 | Created chunk 41: 49 chars
2026-01-20 16:18:33 | edumind.text_chunker | DEBUG    | text_chunker.py:95 | Created chunk 42: 48 chars
2026-01-20 16:18:33 | edumind.text_chunker | DEBUG    | text_chunker.py:95 | Created chunk 43: 47 chars
2026-01-20 16:18:33 | edumind.text_chunker | DEBUG    | text_chunker.py:95 | Created chunk 44: 46 chars
2026-01-20 16:18:33 | edumind.text_chunker | DEBUG    | text_chunker.py:95 | Created chunk 45: 44 chars
2026-01-20 16:18:33 | edumind.text_chunker | DEBUG    | text_chunker.py:95 | Created chunk 46: 49 chars
2026-01-20 16:18:33 | edumind.text_chunker | DEBUG    | text_chunker.py:95 | Created chunk 47: 48 chars
2026-01-20 16:18:33 | edumind.text_chunker | DEBUG    | text_chunker.py:95 | Created chunk 48: 47 chars
2026-01-20 16:18:33 | edumind.text_chunker | DEBUG    | text_chunker.py:95 | Created chunk 49: 46 chars
2026-01-20 16:18:33 | edumind.text_chunker | DEBUG    | text_chunker.py:95 | Created chunk 50: 44 chars
2026-01-20 16:18:33 | edumind.text_chunker | DEBUG    | text_chunker.py:95 | Created chunk 51: 49 chars
2026-01-20 16:18:33 | edumind.text_chunker | DEBUG    | text_chunker.py:95 | Created chunk 52: 48 chars
2026-01-20 16:18:33 | edumind.text_chunker | DEBUG    | text_chunker.py:95 | Created chunk 53: 47 chars
2026-01-20 16:18:33 | edumind.text_chunker | DEBUG    | text_chunker.py:95 | Created chunk 54: 46 chars
2026-01-20 16:18:33 | edumind.text_chunker | DEBUG    | text_chunker.py:95 | Created chunk 55: 44 chars
2026-01-20 16:18:33 | edumind.text_chunker | DEBUG    | text_chunker.py:95 | Created chunk 56: 49 chars
2026-01-20 16:18:33 | edumind.text_chunker | DEBUG    | text_chunker.py:95 | Created chunk 57: 48 chars
2026-01-20 16:18:33 | edumind.text_chunker | DEBUG    | text_chunker.py:95 | Created chunk 58: 47 chars
2026-01-20 16:18:33 | edumind.text_chunker | DEBUG    | text_chunker.py:95 | Created chunk 59: 46 chars
2026-01-20 16:18:33 | edumind.text_chunker | DEBUG    | text_chunker.py:95 | Created chunk 60: 44 chars
2026-01-20 16:18:33 | edumind.text_chunker | DEBUG    | text_chunker.py:95 | Created chunk 61: 49 chars
2026-01-20 16:18:33 | edumind.text_chunker | DEBUG    | text_chunker.py:95 | Created chunk 62: 48 chars
2026-01-20 16:18:33 | edumind.text_chunker | DEBUG    | text_chunker.py:95 | Created chunk 63: 47 chars
2026-01-20 16:18:33 | edumind.text_chunker | DEBUG    | text_chunker.py:95 | Created chunk 64: 46 chars
2026-01-20 16:18:33 | edumind.text_chunker | DEBUG    | text_chunker.py:95 | Created chunk 65: 44 chars
2026-01-20 16:18:33 | edumind.text_chunker | DEBUG    | text_chunker.py:95 | Created chunk 66: 49 chars
2026-01-20 16:18:33 | edumind.text_chunker | DEBUG    | text_chunker.py:95 | Created chunk 67: 48 chars
2026-01-20 16:18:33 | edumind.text_chunker | DEBUG    | text_chunker.py:95 | Created chunk 68: 47 chars
2026-01-20 16:18:33 | edumind.text_chunker | DEBUG    | text_chunker.py:95 | Created chunk 69: 46 chars
2026-01-20 16:18:33 | edumind.text_chunker | DEBUG    | text_chunker.py:95 | Created chunk 70: 44 chars
2026-01-20 16:18:33 | edumind.text_chunker | DEBUG    | text_chunker.py:95 | Created chunk 71: 49 chars
2026-01-20 16:18:33 | edumind.text_chunker | DEBUG    | text_chunker.py:95 | Created chunk 72: 48 chars
2026-01-20 16:18:33 | edumind.text_chunker | DEBUG    | text_chunker.py:95 | Created chunk 73: 47 chars
2026-01-20 16:18:33 | edumind.text_chunker | DEBUG    | text_chunker.py:95 | Created chunk 74: 46 chars
2026-01-20 16:18:33 | edumind.text_chunker | DEBUG    | text_chunker.py:95 | Created chunk 75: 44 chars
2026-01-20 16:18:33 | edumind.text_chunker | DEBUG    | text_chunker.py:95 | Created chunk 76: 49 chars
2026-01-20 16:18:33 | edumind.text_chunker | DEBUG    | text_chunker.py:95 | Created chunk 77: 48 chars
2026-01-20 16:18:33 | edumind.text_chunker | DEBUG    | text_chunker.py:95 | Created chunk 78: 47 chars
2026-01-20 16:18:33 | edumind.text_chunker | DEBUG    | text_chunker.py:95 | Created chunk 79: 46 chars
2026-01-20 16:18:33 | edumind.text_chunker | DEBUG    | text_chunker.py:95 | Created chunk 80: 44 chars
2026-01-20 16:18:33 | edumind.text_chunker | DEBUG    | text_chunker.py:95 | Created chunk 81: 49 chars
2026-01-20 16:18:33 | edumind.text_chunker | DEBUG    | text_chunker.py:95 | Created chunk 82: 48 chars
2026-01-20 16:18:33 | edumind.text_chunker | DEBUG    | text_chunker.py:95 | Created chunk 83: 47 chars
2026-01-20 16:18:33 | edumind.text_chunker | DEBUG    | text_chunker.py:95 | Created chunk 84: 46 chars
2026-01-20 16:18:33 | edumind.text_chunker | DEBUG    | text_chunker.py:95 | Created chunk 85: 44 chars
2026-01-20 16:18:33 | edumind.text_chunker | DEBUG    | text_chunker.py:95 | Created chunk 86: 49 chars
2026-01-20 16:18:33 | edumind.text_chunker | DEBUG    | text_chunker.py:95 | Created chunk 87: 48 chars
2026-01-20 16:18:33 | edumind.text_chunker | DEBUG    | text_chunker.py:95 | Created chunk 88: 47 chars
2026-01-20 16:18:33 | edumind.text_chunker | DEBUG    | text_chunker.py:95 | Created chunk 89: 46 chars
2026-01-20 16:18:33 | edumind.text_chunker | DEBUG    | text_chunker.py:95 | Created chunk 90: 44 chars
2026-01-20 16:18:33 | edumind.text_chunker | DEBUG    | text_chunker.py:95 | Created chunk 91: 49 chars
2026-01-20 16:18:33 | edumind.text_chunker | DEBUG    | text_chunker.py:95 | Created chunk 92: 48 chars
2026-01-20 16:18:33 | edumind.text_chunker | DEBUG    | text_chunker.py:95 | Created chunk 93: 47 chars
2026-01-20 16:18:33 | edumind.text_chunker | DEBUG    | text_chunker.py:95 | Created chunk 94: 46 chars
2026-01-20 16:18:33 | edumind.text_chunker | DEBUG    | text_chunker.py:95 | Created chunk 95: 44 chars
2026-01-20 16:18:33 | edumind.text_chunker | DEBUG    | text_chunker.py:95 | Created chunk 96: 49 chars
2026-01-20 16:18:33 | edumind.text_chunker | DEBUG    | text_chunker.py:95 | Created chunk 97: 48 chars
2026-01-20 16:18:33 | edumind.text_chunker | DEBUG    | text_chunker.py:95 | Created chunk 98: 47 chars
2026-01-20 16:18:33 | edumind.text_chunker | DEBUG    | text_chunker.py:95 | Created chunk 99: 46 chars
2026-01-20 16:18:33 | edumind.text_chunker | DEBUG    | text_chunker.py:95 | Created chunk 100: 44 chars
2026-01-20 16:18:33 | edumind.text_chunker | DEBUG    | text_chunker.py:95 | Created chunk 101: 49 chars
2026-01-20 16:18:33 | edumind.text_chunker | DEBUG    | text_chunker.py:95 | Created chunk 102: 48 chars
2026-01-20 16:18:33 | edumind.text_chunker | DEBUG    | text_chunker.py:95 | Created chunk 103: 47 chars
2026-01-20 16:18:33 | edumind.text_chunker | DEBUG    | text_chunker.py:95 | Created chunk 104: 46 chars
2026-01-20 16:18:33 | edumind.text_chunker | DEBUG    | text_chunker.py:95 | Created chunk 105: 44 chars
2026-01-20 16:18:33 | edumind.text_chunker | DEBUG    | text_chunker.py:95 | Created chunk 106: 49 chars
2026-01-20 16:18:33 | edumind.text_chunker | DEBUG    | text_chunker.py:95 | Created chunk 107: 48 chars
2026-01-20 16:18:33 | edumind.text_chunker | DEBUG    | text_chunker.py:95 | Created chunk 108: 47 chars
2026-01-20 16:18:33 | edumind.text_chunker | DEBUG    | text_chunker.py:95 | Created chunk 109: 46 chars
2026-01-20 16:18:33 | edumind.text_chunker | DEBUG    | text_chunker.py:95 | Created chunk 110: 44 chars
2026-01-20 16:18:33 | edumind.text_chunker | DEBUG    | text_chunker.py:95 | Created chunk 111: 49 chars
2026-01-20 16:18:33 | edumind.text_chunker | DEBUG    | text_chunker.py:95 | Created chunk 112: 48 chars
2026-01-20 16:18:33 | edumind.text_chunker | DEBUG    | text_chunker.py:95 | Created chunk 113: 47 chars
2026-01-20 16:18:33 | edumind.text_chunker | DEBUG    | text_chunker.py:95 | Created chunk 114: 46 chars
2026-01-20 16:18:33 | edumind.text_chunker | DEBUG    | text_chunker.py:95 | Created chunk 115: 44 chars
2026-01-20 16:18:33 | edumind.text_chunker | DEBUG    | text_chunker.py:95 | Created chunk 116: 49 chars
2026-01-20 16:18:33 | edumind.text_chunker | DEBUG    | text_chunker.py:95 | Created chunk 117: 48 chars
2026-01-20 16:18:33 | edumind.text_chunker | DEBUG    | text_chunker.py:95 | Created chunk 118: 47 chars
2026-01-20 16:18:33 | edumind.text_chunker | DEBUG    | text_chunker.py:95 | Created chunk 119: 46 chars
2026-01-20 16:18:33 | edumind.text_chunker | DEBUG    | text_chunker.py:95 | Created chunk 120: 44 chars
2026-01-20 16:18:33 | edumind.text_chunker | DEBUG    | text_chunker.py:95 | Created chunk 121: 49 chars
2026-01-20 16:18:33 | edumind.text_chunker | DEBUG    | text_chunker.py:95 | Created chunk 122: 48 chars
2026-01-20 16:18:33 | edumind.text_chunker | DEBUG    | text_chunker.py:95 | Created chunk 123: 47 chars
2026-01-20 16:18:33 | edumind.text_chunker | DEBUG    | text_chunker.py:95 | Created chunk 124: 46 chars
2026-01-20 16:18:33 | edumind.text_chunker | DEBUG    | text_chunker.py:95 | Created chunk 125: 44 chars
2026-01-20 16:18:33 | edumind.text_chunker | DEBUG    | text_chunker.py:95 | Created chunk 126: 49 chars
2026-01-20 16:18:33 | edumind.text_chunker | DEBUG    | text_chunker.py:95 | Created chunk 127: 48 chars
2026-01-20 16:18:33 | edumind.text_chunker | DEBUG    | text_chunker.py:95 | Created chunk 128: 47 chars
2026-01-20 16:18:33 | edumind.text_chunker | DEBUG    | text_chunker.py:95 | Created chunk 129: 46 chars
2026-01-20 16:18:33 | edumind.text_chunker | DEBUG    | text_chunker.py:95 | Created chunk 130: 44 chars
2026-01-20 16:18:33 | edumind.text_chunker | DEBUG    | text_chunker.py:95 | Created chunk 131: 49 chars
2026-01-20 16:18:33 | edumind.text_chunker | DEBUG    | text_chunker.py:95 | Created chunk 132: 48 chars
2026-01-20 16:18:33 | edumind.text_chunker | DEBUG    | text_chunker.py:95 | Created chunk 133: 47 chars
2026-01-20 16:18:33 | edumind.text_chunker | DEBUG    | text_chunker.py:95 | Created chunk 134: 46 chars
2026-01-20 16:18:33 | edumind.text_chunker | DEBUG    | text_chunker.py:95 | Created chunk 135: 44 chars
2026-01-20 16:18:33 | edumind.text_chunker | DEBUG    | text_chunker.py:95 | Created chunk 136: 49 chars
2026-01-20 16:18:33 | edumind.text_chunker | DEBUG    | text_chunker.py:95 | Created chunk 137: 48 chars
2026-01-20 16:18:33 | edumind.text_chunker | DEBUG    | text_chunker.py:95 | Created chunk 138: 47 chars
2026-01-20 16:18:33 | edumind.text_chunker | DEBUG    | text_chunker.py:95 | Created chunk 139: 46 chars
2026-01-20 16:18:33 | edumind.text_chunker | DEBUG    | text_chunker.py:95 | Created chunk 140: 44 chars
2026-01-20 16:18:33 | edumind.text_chunker | DEBUG    | text_chunker.py:95 | Created chunk 141: 49 chars
2026-01-20 16:18:33 | edumind.text_chunker | DEBUG    | text_chunker.py:95 | Created chunk 142: 48 chars
2026-01-20 16:18:33 | edumind.text_chunker | DEBUG    | text_chunker.py:95 | Created chunk 143: 47 chars
2026-01-20 16:18:33 | edumind.text_chunker | DEBUG    | text_chunker.py:95 | Created chunk 144: 46 chars
2026-01-20 16:18:33 | edumind.text_chunker | DEBUG    | text_chunker.py:95 | Created chunk 145: 44 chars
2026-01-20 16:18:33 | edumind.text_chunker | DEBUG    | text_chunker.py:95 | Created chunk 146: 49 chars
2026-01-20 16:18:33 | edumind.text_chunker | DEBUG    | text_chunker.py:95 | Created chunk 147: 48 chars
2026-01-20 16:18:33 | edumind.text_chunker | DEBUG    | text_chunker.py:95 | Created chunk 148: 47 chars
2026-01-20 16:18:33 | edumind.text_chunker | DEBUG    | text_chunker.py:95 | Created chunk 149: 46 chars
2026-01-20 16:18:33 | edumind.text_chunker | DEBUG    | text_chunker.py:95 | Created chunk 150: 44 chars
2026-01-20 16:18:33 | edumind.text_chunker | DEBUG    | text_chunker.py:95 | Created chunk 151: 49 chars
2026-01-20 16:18:33 | edumind.text_chunker | DEBUG    | text_chunker.py:95 | Created chunk 152: 48 chars
2026-01-20 16:18:33 | edumind.text_chunker | DEBUG    | text_chunker.py:95 | Created chunk 153: 47 chars
2026-01-20 16:18:33 | edumind.text_chunker | DEBUG    | text_chunker.py:95 | Created chunk 154: 46 chars
2026-01-20 16:18:33 | edumind.text_chunker | DEBUG    | text_chunker.py:95 | Created chunk 155: 44 chars
2026-01-20 16:18:33 | edumind.text_chunker | DEBUG    | text_chunker.py:95 | Created chunk 156: 49 chars
2026-01-20 16:18:33 | edumind.text_chunker | DEBUG    | text_chunker.py:95 | Created chunk 157: 48 chars
2026-01-20 16:18:33 | edumind.text_chunker | DEBUG    | text_chunker.py:95 | Created chunk 158: 47 chars
2026-01-20 16:18:33 | edumind.text_chunker | DEBUG    | text_chunker.py:95 | Created chunk 159: 46 chars
2026-01-20 16:18:33 | edumind.text_chunker | DEBUG    | text_chunker.py:95 | Created chunk 160: 44 chars
2026-01-20 16:18:33 | edumind.text_chunker | DEBUG    | text_chunker.py:95 | Created chunk 161: 49 chars
2026-01-20 16:18:33 | edumind.text_chunker | DEBUG    | text_chunker.py:95 | Created chunk 162: 48 chars
2026-01-20 16:18:33 | edumind.text_chunker | DEBUG    | text_chunker.py:95 | Created chunk 163: 47 chars
2026-01-20 16:18:33 | edumind.text_chunker | DEBUG    | text_chunker.py:95 | Created chunk 164: 46 chars
2026-01-20 16:18:33 | edumind.text_chunker | DEBUG    | text_chunker.py:95 | Created chunk 165: 44 chars
2026-01-20 16:18:33 | edumind.text_chunker | DEBUG    | text_chunker.py:95 | Created chunk 166: 49 chars
2026-01-20 16:18:33 | edumind.text_chunker | DEBUG    | text_chunker.py:95 | Created chunk 167: 48 chars
2026-01-20 16:18:33 | edumind.text_chunker | DEBUG    | text_chunker.py:95 | Created chunk 168: 47 chars
2026-01-20 16:18:33 | edumind.text_chunker | DEBUG    | text_chunker.py:95 | Created chunk 169: 46 chars
2026-01-20 16:18:33 | edumind.text_chunker | DEBUG    | text_chunker.py:95 | Created chunk 170: 44 chars
2026-01-20 16:18:33 | edumind.text_chunker | DEBUG    | text_chunker.py:95 | Created chunk 171: 49 chars
2026-01-20 16:18:33 | edumind.text_chunker | DEBUG    | text_chunker.py:95 | Created chunk 172: 48 chars
2026-01-20 16:18:33 | edumind.text_chunker | DEBUG    | text_chunker.py:95 | Created chunk 173: 47 chars
2026-01-20 16:18:33 | edumind.text_chunker | DEBUG    | text_chunker.py:95 | Created chunk 174: 46 chars
2026-01-20 16:18:33 | edumind.text_chunker | DEBUG    | text_chunker.py:95 | Created chunk 175: 44 chars
2026-01-20 16:18:33 | edumind.text_chunker | DEBUG    | text_chunker.py:95 | Created chunk 176: 49 chars
2026-01-20 16:18:33 | edumind.text_chunker | DEBUG    | text_chunker.py:95 | Created chunk 177: 48 chars
2026-01-20 16:18:33 | edumind.text_chunker | DEBUG    | text_chunker.py:95 | Created chunk 178: 47 chars
2026-01-20 16:18:33 | edumind.text_chunker | DEBUG    | text_chunker.py:95 | Created chunk 179: 46 chars
2026-01-20 16:18:33 | edumind.text_chunker | DEBUG    | text_chunker.py:95 | Created chunk 180: 44 chars
2026-01-20 16:18:33 | edumind.text_chunker | DEBUG    | text_chunker.py:95 | Created chunk 181: 49 chars
2026-01-20 16:18:33 | edumind.text_chunker | DEBUG    | text_chunker.py:95 | Created chunk 182: 48 chars
2026-01-20 16:18:33 | edumind.text_chunker | DEBUG    | text_chunker.py:95 | Created chunk 183: 47 chars
2026-01-20 16:18:33 | edumind.text_chunker | DEBUG    | text_chunker.py:95 | Created chunk 184: 46 chars
2026-01-20 16:18:33 | edumind.text_chunker | DEBUG    | text_chunker.py:95 | Created chunk 185: 44 chars
2026-01-20 16:18:33 | edumind.text_chunker | DEBUG    | text_chunker.py:95 | Created chunk 186: 49 chars
2026-01-20 16:18:33 | edumind.text_chunker | DEBUG    | text_chunker.py:95 | Created chunk 187: 48 chars
2026-01-20 16:18:33 | edumind.text_chunker | DEBUG    | text_chunker.py:95 | Created chunk 188: 47 chars
2026-01-20 16:18:33 | edumind.text_chunker | DEBUG    | text_chunker.py:95 | Created chunk 189: 46 chars
2026-01-20 16:18:33 | edumind.text_chunker | DEBUG    | text_chunker.py:95 | Created chunk 190: 44 chars
2026-01-20 16:18:33 | edumind.text_chunker | DEBUG    | text_chunker.py:95 | Created chunk 191: 49 chars
2026-01-20 16:18:33 | edumind.text_chunker | DEBUG    | text_chunker.py:95 | Created chunk 192: 48 chars
2026-01-20 16:18:33 | edumind.text_chunker | DEBUG    | text_chunker.py:95 | Created chunk 193: 47 chars
2026-01-20 16:18:33 | edumind.text_chunker | DEBUG    | text_chunker.py:95 | Created chunk 194: 46 chars
2026-01-20 16:18:33 | edumind.text_chunker | DEBUG    | text_chunker.py:95 | Created chunk 195: 44 chars
2026-01-20 16:18:33 | edumind.text_chunker | DEBUG    | text_chunker.py:95 | Created chunk 196: 49 chars
2026-01-20 16:18:33 | edumind.text_chunker | DEBUG    | text_chunker.py:95 | Created chunk 197: 48 chars
2026-01-20 16:18:33 | edumind.text_chunker | DEBUG    | text_chunker.py:95 | Created chunk 198: 47 chars
2026-01-20 16:18:33 | edumind.text_chunker | DEBUG    | text_chunker.py:95 | Created chunk 199: 46 chars
2026-01-20 16:18:33 | edumind.text_chunker | DEBUG    | text_chunker.py:95 | Created chunk 200: 44 chars
2026-01-20 16:18:33 | edumind.text_chunker | DEBUG    | text_chunker.py:95 | Created chunk 201: 49 chars
2026-01-20 16:18:33 | edumind.text_chunker | DEBUG    | text_chunker.py:95 | Created chunk 202: 48 chars
2026-01-20 16:18:33 | edumind.text_chunker | DEBUG    | text_chunker.py:95 | Created chunk 203: 47 chars
2026-01-20 16:18:33 | edumind.text_chunker | DEBUG    | text_chunker.py:95 | Created chunk 204: 46 chars
2026-01-20 16:18:33 | edumind.text_chunker | DEBUG    | text_chunker.py:95 | Created chunk 205: 44 chars
2026-01-20 16:18:33 | edumind.text_chunker | DEBUG    | text_chunker.py:95 | Created chunk 206: 49 chars
2026-01-20 16:18:33 | edumind.text_chunker | DEBUG    | text_chunker.py:95 | Created chunk 207: 48 chars
2026-01-20 16:18:33 | edumind.text_chunker | DEBUG    | text_chunker.py:95 | Created chunk 208: 47 chars
2026-01-20 16:18:33 | edumind.text_chunker | DEBUG    | text_chunker.py:95 | Created chunk 209: 46 chars
2026-01-20 16:18:33 | edumind.text_chunker | DEBUG    | text_chunker.py:95 | Created chunk 210: 44 chars
2026-01-20 16:18:33 | edumind.text_chunker | DEBUG    | text_chunker.py:95 | Created chunk 211: 49 chars
2026-01-20 16:18:33 | edumind.text_chunker | DEBUG    | text_chunker.py:95 | Created chunk 212: 48 chars
2026-01-20 16:18:33 | edumind.text_chunker | DEBUG    | text_chunker.py:95 | Created chunk 213: 47 chars
2026-01-20 16:18:33 | edumind.text_chunker | DEBUG    | text_chunker.py:95 | Created chunk 214: 46 chars
2026-01-20 16:18:33 | edumind.text_chunker | DEBUG    | text_chunker.py:95 | Created chunk 215: 44 chars
2026-01-20 16:18:33 | edumind.text_chunker | DEBUG    | text_chunker.py:95 | Created chunk 216: 49 chars
2026-01-20 16:18:33 | edumind.text_chunker | DEBUG    | text_chunker.py:95 | Created chunk 217: 48 chars
2026-01-20 16:18:33 | edumind.text_chunker | DEBUG    | text_chunker.py:95 | Created chunk 218: 47 chars
2026-01-20 16:18:33 | edumind.text_chunker | DEBUG    | text_chunker.py:95 | Created chunk 219: 46 chars
2026-01-20 16:18:33 | edumind.text_chunker | DEBUG    | text_chunker.py:95 | Created chunk 220: 44 chars
2026-01-20 16:18:33 | edumind.text_chunker | DEBUG    | text_chunker.py:95 | Created chunk 221: 49 chars
2026-01-20 16:18:33 | edumind.text_chunker | DEBUG    | text_chunker.py:95 | Created chunk 222: 48 chars
2026-01-20 16:18:33 | edumind.text_chunker | DEBUG    | text_chunker.py:95 | Created chunk 223: 47 chars
2026-01-20 16:18:33 | edumind.text_chunker | DEBUG    | text_chunker.py:95 | Created chunk 224: 46 chars
2026-01-20 16:18:33 | edumind.text_chunker | DEBUG    | text_chunker.py:95 | Created chunk 225: 44 chars
2026-01-20 16:18:33 | edumind.text_chunker | DEBUG    | text_chunker.py:95 | Created chunk 226: 49 chars
2026-01-20 16:18:33 | edumind.text_chunker | DEBUG    | text_chunker.py:95 | Created chunk 227: 48 chars
2026-01-20 16:18:33 | edumind.text_chunker | DEBUG    | text_chunker.py:95 | Created chunk 228: 47 chars
2026-01-20 16:18:33 | edumind.text_chunker | DEBUG    | text_chunker.py:95 | Created chunk 229: 46 chars
2026-01-20 16:18:33 | edumind.text_chunker | DEBUG    | text_chunker.py:95 | Created chunk 230: 44 chars
2026-01-20 16:18:33 | edumind.text_chunker | DEBUG    | text_chunker.py:95 | Created chunk 231: 49 chars
2026-01-20 16:18:33 | edumind.text_chunker | DEBUG    | text_chunker.py:95 | Created chunk 232: 48 chars
2026-01-20 16:18:33 | edumind.text_chunker | DEBUG    | text_chunker.py:95 | Created chunk 233: 47 chars
2026-01-20 16:18:33 | edumind.text_chunker | DEBUG    | text_chunker.py:95 | Created chunk 234: 46 chars
2026-01-20 16:18:33 | edumind.text_chunker | DEBUG    | text_chunker.py:95 | Created chunk 235: 44 chars
2026-01-20 16:18:33 | edumind.text_chunker | DEBUG    | text_chunker.py:95 | Created chunk 236: 49 chars
2026-01-20 16:18:33 | edumind.text_chunker | DEBUG    | text_chunker.py:95 | Created chunk 237: 48 chars
2026-01-20 16:18:33 | edumind.text_chunker | DEBUG    | text_chunker.py:95 | Created chunk 238: 47 chars
2026-01-20 16:18:33 | edumind.text_chunker | DEBUG    | text_chunker.py:95 | Created chunk 239: 46 chars
2026-01-20 16:18:33 | edumind.text_chunker | DEBUG    | text_chunker.py:95 | Created chunk 240: 44 chars
2026-01-20 16:18:33 | edumind.text_chunker | DEBUG    | text_chunker.py:95 | Created chunk 241: 49 chars
2026-01-20 16:18:33 | edumind.text_chunker | DEBUG    | text_chunker.py:95 | Created chunk 242: 48 chars
2026-01-20 16:18:33 | edumind.text_chunker | DEBUG    | text_chunker.py:95 | Created chunk 243: 47 chars
2026-01-20 16:18:33 | edumind.text_chunker | DEBUG    | text_chunker.py:95 | Created chunk 244: 46 chars
2026-01-20 16:18:33 | edumind.text_chunker | DEBUG    | text_chunker.py:95 | Created chunk 245: 44 chars
2026-01-20 16:18:33 | edumind.text_chunker | DEBUG    | text_chunker.py:95 | Created chunk 246: 49 chars
2026-01-20 16:18:33 | edumind.text_chunker | DEBUG    | text_chunker.py:95 | Created chunk 247: 48 chars
2026-01-20 16:18:33 | edumind.text_chunker | DEBUG    | text_chunker.py:95 | Created chunk 248: 47 chars
2026-01-20 16:18:33 | edumind.text_chunker | DEBUG    | text_chunker.py:95 | Created chunk 249: 46 chars
2026-01-20 16:18:33 | edumind.text_chunker | DEBUG    | text_chunker.py:95 | Created chunk 250: 44 chars
2026-01-20 16:18:33 | edumind.text_chunker | DEBUG    | text_chunker.py:95 | Created chunk 251: 49 chars
2026-01-20 16:18:33 | edumind.text_chunker | DEBUG    | text_chunker.py:95 | Created chunk 252: 48 chars
2026-01-20 16:18:33 | edumind.text_chunker | DEBUG    | text_chunker.py:95 | Created chunk 253: 47 chars
2026-01-20 16:18:33 | edumind.text_chunker | DEBUG    | text_chunker.py:95 | Created chunk 254: 46 chars
2026-01-20 16:18:33 | edumind.text_chunker | DEBUG    | text_chunker.py:95 | Created chunk 255: 44 chars
2026-01-20 16:18:33 | edumind.text_chunker | DEBUG    | text_chunker.py:95 | Created chunk 256: 49 chars
2026-01-20 16:18:33 | edumind.text_chunker | DEBUG    | text_chunker.py:95 | Created chunk 257: 48 chars
2026-01-20 16:18:33 | edumind.text_chunker | DEBUG    | text_chunker.py:95 | Created chunk 258: 47 chars
2026-01-20 16:18:33 | edumind.text_chunker | DEBUG    | text_chunker.py:95 | Created chunk 259: 46 chars
2026-01-20 16:18:33 | edumind.text_chunker | DEBUG    | text_chunker.py:95 | Created chunk 260: 44 chars
2026-01-20 16:18:33 | edumind.text_chunker | DEBUG    | text_chunker.py:95 | Created chunk 261: 49 chars
2026-01-20 16:18:33 | edumind.text_chunker | DEBUG    | text_chunker.py:95 | Created chunk 262: 48 chars
2026-01-20 16:18:33 | edumind.text_chunker | DEBUG    | text_chunker.py:95 | Created chunk 263: 47 chars
2026-01-20 16:18:33 | edumind.text_chunker | DEBUG    | text_chunker.py:95 | Created chunk 264: 46 chars
2026-01-20 16:18:33 | edumind.text_chunker | DEBUG    | text_chunker.py:95 | Created chunk 265: 44 chars
2026-01-20 16:18:33 | edumind.text_chunker | DEBUG    | text_chunker.py:95 | Created chunk 266: 49 chars
2026-01-20 16:18:33 | edumind.text_chunker | DEBUG    | text_chunker.py:95 | Created chunk 267: 48 chars
2026-01-20 16:18:33 | edumind.text_chunker | DEBUG    | text_chunker.py:95 | Created chunk 268: 47 chars
2026-01-20 16:18:33 | edumind.text_chunker | DEBUG    | text_chunker.py:95 | Created chunk 269: 46 chars
2026-01-20 16:18:33 | edumind.text_chunker | DEBUG    | text_chunker.py:95 | Created chunk 270: 44 chars
2026-01-20 16:18:33 | edumind.text_chunker | DEBUG    | text_chunker.py:95 | Created chunk 271: 49 chars
2026-01-20 16:18:33 | edumind.text_chunker | DEBUG    | text_chunker.py:95 | Created chunk 272: 48 chars
2026-01-20 16:18:33 | edumind.text_chunker | DEBUG    | text_chunker.py:95 | Created chunk 273: 47 chars
2026-01-20 16:18:33 | edumind.text_chunker | DEBUG    | text_chunker.py:95 | Created chunk 274: 46 chars
2026-01-20 16:18:33 | edumind.text_chunker | DEBUG    | text_chunker.py:95 | Created chunk 275: 44 chars
2026-01-20 16:18:33 | edumind.text_chunker | DEBUG    | text_chunker.py:95 | Created chunk 276: 49 chars
2026-01-20 16:18:33 | edumind.text_chunker | DEBUG    | text_chunker.py:95 | Created chunk 277: 48 chars
2026-01-20 16:18:33 | edumind.text_chunker | DEBUG    | text_chunker.py:95 | Created chunk 278: 47 chars
2026-01-20 16:18:33 | edumind.text_chunker | DEBUG    | text_chunker.py:95 | Created chunk 279: 46 chars
2026-01-20 16:18:33 | edumind.text_chunker | DEBUG    | text_chunker.py:95 | Created chunk 280: 44 chars
2026-01-20 16:18:33 | edumind.text_chunker | DEBUG    | text_chunker.py:95 | Created chunk 281: 49 chars
2026-01-20 16:18:33 | edumind.text_chunker | DEBUG    | text_chunker.py:95 | Created chunk 282: 48 chars
2026-01-20 16:18:33 | edumind.text_chunker | DEBUG    | text_chunker.py:95 | Created chunk 283: 47 chars
2026-01-20 16:18:33 | edumind.text_chunker | DEBUG    | text_chunker.py:95 | Created chunk 284: 46 chars
2026-01-20 16:18:33 | edumind.text_chunker | DEBUG    | text_chunker.py:95 | Created chunk 285: 44 chars
2026-01-20 16:18:33 | edumind.text_chunker | DEBUG    | text_chunker.py:95 | Created chunk 286: 49 chars
2026-01-20 16:18:33 | edumind.text_chunker | DEBUG    | text_chunker.py:95 | Created chunk 287: 48 chars
2026-01-20 16:18:33 | edumind.text_chunker | DEBUG    | text_chunker.py:95 | Created chunk 288: 47 chars
2026-01-20 16:18:33 | edumind.text_chunker | DEBUG    | text_chunker.py:95 | Created chunk 289: 46 chars
2026-01-20 16:18:33 | edumind.text_chunker | DEBUG    | text_chunker.py:95 | Created chunk 290: 44 chars
2026-01-20 16:18:33 | edumind.text_chunker | DEBUG    | text_chunker.py:95 | Created chunk 291: 49 chars
2026-01-20 16:18:33 | edumind.text_chunker | DEBUG    | text_chunker.py:95 | Created chunk 292: 48 chars
2026-01-20 16:18:33 | edumind.text_chunker | DEBUG    | text_chunker.py:95 | Created chunk 293: 47 chars
2026-01-20 16:18:33 | edumind.text_chunker | DEBUG    | text_chunker.py:95 | Created chunk 294: 46 chars
2026-01-20 16:18:33 | edumind.text_chunker | DEBUG    | text_chunker.py:95 | Created chunk 295: 44 chars
2026-01-20 16:18:33 | edumind.text_chunker | DEBUG    | text_chunker.py:95 | Created chunk 296: 49 chars
2026-01-20 16:18:33 | edumind.text_chunker | DEBUG    | text_chunker.py:95 | Created chunk 297: 48 chars
2026-01-20 16:18:33 | edumind.text_chunker | DEBUG    | text_chunker.py:95 | Created chunk 298: 47 chars
2026-01-20 16:18:33 | edumind.text_chunker | DEBUG    | text_chunker.py:95 | Created chunk 299: 46 chars
2026-01-20 16:18:33 | edumind.text_chunker | DEBUG    | text_chunker.py:95 | Created chunk 300: 44 chars
2026-01-20 16:18:33 | edumind.text_chunker | DEBUG    | text_chunker.py:95 | Created chunk 301: 49 chars
2026-01-20 16:18:33 | edumind.text_chunker | DEBUG    | text_chunker.py:95 | Created chunk 302: 48 chars
2026-01-20 16:18:33 | edumind.text_chunker | DEBUG    | text_chunker.py:95 | Created chunk 303: 47 chars
2026-01-20 16:18:33 | edumind.text_chunker | DEBUG    | text_chunker.py:95 | Created chunk 304: 46 chars
2026-01-20 16:18:33 | edumind.text_chunker | DEBUG    | text_chunker.py:95 | Created chunk 305: 44 chars
2026-01-20 16:18:33 | edumind.text_chunker | DEBUG    | text_chunker.py:95 | Created chunk 306: 49 chars
2026-01-20 16:18:33 | edumind.text_chunker | DEBUG    | text_chunker.py:95 | Created chunk 307: 48 chars
2026-01-20 16:18:33 | edumind.text_chunker | DEBUG    | text_chunker.py:95 | Created chunk 308: 47 chars
2026-01-20 16:18:33 | edumind.text_chunker | DEBUG    | text_chunker.py:95 | Created chunk 309: 46 chars
2026-01-20 16:18:33 | edumind.text_chunker | DEBUG    | text_chunker.py:95 | Created chunk 310: 44 chars
2026-01-20 16:18:33 | edumind.text_chunker | DEBUG    | text_chunker.py:95 | Created chunk 311: 49 chars
2026-01-20 16:18:33 | edumind.text_chunker | DEBUG    | text_chunker.py:95 | Created chunk 312: 48 chars
2026-01-20 16:18:33 | edumind.text_chunker | DEBUG    | text_chunker.py:95 | Created chunk 313: 47 chars
2026-01-20 16:18:33 | edumind.text_chunker | DEBUG    | text_chunker.py:95 | Created chunk 314: 46 chars
2026-01-20 16:18:33 | edumind.text_chunker | DEBUG    | text_chunker.py:95 | Created chunk 315: 44 chars
2026-01-20 16:18:33 | edumind.text_chunker | DEBUG    | text_chunker.py:95 | Created chunk 316: 49 chars
2026-01-20 16:18:33 | edumind.text_chunker | DEBUG    | text_chunker.py:95 | Created chunk 317: 48 chars
2026-01-20 16:18:33 | edumind.text_chunker | DEBUG    | text_chunker.py:95 | Created chunk 318: 47 chars
2026-01-20 16:18:33 | edumind.text_chunker | DEBUG    | text_chunker.py:95 | Created chunk 319: 46 chars
2026-01-20 16:18:33 | edumind.text_chunker | DEBUG    | text_chunker.py:95 | Created chunk 320: 44 chars
2026-01-20 16:18:33 | edumind.text_chunker | DEBUG    | text_chunker.py:95 | Created chunk 321: 49 chars
2026-01-20 16:18:33 | edumind.text_chunker | DEBUG    | text_chunker.py:95 | Created chunk 322: 48 chars
2026-01-20 16:18:33 | edumind.text_chunker | DEBUG    | text_chunker.py:95 | Created chunk 323: 47 chars
2026-01-20 16:18:33 | edumind.text_chunker | DEBUG    | text_chunker.py:95 | Created chunk 324: 46 chars
2026-01-20 16:18:33 | edumind.text_chunker | DEBUG    | text_chunker.py:95 | Created chunk 325: 44 chars
2026-01-20 16:18:33 | edumind.text_chunker | DEBUG    | text_chunker.py:95 | Created chunk 326: 49 chars
2026-01-20 16:18:33 | edumind.text_chunker | DEBUG    | text_chunker.py:95 | Created chunk 327: 48 chars
2026-01-20 16:18:33 | edumind.text_chunker | DEBUG    | text_chunker.py:95 | Created chunk 328: 47 chars
2026-01-20 16:18:33 | edumind.text_chunker | DEBUG    | text_chunker.py:95 | Created chunk 329: 46 chars
2026-01-20 16:18:33 | edumind.text_chunker | DEBUG    | text_chunker.py:95 | Created chunk 330: 44 chars
2026-01-20 16:18:33 | edumind.text_chunker | DEBUG    | text_chunker.py:95 | Created chunk 331: 49 chars
2026-01-20 16:18:33 | edumind.text_chunker | DEBUG    | text_chunker.py:95 | Created chunk 332: 48 chars
2026-01-20 16:18:33 | edumind.text_chunker | DEBUG    | text_chunker.py:95 | Created chunk 333: 47 chars
2026-01-20 16:18:33 | edumind.text_chunker | DEBUG    | text_chunker.py:95 | Created chunk 334: 46 chars
2026-01-20 16:18:33 | edumind.text_chunker | DEBUG    | text_chunker.py:95 | Created chunk 335: 44 chars
2026-01-20 16:18:33 | edumind.text_chunker | DEBUG    | text_chunker.py:95 | Created chunk 336: 49 chars
2026-01-20 16:18:33 | edumind.text_chunker | DEBUG    | text_chunker.py:95 | Created chunk 337: 48 chars
2026-01-20 16:18:33 | edumind.text_chunker | DEBUG    | text_chunker.py:95 | Created chunk 338: 47 chars
2026-01-20 16:18:33 | edumind.text_chunker | DEBUG    | text_chunker.py:95 | Created chunk 339: 46 chars
2026-01-20 16:18:33 | edumind.text_chunker | DEBUG    | text_chunker.py:95 | Created chunk 340: 44 chars
2026-01-20 16:18:33 | edumind.text_chunker | DEBUG    | text_chunker.py:95 | Created chunk 341: 49 chars
2026-01-20 16:18:33 | edumind.text_chunker | DEBUG    | text_chunker.py:95 | Created chunk 342: 48 chars
2026-01-20 16:18:33 | edumind.text_chunker | DEBUG    | text_chunker.py:95 | Created chunk 343: 47 chars
2026-01-20 16:18:33 | edumind.text_chunker | DEBUG    | text_chunker.py:95 | Created chunk 344: 46 chars
2026-01-20 16:18:33 | edumind.text_chunker | DEBUG    | text_chunker.py:95 | Created chunk 345: 44 chars
2026-01-20 16:18:33 | edumind.text_chunker | DEBUG    | text_chunker.py:95 | Created chunk 346: 49 chars
2026-01-20 16:18:33 | edumind.text_chunker | DEBUG    | text_chunker.py:95 | Created chunk 347: 48 chars
2026-01-20 16:18:33 | edumind.text_chunker | DEBUG    | text_chunker.py:95 | Created chunk 348: 47 chars
2026-01-20 16:18:33 | edumind.text_chunker | DEBUG    | text_chunker.py:95 | Created chunk 349: 46 chars
2026-01-20 16:18:33 | edumind.text_chunker | DEBUG    | text_chunker.py:95 | Created chunk 350: 44 chars
2026-01-20 16:18:33 | edumind.text_chunker | DEBUG    | text_chunker.py:95 | Created chunk 351: 49 chars
2026-01-20 16:18:33 | edumind.text_chunker | DEBUG    | text_chunker.py:95 | Created chunk 352: 48 chars
2026-01-20 16:18:33 | edumind.text_chunker | DEBUG    | text_chunker.py:95 | Created chunk 353: 47 chars
2026-01-20 16:18:33 | edumind.text_chunker | DEBUG    | text_chunker.py:95 | Created chunk 354: 46 chars
2026-01-20 16:18:33 | edumind.text_chunker | DEBUG    | text_chunker.py:95 | Created chunk 355: 44 chars
2026-01-20 16:18:33 | edumind.text_chunker | DEBUG    | text_chunker.py:95 | Created chunk 356: 49 chars
2026-01-20 16:18:33 | edumind.text_chunker | DEBUG    | text_chunker.py:95 | Created chunk 357: 48 chars
2026-01-20 16:18:33 | edumind.text_chunker | DEBUG    | text_chunker.py:95 | Created chunk 358: 47 chars
2026-01-20 16:18:33 | edumind.text_chunker | DEBUG    | text_chunker.py:95 | Created chunk 359: 46 chars
2026-01-20 16:18:33 | edumind.text_chunker | DEBUG    | text_chunker.py:95 | Created chunk 360: 44 chars
2026-01-20 16:18:33 | edumind.text_chunker | DEBUG    | text_chunker.py:95 | Created chunk 361: 49 chars
2026-01-20 16:18:33 | edumind.text_chunker | DEBUG    | text_chunker.py:95 | Created chunk 362: 48 chars
2026-01-20 16:18:33 | edumind.text_chunker | DEBUG    | text_chunker.py:95 | Created chunk 363: 47 chars
2026-01-20 16:18:33 | edumind.text_chunker | DEBUG    | text_chunker.py:95 | Created chunk 364: 46 chars
2026-01-20 16:18:33 | edumind.text_chunker | DEBUG    | text_chunker.py:95 | Created chunk 365: 44 chars
2026-01-20 16:18:33 | edumind.text_chunker | DEBUG    | text_chunker.py:95 | Created chunk 366: 49 chars
2026-01-20 16:18:33 | edumind.text_chunker | DEBUG    | text_chunker.py:95 | Created chunk 367: 48 chars
2026-01-20 16:18:33 | edumind.text_chunker | DEBUG    | text_chunker.py:95 | Created chunk 368: 47 chars
2026-01-20 16:18:33 | edumind.text_chunker | DEBUG    | text_chunker.py:95 | Created chunk 369: 46 chars
2026-01-20 16:18:33 | edumind.text_chunker | DEBUG    | text_chunker.py:95 | Created chunk 370: 44 chars
2026-01-20 16:18:33 | edumind.text_chunker | DEBUG    | text_chunker.py:95 | Created chunk 371: 49 chars
2026-01-20 16:18:33 | edumind.text_chunker | DEBUG    | text_chunker.py:95 | Created chunk 372: 48 chars
2026-01-20 16:18:33 | edumind.text_chunker | DEBUG    | text_chunker.py:95 | Created chunk 373: 47 chars
2026-01-20 16:18:33 | edumind.text_chunker | DEBUG    | text_chunker.py:95 | Created chunk 374: 46 chars
2026-01-20 16:18:33 | edumind.text_chunker | DEBUG    | text_chunker.py:95 | Created chunk 375: 44 chars
2026-01-20 16:18:33 | edumind.text_chunker | DEBUG    | text_chunker.py:95 | Created chunk 376: 49 chars
2026-01-20 16:18:33 | edumind.text_chunker | DEBUG    | text_chunker.py:95 | Created chunk 377: 48 chars
2026-01-20 16:18:33 | edumind.text_chunker | DEBUG    | text_chunker.py:95 | Created chunk 378: 47 chars
2026-01-20 16:18:33 | edumind.text_chunker | DEBUG    | text_chunker.py:95 | Created chunk 379: 46 chars
2026-01-20 16:18:33 | edumind.text_chunker | DEBUG    | text_chunker.py:95 | Created chunk 380: 44 chars
2026-01-20 16:18:33 | edumind.text_chunker | DEBUG    | text_chunker.py:95 | Created chunk 381: 49 chars
2026-01-20 16:18:33 | edumind.text_chunker | DEBUG    | text_chunker.py:95 | Created chunk 382: 48 chars
2026-01-20 16:18:33 | edumind.text_chunker | DEBUG    | text_chunker.py:95 | Created chunk 383: 47 chars
2026-01-20 16:18:33 | edumind.text_chunker | DEBUG    | text_chunker.py:95 | Created chunk 384: 46 chars
2026-01-20 16:18:33 | edumind.text_chunker | DEBUG    | text_chunker.py:95 | Created chunk 385: 44 chars
2026-01-20 16:18:33 | edumind.text_chunker | DEBUG    | text_chunker.py:95 | Created chunk 386: 49 chars
2026-01-20 16:18:33 | edumind.text_chunker | DEBUG    | text_chunker.py:95 | Created chunk 387: 48 chars
2026-01-20 16:18:33 | edumind.text_chunker | DEBUG    | text_chunker.py:95 | Created chunk 388: 47 chars
2026-01-20 16:18:33 | edumind.text_chunker | DEBUG    | text_chunker.py:95 | Created chunk 389: 46 chars
2026-01-20 16:18:33 | edumind.text_chunker | DEBUG    | text_chunker.py:95 | Created chunk 390: 44 chars
2026-01-20 16:18:33 | edumind.text_chunker | DEBUG    | text_chunker.py:95 | Created chunk 391: 49 chars
2026-01-20 16:18:33 | edumind.text_chunker | DEBUG    | text_chunker.py:95 | Created chunk 392: 48 chars
2026-01-20 16:18:33 | edumind.text_chunker | DEBUG    | text_chunker.py:95 | Created chunk 393: 47 chars
2026-01-20 16:18:33 | edumind.text_chunker | DEBUG    | text_chunker.py:95 | Created chunk 394: 46 chars
2026-01-20 16:18:33 | edumind.text_chunker | DEBUG    | text_chunker.py:95 | Created chunk 395: 44 chars
2026-01-20 16:18:33 | edumind.text_chunker | DEBUG    | text_chunker.py:95 | Created chunk 396: 49 chars
2026-01-20 16:18:33 | edumind.text_chunker | DEBUG    | text_chunker.py:95 | Created chunk 397: 48 chars
2026-01-20 16:18:33 | edumind.text_chunker | DEBUG    | text_chunker.py:95 | Created chunk 398: 47 chars
2026-01-20 16:18:33 | edumind.text_chunker | DEBUG    | text_chunker.py:95 | Created chunk 399: 46 chars
2026-01-20 16:18:33 | edumind.text_chunker | DEBUG    | text_chunker.py:95 | Created chunk 400: 44 chars
2026-01-20 16:18:33 | edumind.text_chunker | DEBUG    | text_chunker.py:95 | Created chunk 401: 49 chars
2026-01-20 16:18:33 | edumind.text_chunker | DEBUG    | text_chunker.py:95 | Created chunk 402: 48 chars
2026-01-20 16:18:33 | edumind.text_chunker | DEBUG    | text_chunker.py:95 | Created chunk 403: 47 chars
2026-01-20 16:18:33 | edumind.text_chunker | DEBUG    | text_chunker.py:95 | Created chunk 404: 46 chars
2026-01-20 16:18:33 | edumind.text_chunker | DEBUG    | text_chunker.py:95 | Created chunk 405: 44 chars
2026-01-20 16:18:33 | edumind.text_chunker | DEBUG    | text_chunker.py:95 | Created chunk 406: 49 chars
2026-01-20 16:18:33 | edumind.text_chunker | DEBUG    | text_chunker.py:95 | Created chunk 407: 48 chars
2026-01-20 16:18:33 | edumind.text_chunker | DEBUG    | text_chunker.py:95 | Created chunk 408: 47 chars
2026-01-20 16:18:33 | edumind.text_chunker | DEBUG    | text_chunker.py:95 | Created chunk 409: 46 chars
2026-01-20 16:18:33 | edumind.text_chunker | DEBUG    | text_chunker.py:95 | Created chunk 410: 44 chars
2026-01-20 16:18:33 | edumind.text_chunker | DEBUG    | text_chunker.py:95 | Created chunk 411: 49 chars
2026-01-20 16:18:33 | edumind.text_chunker | DEBUG    | text_chunker.py:95 | Created chunk 412: 48 chars
2026-01-20 16:18:33 | edumind.text_chunker | DEBUG    | text_chunker.py:95 | Created chunk 413: 47 chars
2026-01-20 16:18:33 | edumind.text_chunker | DEBUG    | text_chunker.py:95 | Created chunk 414: 46 chars
2026-01-20 16:18:33 | edumind.text_chunker | DEBUG    | text_chunker.py:95 | Created chunk 415: 44 chars
2026-01-20 16:18:33 | edumind.text_chunker | DEBUG    | text_chunker.py:95 | Created chunk 416: 49 chars
2026-01-20 16:18:33 | edumind.text_chunker | DEBUG    | text_chunker.py:95 | Created chunk 417: 48 chars
2026-01-20 16:18:33 | edumind.text_chunker | DEBUG    | text_chunker.py:95 | Created chunk 418: 47 chars
2026-01-20 16:18:33 | edumind.text_chunker | DEBUG    | text_chunker.py:95 | Created chunk 419: 46 chars
2026-01-20 16:18:33 | edumind.text_chunker | DEBUG    | text_chunker.py:95 | Created chunk 420: 44 chars
2026-01-20 16:18:33 | edumind.text_chunker | DEBUG    | text_chunker.py:95 | Created chunk 421: 49 chars
2026-01-20 16:18:33 | edumind.text_chunker | DEBUG    | text_chunker.py:95 | Created chunk 422: 48 chars
2026-01-20 16:18:33 | edumind.text_chunker | DEBUG    | text_chunker.py:95 | Created chunk 423: 47 chars
2026-01-20 16:18:33 | edumind.text_chunker | DEBUG    | text_chunker.py:95 | Created chunk 424: 46 chars
2026-01-20 16:18:33 | edumind.text_chunker | DEBUG    | text_chunker.py:95 | Created chunk 425: 44 chars
2026-01-20 16:18:33 | edumind.text_chunker | DEBUG    | text_chunker.py:95 | Created chunk 426: 49 chars
2026-01-20 16:18:33 | edumind.text_chunker | DEBUG    | text_chunker.py:95 | Created chunk 427: 48 chars
2026-01-20 16:18:33 | edumind.text_chunker | DEBUG    | text_chunker.py:95 | Created chunk 428: 47 chars
2026-01-20 16:18:33 | edumind.text_chunker | DEBUG    | text_chunker.py:95 | Created chunk 429: 46 chars
2026-01-20 16:18:33 | edumind.text_chunker | DEBUG    | text_chunker.py:95 | Created chunk 430: 44 chars
2026-01-20 16:18:33 | edumind.text_chunker | DEBUG    | text_chunker.py:95 | Created chunk 431: 49 chars
2026-01-20 16:18:33 | edumind.text_chunker | DEBUG    | text_chunker.py:95 | Created chunk 432: 48 chars
2026-01-20 16:18:33 | edumind.text_chunker | DEBUG    | text_chunker.py:95 | Created chunk 433: 47 chars
2026-01-20 16:18:33 | edumind.text_chunker | DEBUG    | text_chunker.py:95 | Created chunk 434: 46 chars
2026-01-20 16:18:33 | edumind.text_chunker | DEBUG    | text_chunker.py:95 | Created chunk 435: 44 chars
2026-01-20 16:18:33 | edumind.text_chunker | DEBUG    | text_chunker.py:95 | Created chunk 436: 49 chars
2026-01-20 16:18:33 | edumind.text_chunker | DEBUG    | text_chunker.py:95 | Created chunk 437: 48 chars
2026-01-20 16:18:33 | edumind.text_chunker | DEBUG    | text_chunker.py:95 | Created chunk 438: 47 chars
2026-01-20 16:18:33 | edumind.text_chunker | DEBUG    | text_chunker.py:95 | Created chunk 439: 46 chars
2026-01-20 16:18:33 | edumind.text_chunker | DEBUG    | text_chunker.py:95 | Created chunk 440: 44 chars
2026-01-20 16:18:33 | edumind.text_chunker | DEBUG    | text_chunker.py:95 | Created chunk 441: 49 chars
2026-01-20 16:18:33 | edumind.text_chunker | DEBUG    | text_chunker.py:95 | Created chunk 442: 48 chars
2026-01-20 16:18:33 | edumind.text_chunker | DEBUG    | text_chunker.py:95 | Created chunk 443: 47 chars
2026-01-20 16:18:33 | edumind.text_chunker | DEBUG    | text_chunker.py:95 | Created chunk 444: 46 chars
2026-01-20 16:18:33 | edumind.text_chunker | DEBUG    | text_chunker.py:95 | Created chunk 445: 44 chars
2026-01-20 16:18:33 | edumind.text_chunker | DEBUG    | text_chunker.py:95 | Created chunk 446: 49 chars
2026-01-20 16:18:33 | edumind.text_chunker | DEBUG    | text_chunker.py:95 | Created chunk 447: 48 chars
2026-01-20 16:18:33 | edumind.text_chunker | DEBUG    | text_chunker.py:95 | Created chunk 448: 47 chars
2026-01-20 16:18:33 | edumind.text_chunker | DEBUG    | text_chunker.py:95 | Created chunk 449: 46 chars
2026-01-20 16:18:33 | edumind.text_chunker | DEBUG    | text_chunker.py:95 | Created chunk 450: 49 chars
2026-01-20 16:18:33 | edumind.text_chunker | INFO     | text_chunker.py:103 | Split text into 450 chunks (avg: 46 chars)
2026-01-20 16:18:33 | edumind.text_chunker | DEBUG    | text_chunker.py:95 | Created chunk 1: 97 chars
2026-01-20 16:18:33 | edumind.text_chunker | DEBUG    | text_chunker.py:95 | Created chunk 2: 96 chars
2026-01-20 16:18:33 | edumind.text_chunker | DEBUG    | text_chunker.py:95 | Created chunk 3: 95 chars
2026-01-20 16:18:33 | edumind.text_chunker | DEBUG    | text_chunker.py:95 | Created chunk 4: 94 chars
2026-01-20 16:18:33 | edumind.text_chunker | DEBUG    | text_chunker.py:95 | Created chunk 5: 92 chars
2026-01-20 16:18:33 | edumind.text_chunker | DEBUG    | text_chunker.py:95 | Created chunk 6: 92 chars
2026-01-20 16:18:33 | edumind.text_chunker | DEBUG    | text_chunker.py:95 | Created chunk 7: 91 chars
2026-01-20 16:18:33 | edumind.text_chunker | DEBUG    | text_chunker.py:95 | Created chunk 8: 89 chars
2026-01-20 16:18:33 | edumind.text_chunker | DEBUG    | text_chunker.py:95 | Created chunk 9: 89 chars
2026-01-20 16:18:33 | edumind.text_chunker | DEBUG    | text_chunker.py:95 | Created chunk 10: 88 chars
2026-01-20 16:18:33 | edumind.text_chunker | DEBUG    | text_chunker.py:95 | Created chunk 11: 87 chars
2026-01-20 16:18:33 | edumind.text_chunker | DEBUG    | text_chunker.py:95 | Created chunk 12: 86 chars
2026-01-20 16:18:33 | edumind.text_chunker | DEBUG    | text_chunker.py:95 | Created chunk 13: 99 chars
2026-01-20 16:18:33 | edumind.text_chunker | DEBUG    | text_chunker.py:95 | Created chunk 14: 97 chars
2026-01-20 16:18:33 | edumind.text_chunker | DEBUG    | text_chunker.py:95 | Created chunk 15: 97 chars
2026-01-20 16:18:33 | edumind.text_chunker | DEBUG    | text_chunker.py:95 | Created chunk 16: 96 chars
2026-01-20 16:18:33 | edumind.text_chunker | DEBUG    | text_chunker.py:95 | Created chunk 17: 95 chars
2026-01-20 16:18:33 | edumind.text_chunker | DEBUG    | text_chunker.py:95 | Created chunk 18: 94 chars
2026-01-20 16:18:33 | edumind.text_chunker | DEBUG    | text_chunker.py:95 | Created chunk 19: 92 chars
2026-01-20 16:18:33 | edumind.text_chunker | DEBUG    | text_chunker.py:95 | Created chunk 20: 92 chars
2026-01-20 16:18:33 | edumind.text_chunker | DEBUG    | text_chunker.py:95 | Created chunk 21: 91 chars
2026-01-20 16:18:33 | edumind.text_chunker | DEBUG    | text_chunker.py:95 | Created chunk 22: 89 chars
2026-01-20 16:18:33 | edumind.text_chunker | DEBUG    | text_chunker.py:95 | Created chunk 23: 89 chars
2026-01-20 16:18:33 | edumind.text_chunker | DEBUG    | text_chunker.py:95 | Created chunk 24: 88 chars
2026-01-20 16:18:33 | edumind.text_chunker | DEBUG    | text_chunker.py:95 | Created chunk 25: 87 chars
2026-01-20 16:18:33 | edumind.text_chunker | DEBUG    | text_chunker.py:95 | Created chunk 26: 86 chars
2026-01-20 16:18:33 | edumind.text_chunker | DEBUG    | text_chunker.py:95 | Created chunk 27: 99 chars
2026-01-20 16:18:33 | edumind.text_chunker | DEBUG    | text_chunker.py:95 | Created chunk 28: 97 chars
2026-01-20 16:18:33 | edumind.text_chunker | DEBUG    | text_chunker.py:95 | Created chunk 29: 97 chars
2026-01-20 16:18:33 | edumind.text_chunker | DEBUG    | text_chunker.py:95 | Created chunk 30: 96 chars
2026-01-20 16:18:33 | edumind.text_chunker | DEBUG    | text_chunker.py:95 | Created chunk 31: 95 chars
2026-01-20 16:18:33 | edumind.text_chunker | DEBUG    | text_chunker.py:95 | Created chunk 32: 94 chars
2026-01-20 16:18:33 | edumind.text_chunker | DEBUG    | text_chunker.py:95 | Created chunk 33: 92 chars
2026-01-20 16:18:33 | edumind.text_chunker | DEBUG    | text_chunker.py:95 | Created chunk 34: 92 chars
2026-01-20 16:18:33 | edumind.text_chunker | DEBUG    | text_chunker.py:95 | Created chunk 35: 91 chars
2026-01-20 16:18:33 | edumind.text_chunker | DEBUG    | text_chunker.py:95 | Created chunk 36: 89 chars
2026-01-20 16:18:33 | edumind.text_chunker | DEBUG    | text_chunker.py:95 | Created chunk 37: 89 chars
2026-01-20 16:18:33 | edumind.text_chunker | DEBUG    | text_chunker.py:95 | Created chunk 38: 88 chars
2026-01-20 16:18:33 | edumind.text_chunker | DEBUG    | text_chunker.py:95 | Created chunk 39: 87 chars
2026-01-20 16:18:33 | edumind.text_chunker | DEBUG    | text_chunker.py:95 | Created chunk 40: 86 chars
2026-01-20 16:18:33 | edumind.text_chunker | DEBUG    | text_chunker.py:95 | Created chunk 41: 99 chars
2026-01-20 16:18:33 | edumind.text_chunker | DEBUG    | text_chunker.py:95 | Created chunk 42: 97 chars
2026-01-20 16:18:33 | edumind.text_chunker | DEBUG    | text_chunker.py:95 | Created chunk 43: 97 chars
2026-01-20 16:18:33 | edumind.text_chunker | DEBUG    | text_chunker.py:95 | Created chunk 44: 96 chars
2026-01-20 16:18:33 | edumind.text_chunker | DEBUG    | text_chunker.py:95 | Created chunk 45: 95 chars
2026-01-20 16:18:33 | edumind.text_chunker | DEBUG    | text_chunker.py:95 | Created chunk 46: 94 chars
2026-01-20 16:18:33 | edumind.text_chunker | DEBUG    | text_chunker.py:95 | Created chunk 47: 92 chars
2026-01-20 16:18:33 | edumind.text_chunker | DEBUG    | text_chunker.py:95 | Created chunk 48: 92 chars
2026-01-20 16:18:33 | edumind.text_chunker | DEBUG    | text_chunker.py:95 | Created chunk 49: 91 chars
2026-01-20 16:18:33 | edumind.text_chunker | DEBUG    | text_chunker.py:95 | Created chunk 50: 89 chars
2026-01-20 16:18:33 | edumind.text_chunker | DEBUG    | text_chunker.py:95 | Created chunk 51: 89 chars
2026-01-20 16:18:33 | edumind.text_chunker | DEBUG    | text_chunker.py:95 | Created chunk 52: 88 chars
2026-01-20 16:18:33 | edumind.text_chunker | DEBUG    | text_chunker.py:95 | Created chunk 53: 87 chars
2026-01-20 16:18:33 | edumind.text_chunker | DEBUG    | text_chunker.py:95 | Created chunk 54: 86 chars
2026-01-20 16:18:33 | edumind.text_chunker | DEBUG    | text_chunker.py:95 | Created chunk 55: 99 chars
2026-01-20 16:18:33 | edumind.text_chunker | DEBUG    | text_chunker.py:95 | Created chunk 56: 97 chars
2026-01-20 16:18:33 | edumind.text_chunker | DEBUG    | text_chunker.py:95 | Created chunk 57: 97 chars
2026-01-20 16:18:33 | edumind.text_chunker | DEBUG    | text_chunker.py:95 | Created chunk 58: 96 chars
2026-01-20 16:18:33 | edumind.text_chunker | DEBUG    | text_chunker.py:95 | Created chunk 59: 95 chars
2026-01-20 16:18:33 | edumind.text_chunker | DEBUG    | text_chunker.py:95 | Created chunk 60: 94 chars
2026-01-20 16:18:33 | edumind.text_chunker | DEBUG    | text_chunker.py:95 | Created chunk 61: 92 chars
2026-01-20 16:18:33 | edumind.text_chunker | DEBUG    | text_chunker.py:95 | Created chunk 62: 92 chars
2026-01-20 16:18:33 | edumind.text_chunker | DEBUG    | text_chunker.py:95 | Created chunk 63: 91 chars
2026-01-20 16:18:33 | edumind.text_chunker | DEBUG    | text_chunker.py:95 | Created chunk 64: 89 chars
2026-01-20 16:18:33 | edumind.text_chunker | DEBUG    | text_chunker.py:95 | Created chunk 65: 89 chars
2026-01-20 16:18:33 | edumind.text_chunker | DEBUG    | text_chunker.py:95 | Created chunk 66: 88 chars
2026-01-20 16:18:33 | edumind.text_chunker | DEBUG    | text_chunker.py:95 | Created chunk 67: 87 chars
2026-01-20 16:18:33 | edumind.text_chunker | DEBUG    | text_chunker.py:95 | Created chunk 68: 86 chars
2026-01-20 16:18:33 | edumind.text_chunker | DEBUG    | text_chunker.py:95 | Created chunk 69: 99 chars
2026-01-20 16:18:33 | edumind.text_chunker | DEBUG    | text_chunker.py:95 | Created chunk 70: 97 chars
2026-01-20 16:18:33 | edumind.text_chunker | DEBUG    | text_chunker.py:95 | Created chunk 71: 97 chars
2026-01-20 16:18:33 | edumind.text_chunker | DEBUG    | text_chunker.py:95 | Created chunk 72: 96 chars
2026-01-20 16:18:33 | edumind.text_chunker | DEBUG    | text_chunker.py:95 | Created chunk 73: 95 chars
2026-01-20 16:18:33 | edumind.text_chunker | DEBUG    | text_chunker.py:95 | Created chunk 74: 94 chars
2026-01-20 16:18:33 | edumind.text_chunker | DEBUG    | text_chunker.py:95 | Created chunk 75: 92 chars
2026-01-20 16:18:33 | edumind.text_chunker | DEBUG    | text_chunker.py:95 | Created chunk 76: 92 chars
2026-01-20 16:18:33 | edumind.text_chunker | DEBUG    | text_chunker.py:95 | Created chunk 77: 91 chars
2026-01-20 16:18:33 | edumind.text_chunker | DEBUG    | text_chunker.py:95 | Created chunk 78: 89 chars
2026-01-20 16:18:33 | edumind.text_chunker | DEBUG    | text_chunker.py:95 | Created chunk 79: 89 chars
2026-01-20 16:18:33 | edumind.text_chunker | DEBUG    | text_chunker.py:95 | Created chunk 80: 88 chars
2026-01-20 16:18:33 | edumind.text_chunker | DEBUG    | text_chunker.py:95 | Created chunk 81: 87 chars
2026-01-20 16:18:33 | edumind.text_chunker | DEBUG    | text_chunker.py:95 | Created chunk 82: 86 chars
2026-01-20 16:18:33 | edumind.text_chunker | DEBUG    | text_chunker.py:95 | Created chunk 83: 99 chars
2026-01-20 16:18:33 | edumind.text_chunker | DEBUG    | text_chunker.py:95 | Created chunk 84: 97 chars
2026-01-20 16:18:33 | edumind.text_chunker | DEBUG    | text_chunker.py:95 | Created chunk 85: 97 chars
2026-01-20 16:18:33 | edumind.text_chunker | DEBUG    | text_chunker.py:95 | Created chunk 86: 96 chars
2026-01-20 16:18:33 | edumind.text_chunker | DEBUG    | text_chunker.py:95 | Created chunk 87: 95 chars
2026-01-20 16:18:33 | edumind.text_chunker | DEBUG    | text_chunker.py:95 | Created chunk 88: 94 chars
2026-01-20 16:18:33 | edumind.text_chunker | DEBUG    | text_chunker.py:95 | Created chunk 89: 92 chars
2026-01-20 16:18:33 | edumind.text_chunker | DEBUG    | text_chunker.py:95 | Created chunk 90: 92 chars
2026-01-20 16:18:33 | edumind.text_chunker | DEBUG    | text_chunker.py:95 | Created chunk 91: 91 chars
2026-01-20 16:18:33 | edumind.text_chunker | DEBUG    | text_chunker.py:95 | Created chunk 92: 89 chars
2026-01-20 16:18:33 | edumind.text_chunker | DEBUG    | text_chunker.py:95 | Created chunk 93: 89 chars
2026-01-20 16:18:33 | edumind.text_chunker | DEBUG    | text_chunker.py:95 | Created chunk 94: 88 chars
2026-01-20 16:18:33 | edumind.text_chunker | DEBUG    | text_chunker.py:95 | Created chunk 95: 87 chars
2026-01-20 16:18:33 | edumind.text_chunker | DEBUG    | text_chunker.py:95 | Created chunk 96: 86 chars
2026-01-20 16:18:33 | edumind.text_chunker | DEBUG    | text_chunker.py:95 | Created chunk 97: 99 chars
2026-01-20 16:18:33 | edumind.text_chunker | DEBUG    | text_chunker.py:95 | Created chunk 98: 97 chars
2026-01-20 16:18:33 | edumind.text_chunker | DEBUG    | text_chunker.py:95 | Created chunk 99: 97 chars
2026-01-20 16:18:33 | edumind.text_chunker | DEBUG    | text_chunker.py:95 | Created chunk 100: 96 chars
2026-01-20 16:18:33 | edumind.text_chunker | DEBUG    | text_chunker.py:95 | Created chunk 101: 95 chars
2026-01-20 16:18:33 | edumind.text_chunker | DEBUG    | text_chunker.py:95 | Created chunk 102: 94 chars
2026-01-20 16:18:33 | edumind.text_chunker | DEBUG    | text_chunker.py:95 | Created chunk 103: 92 chars
2026-01-20 16:18:33 | edumind.text_chunker | DEBUG    | text_chunker.py:95 | Created chunk 104: 92 chars
2026-01-20 16:18:33 | edumind.text_chunker | DEBUG    | text_chunker.py:95 | Created chunk 105: 91 chars
2026-01-20 16:18:33 | edumind.text_chunker | DEBUG    | text_chunker.py:95 | Created chunk 106: 89 chars
2026-01-20 16:18:33 | edumind.text_chunker | DEBUG    | text_chunker.py:95 | Created chunk 107: 89 chars
2026-01-20 16:18:33 | edumind.text_chunker | DEBUG    | text_chunker.py:95 | Created chunk 108: 88 chars
2026-01-20 16:18:33 | edumind.text_chunker | DEBUG    | text_chunker.py:95 | Created chunk 109: 87 chars
2026-01-20 16:18:33 | edumind.text_chunker | DEBUG    | text_chunker.py:95 | Created chunk 110: 86 chars
2026-01-20 16:18:33 | edumind.text_chunker | DEBUG    | text_chunker.py:95 | Created chunk 111: 99 chars
2026-01-20 16:18:33 | edumind.text_chunker | DEBUG    | text_chunker.py:95 | Created chunk 112: 97 chars
2026-01-20 16:18:33 | edumind.text_chunker | DEBUG    | text_chunker.py:95 | Created chunk 113: 97 chars
2026-01-20 16:18:33 | edumind.text_chunker | DEBUG    | text_chunker.py:95 | Created chunk 114: 96 chars
2026-01-20 16:18:33 | edumind.text_chunker | DEBUG    | text_chunker.py:95 | Created chunk 115: 95 chars
2026-01-20 16:18:33 | edumind.text_chunker | DEBUG    | text_chunker.py:95 | Created chunk 116: 94 chars
2026-01-20 16:18:33 | edumind.text_chunker | DEBUG    | text_chunker.py:95 | Created chunk 117: 92 chars
2026-01-20 16:18:33 | edumind.text_chunker | DEBUG    | text_chunker.py:95 | Created chunk 118: 92 chars
2026-01-20 16:18:33 | edumind.text_chunker | DEBUG    | text_chunker.py:95 | Created chunk 119: 91 chars
2026-01-20 16:18:33 | edumind.text_chunker | DEBUG    | text_chunker.py:95 | Created chunk 120: 89 chars
2026-01-20 16:18:33 | edumind.text_chunker | DEBUG    | text_chunker.py:95 | Created chunk 121: 89 chars
2026-01-20 16:18:33 | edumind.text_chunker | DEBUG    | text_chunker.py:95 | Created chunk 122: 88 chars
2026-01-20 16:18:33 | edumind.text_chunker | DEBUG    | text_chunker.py:95 | Created chunk 123: 87 chars
2026-01-20 16:18:33 | edumind.text_chunker | DEBUG    | text_chunker.py:95 | Created chunk 124: 86 chars
2026-01-20 16:18:33 | edumind.text_chunker | DEBUG    | text_chunker.py:95 | Created chunk 125: 99 chars
2026-01-20 16:18:33 | edumind.text_chunker | DEBUG    | text_chunker.py:95 | Created chunk 126: 97 chars
2026-01-20 16:18:33 | edumind.text_chunker | DEBUG    | text_chunker.py:95 | Created chunk 127: 97 chars
2026-01-20 16:18:33 | edumind.text_chunker | DEBUG    | text_chunker.py:95 | Created chunk 128: 96 chars
2026-01-20 16:18:33 | edumind.text_chunker | DEBUG    | text_chunker.py:95 | Created chunk 129: 95 chars
2026-01-20 16:18:33 | edumind.text_chunker | DEBUG    | text_chunker.py:95 | Created chunk 130: 94 chars
2026-01-20 16:18:33 | edumind.text_chunker | DEBUG    | text_chunker.py:95 | Created chunk 131: 92 chars
2026-01-20 16:18:33 | edumind.text_chunker | DEBUG    | text_chunker.py:95 | Created chunk 132: 92 chars
2026-01-20 16:18:33 | edumind.text_chunker | DEBUG    | text_chunker.py:95 | Created chunk 133: 91 chars
2026-01-20 16:18:33 | edumind.text_chunker | DEBUG    | text_chunker.py:95 | Created chunk 134: 89 chars
2026-01-20 16:18:33 | edumind.text_chunker | DEBUG    | text_chunker.py:95 | Created chunk 135: 89 chars
2026-01-20 16:18:33 | edumind.text_chunker | DEBUG    | text_chunker.py:95 | Created chunk 136: 88 chars
2026-01-20 16:18:33 | edumind.text_chunker | DEBUG    | text_chunker.py:95 | Created chunk 137: 87 chars
2026-01-20 16:18:33 | edumind.text_chunker | DEBUG    | text_chunker.py:95 | Created chunk 138: 86 chars
2026-01-20 16:18:33 | edumind.text_chunker | DEBUG    | text_chunker.py:95 | Created chunk 139: 99 chars
2026-01-20 16:18:33 | edumind.text_chunker | DEBUG    | text_chunker.py:95 | Created chunk 140: 97 chars
2026-01-20 16:18:33 | edumind.text_chunker | DEBUG    | text_chunker.py:95 | Created chunk 141: 97 chars
2026-01-20 16:18:33 | edumind.text_chunker | DEBUG    | text_chunker.py:95 | Created chunk 142: 96 chars
2026-01-20 16:18:33 | edumind.text_chunker | DEBUG    | text_chunker.py:95 | Created chunk 143: 95 chars
2026-01-20 16:18:33 | edumind.text_chunker | DEBUG    | text_chunker.py:95 | Created chunk 144: 94 chars
2026-01-20 16:18:33 | edumind.text_chunker | DEBUG    | text_chunker.py:95 | Created chunk 145: 92 chars
2026-01-20 16:18:33 | edumind.text_chunker | DEBUG    | text_chunker.py:95 | Created chunk 146: 92 chars
2026-01-20 16:18:33 | edumind.text_chunker | DEBUG    | text_chunker.py:95 | Created chunk 147: 91 chars
2026-01-20 16:18:33 | edumind.text_chunker | DEBUG    | text_chunker.py:95 | Created chunk 148: 89 chars
2026-01-20 16:18:33 | edumind.text_chunker | DEBUG    | text_chunker.py:95 | Created chunk 149: 89 chars
2026-01-20 16:18:33 | edumind.text_chunker | DEBUG    | text_chunker.py:95 | Created chunk 150: 88 chars
2026-01-20 16:18:33 | edumind.text_chunker | DEBUG    | text_chunker.py:95 | Created chunk 151: 87 chars
2026-01-20 16:18:33 | edumind.text_chunker | DEBUG    | text_chunker.py:95 | Created chunk 152: 86 chars
2026-01-20 16:18:33 | edumind.text_chunker | DEBUG    | text_chunker.py:95 | Created chunk 153: 99 chars
2026-01-20 16:18:33 | edumind.text_chunker | DEBUG    | text_chunker.py:95 | Created chunk 154: 97 chars
2026-01-20 16:18:33 | edumind.text_chunker | DEBUG    | text_chunker.py:95 | Created chunk 155: 97 chars
2026-01-20 16:18:33 | edumind.text_chunker | DEBUG    | text_chunker.py:95 | Created chunk 156: 96 chars
2026-01-20 16:18:33 | edumind.text_chunker | DEBUG    | text_chunker.py:95 | Created chunk 157: 95 chars
2026-01-20 16:18:33 | edumind.text_chunker | DEBUG    | text_chunker.py:95 | Created chunk 158: 94 chars
2026-01-20 16:18:33 | edumind.text_chunker | DEBUG    | text_chunker.py:95 | Created chunk 159: 92 chars
2026-01-20 16:18:33 | edumind.text_chunker | DEBUG    | text_chunker.py:95 | Created chunk 160: 92 chars
2026-01-20 16:18:33 | edumind.text_chunker | DEBUG    | text_chunker.py:95 | Created chunk 161: 91 chars
2026-01-20 16:18:33 | edumind.text_chunker | DEBUG    | text_chunker.py:95 | Created chunk 162: 89 chars
2026-01-20 16:18:33 | edumind.text_chunker | DEBUG    | text_chunker.py:95 | Created chunk 163: 89 chars
2026-01-20 16:18:33 | edumind.text_chunker | DEBUG    | text_chunker.py:95 | Created chunk 164: 88 chars
2026-01-20 16:18:33 | edumind.text_chunker | DEBUG    | text_chunker.py:95 | Created chunk 165: 87 chars
2026-01-20 16:18:33 | edumind.text_chunker | DEBUG    | text_chunker.py:95 | Created chunk 166: 86 chars
2026-01-20 16:18:33 | edumind.text_chunker | DEBUG    | text_chunker.py:95 | Created chunk 167: 99 chars
2026-01-20 16:18:33 | edumind.text_chunker | DEBUG    | text_chunker.py:95 | Created chunk 168: 97 chars
2026-01-20 16:18:33 | edumind.text_chunker | DEBUG    | text_chunker.py:95 | Created chunk 169: 97 chars
2026-01-20 16:18:33 | edumind.text_chunker | DEBUG    | text_chunker.py:95 | Created chunk 170: 96 chars
2026-01-20 16:18:33 | edumind.text_chunker | DEBUG    | text_chunker.py:95 | Created chunk 171: 95 chars
2026-01-20 16:18:33 | edumind.text_chunker | DEBUG    | text_chunker.py:95 | Created chunk 172: 94 chars
2026-01-20 16:18:33 | edumind.text_chunker | DEBUG    | text_chunker.py:95 | Created chunk 173: 92 chars
2026-01-20 16:18:33 | edumind.text_chunker | DEBUG    | text_chunker.py:95 | Created chunk 174: 92 chars
2026-01-20 16:18:33 | edumind.text_chunker | DEBUG    | text_chunker.py:95 | Created chunk 175: 91 chars
2026-01-20 16:18:33 | edumind.text_chunker | DEBUG    | text_chunker.py:95 | Created chunk 176: 89 chars
2026-01-20 16:18:33 | edumind.text_chunker | DEBUG    | text_chunker.py:95 | Created chunk 177: 89 chars
2026-01-20 16:18:33 | edumind.text_chunker | DEBUG    | text_chunker.py:95 | Created chunk 178: 88 chars
2026-01-20 16:18:33 | edumind.text_chunker | DEBUG    | text_chunker.py:95 | Created chunk 179: 87 chars
2026-01-20 16:18:34 | edumind.text_chunker | DEBUG    | text_chunker.py:95 | Created chunk 180: 100 chars
2026-01-20 16:18:34 | edumind.text_chunker | INFO     | text_chunker.py:103 | Split text into 180 chunks (avg: 92 chars)
2026-01-20 16:35:33 | edumind.text_chunker | DEBUG    | text_chunker.py:95 | Created chunk 1: 1753 chars
2026-01-20 16:35:33 | edumind.text_chunker | DEBUG    | text_chunker.py:95 | Created chunk 2: 815 chars
2026-01-20 16:35:33 | edumind.text_chunker | INFO     | text_chunker.py:103 | Split text into 2 chunks (avg: 1284 chars)
2026-01-20 16:37:30 | edumind.text_chunker | DEBUG    | text_chunker.py:95 | Created chunk 1: 1760 chars
2026-01-20 16:37:30 | edumind.text_chunker | DEBUG    | text_chunker.py:95 | Created chunk 2: 1792 chars
2026-01-20 16:37:30 | edumind.text_chunker | DEBUG    | text_chunker.py:95 | Created chunk 3: 931 chars
2026-01-20 16:37:30 | edumind.text_chunker | INFO     | text_chunker.py:103 | Split text into 3 chunks (avg: 1494 chars)
2026-01-20 16:37:32 | edumind.text_chunker | DEBUG    | text_chunker.py:95 | Created chunk 1: 1753 chars
2026-01-20 16:37:32 | edumind.text_chunker | DEBUG    | text_chunker.py:95 | Created chunk 2: 815 chars
2026-01-20 16:37:32 | edumind.text_chunker | INFO     | text_chunker.py:103 | Split text into 2 chunks (avg: 1284 chars)
2026-01-20 16:37:33 | edumind.text_chunker | DEBUG    | text_chunker.py:95 | Created chunk 1: 1760 chars
2026-01-20 16:37:33 | edumind.text_chunker | DEBUG    | text_chunker.py:95 | Created chunk 2: 1792 chars
2026-01-20 16:37:33 | edumind.text_chunker | DEBUG    | text_chunker.py:95 | Created chunk 3: 931 chars
2026-01-20 16:37:33 | edumind.text_chunker | INFO     | text_chunker.py:103 | Split text into 3 chunks (avg: 1494 chars)
2026-01-20 16:37:36 | edumind.text_chunker | DEBUG    | text_chunker.py:95 | Created chunk 1: 1753 chars
2026-01-20 16:37:36 | edumind.text_chunker | DEBUG    | text_chunker.py:95 | Created chunk 2: 815 chars
2026-01-20 16:37:36 | edumind.text_chunker | INFO     | text_chunker.py:103 | Split text into 2 chunks (avg: 1284 chars)
2026-01-20 16:37:37 | edumind.text_chunker | DEBUG    | text_chunker.py:95 | Created chunk 1: 1760 chars
2026-01-20 16:37:37 | edumind.text_chunker | DEBUG    | text_chunker.py:95 | Created chunk 2: 1792 chars
2026-01-20 16:37:37 | edumind.text_chunker | DEBUG    | text_chunker.py:95 | Created chunk 3: 931 chars
2026-01-20 16:37:37 | edumind.text_chunker | INFO     | text_chunker.py:103 | Split text into 3 chunks (avg: 1494 chars)
2026-01-20 18:01:08 | edumind.accessibility | INFO     | accessibility.py:31 | KeyboardShortcutManager initialized
2026-01-20 18:01:08 | edumind.accessibility | DEBUG    | accessibility.py:51 | Registered shortcut: Ctrl+, -> Open settings
2026-01-20 18:01:08 | edumind.accessibility | DEBUG    | accessibility.py:51 | Registered shortcut: Ctrl+D -> Toggle dark/light theme
2026-01-20 18:01:08 | edumind.accessibility | DEBUG    | accessibility.py:51 | Registered shortcut: Ctrl+1 -> Go to Dashboard
2026-01-20 18:01:08 | edumind.accessibility | DEBUG    | accessibility.py:51 | Registered shortcut: Ctrl+2 -> Go to Study Assistant
2026-01-20 18:01:08 | edumind.accessibility | DEBUG    | accessibility.py:51 | Registered shortcut: F1 -> Show help
2026-01-20 18:09:41 | edumind.json_parser  | DEBUG    | json_parser.py:54 | Parsed JSON using direct parse
2026-01-20 18:09:41 | edumind.json_parser  | DEBUG    | json_parser.py:54 | Parsed JSON using direct parse
2026-01-20 18:09:41 | edumind.json_parser  | DEBUG    | json_parser.py:66 | Parsed JSON by extracting object
2026-01-20 18:09:41 | edumind.json_parser  | DEBUG    | json_parser.py:66 | Parsed JSON by extracting object
2026-01-20 18:09:41 | edumind.json_parser  | DEBUG    | json_parser.py:104 | Parsed JSON after fixing trailing commas
2026-01-20 18:09:41 | edumind.json_parser  | DEBUG    | json_parser.py:104 | Parsed JSON after fixing trailing commas
2026-01-20 18:09:42 | edumind.json_parser  | WARNING  | json_parser.py:43 | Empty input string
2026-01-20 18:09:42 | edumind.json_parser  | WARNING  | json_parser.py:39 | Input is not a string: <class 'int'>
2026-01-20 18:09:42 | edumind.json_parser  | ERROR    | json_parser.py:160 | Failed to parse JSON after trying: ['direct_parse', 'extract_object', 'extract_array', 'clean_markdown', 'fix_trailing_commas', 'fix_single_quotes', 'nested_markdown', 'aggressive_brackets']
2026-01-20 18:09:42 | edumind.json_parser  | DEBUG    | json_parser.py:161 | Raw input (first 500 chars): not json at all
2026-01-20 18:09:42 | edumind.json_parser  | ERROR    | json_parser.py:160 | Failed to parse JSON after trying: ['direct_parse', 'extract_object', 'extract_array', 'clean_markdown', 'fix_trailing_commas', 'fix_single_quotes', 'nested_markdown', 'aggressive_brackets']
2026-01-20 18:09:42 | edumind.json_parser  | DEBUG    | json_parser.py:161 | Raw input (first 500 chars): [1, 2]
2026-01-20 18:09:42 | edumind.json_parser  | ERROR    | json_parser.py:160 | Failed to parse JSON after trying: ['direct_parse', 'extract_object', 'extract_array', 'clean_markdown', 'fix_trailing_commas', 'fix_single_quotes', 'nested_markdown', 'aggressive_brackets']
2026-01-20 18:09:42 | edumind.json_parser  | DEBUG    | json_parser.py:161 | Raw input (first 500 chars): {"key": "value"}
2026-01-20 18:09:42 | edumind.json_parser  | ERROR    | json_parser.py:160 | Failed to parse JSON after trying: ['direct_parse', 'extract_object', 'extract_array', 'clean_markdown', 'fix_trailing_commas', 'fix_single_quotes', 'nested_markdown', 'aggressive_brackets']
2026-01-20 18:09:42 | edumind.json_parser  | DEBUG    | json_parser.py:161 | Raw input (first 500 chars): invalid
2026-01-20 18:09:42 | edumind.json_parser  | DEBUG    | json_parser.py:54 | Parsed JSON using direct parse
2026-01-20 18:09:42 | edumind.json_parser  | DEBUG    | json_parser.py:54 | Parsed JSON using direct parse
2026-01-20 18:09:42 | edumind.json_parser  | INFO     | json_parser.py:204 | Extracted 1 valid quiz questions from 1 items
2026-01-20 18:09:42 | edumind.json_parser  | DEBUG    | json_parser.py:78 | Parsed JSON by extracting array
2026-01-20 18:09:42 | edumind.json_parser  | INFO     | json_parser.py:204 | Extracted 1 valid quiz questions from 1 items
2026-01-20 18:09:42 | edumind.json_parser  | DEBUG    | json_parser.py:54 | Parsed JSON using direct parse
2026-01-20 18:09:42 | edumind.json_parser  | WARNING  | json_parser.py:202 | Quiz item 0 missing fields: ['options', 'answer']
2026-01-20 18:09:42 | edumind.json_parser  | INFO     | json_parser.py:204 | Extracted 1 valid quiz questions from 2 items
2026-01-20 18:09:42 | edumind.json_parser  | WARNING  | json_parser.py:43 | Empty input string
2026-01-20 18:09:42 | edumind.json_parser  | DEBUG    | json_parser.py:54 | Parsed JSON using direct parse
2026-01-20 18:09:42 | edumind.json_parser  | INFO     | json_parser.py:239 | Extracted 2 valid flashcards from 2 items
2026-01-20 18:09:42 | edumind.json_parser  | DEBUG    | json_parser.py:54 | Parsed JSON using direct parse
2026-01-20 18:09:42 | edumind.json_parser  | INFO     | json_parser.py:239 | Extracted 1 valid flashcards from 1 items
2026-01-20 18:09:42 | edumind.json_parser  | WARNING  | json_parser.py:43 | Empty input string
2026-01-20 18:09:42 | edumind.json_parser  | DEBUG    | json_parser.py:54 | Parsed JSON using direct parse
2026-01-20 18:09:42 | edumind.json_parser  | INFO     | json_parser.py:276 | Extracted concept map with 3 nodes and 1 edges
2026-01-20 18:09:42 | edumind.json_parser  | DEBUG    | json_parser.py:54 | Parsed JSON using direct parse
2026-01-20 18:09:42 | edumind.json_parser  | INFO     | json_parser.py:276 | Extracted concept map with 2 nodes and 0 edges
2026-01-20 18:09:42 | edumind.json_parser  | WARNING  | json_parser.py:43 | Empty input string
2026-01-20 18:09:42 | edumind.spaced_repetition | INFO     | spaced_repetition.py:98 | Spaced Repetition Service initialized
2026-01-20 18:09:42 | edumind.spaced_repetition | DEBUG    | spaced_repetition.py:118 | Reviewing card 1 with quality 4
2026-01-20 18:09:42 | edumind.spaced_repetition | INFO     | spaced_repetition.py:151 | Card 1: interval=1d, EF=2.50, next review=2026-01-21
2026-01-20 18:09:42 | edumind.spaced_repetition | INFO     | spaced_repetition.py:98 | Spaced Repetition Service initialized
2026-01-20 18:09:42 | edumind.spaced_repetition | DEBUG    | spaced_repetition.py:118 | Reviewing card 1 with quality 4
2026-01-20 18:09:42 | edumind.spaced_repetition | INFO     | spaced_repetition.py:151 | Card 1: interval=1d, EF=2.50, next review=2026-01-21
2026-01-20 18:09:42 | edumind.spaced_repetition | DEBUG    | spaced_repetition.py:118 | Reviewing card 1 with quality 4
2026-01-20 18:09:42 | edumind.spaced_repetition | INFO     | spaced_repetition.py:151 | Card 1: interval=6d, EF=2.50, next review=2026-01-26
2026-01-20 18:09:42 | edumind.spaced_repetition | INFO     | spaced_repetition.py:98 | Spaced Repetition Service initialized
2026-01-20 18:09:42 | edumind.spaced_repetition | DEBUG    | spaced_repetition.py:118 | Reviewing card 1 with quality 4
2026-01-20 18:09:42 | edumind.spaced_repetition | INFO     | spaced_repetition.py:151 | Card 1: interval=1d, EF=2.50, next review=2026-01-21
2026-01-20 18:09:42 | edumind.spaced_repetition | DEBUG    | spaced_repetition.py:118 | Reviewing card 1 with quality 4
2026-01-20 18:09:42 | edumind.spaced_repetition | INFO     | spaced_repetition.py:151 | Card 1: interval=6d, EF=2.50, next review=2026-01-26
2026-01-20 18:09:42 | edumind.spaced_repetition | DEBUG    | spaced_repetition.py:118 | Reviewing card 1 with quality 4
2026-01-20 18:09:42 | edumind.spaced_repetition | INFO     | spaced_repetition.py:151 | Card 1: interval=15d, EF=2.50, next review=2026-02-04
2026-01-20 18:09:42 | edumind.spaced_repetition | INFO     | spaced_repetition.py:98 | Spaced Repetition Service initialized
2026-01-20 18:09:42 | edumind.spaced_repetition | DEBUG    | spaced_repetition.py:118 | Reviewing card 1 with quality 4
2026-01-20 18:09:42 | edumind.spaced_repetition | INFO     | spaced_repetition.py:151 | Card 1: interval=1d, EF=2.50, next review=2026-01-21
2026-01-20 18:09:42 | edumind.spaced_repetition | DEBUG    | spaced_repetition.py:118 | Reviewing card 1 with quality 4
2026-01-20 18:09:42 | edumind.spaced_repetition | INFO     | spaced_repetition.py:151 | Card 1: interval=6d, EF=2.50, next review=2026-01-26
2026-01-20 18:09:42 | edumind.spaced_repetition | DEBUG    | spaced_repetition.py:118 | Reviewing card 1 with quality 1
2026-01-20 18:09:42 | edumind.spaced_repetition | DEBUG    | spaced_repetition.py:128 | Card 1 failed, resetting to interval 1
2026-01-20 18:09:42 | edumind.spaced_repetition | INFO     | spaced_repetition.py:151 | Card 1: interval=1d, EF=1.96, next review=2026-01-21
2026-01-20 18:09:42 | edumind.spaced_repetition | INFO     | spaced_repetition.py:98 | Spaced Repetition Service initialized
2026-01-20 18:09:42 | edumind.spaced_repetition | DEBUG    | spaced_repetition.py:118 | Reviewing card 1 with quality 5
2026-01-20 18:09:42 | edumind.spaced_repetition | INFO     | spaced_repetition.py:151 | Card 1: interval=1d, EF=2.60, next review=2026-01-21
2026-01-20 18:09:42 | edumind.spaced_repetition | INFO     | spaced_repetition.py:98 | Spaced Repetition Service initialized
2026-01-20 18:09:42 | edumind.spaced_repetition | DEBUG    | spaced_repetition.py:118 | Reviewing card 1 with quality 3
2026-01-20 18:09:42 | edumind.spaced_repetition | INFO     | spaced_repetition.py:151 | Card 1: interval=1d, EF=2.36, next review=2026-01-21
2026-01-20 18:09:42 | edumind.spaced_repetition | INFO     | spaced_repetition.py:98 | Spaced Repetition Service initialized
2026-01-20 18:09:42 | edumind.spaced_repetition | DEBUG    | spaced_repetition.py:118 | Reviewing card 1 with quality 3
2026-01-20 18:09:42 | edumind.spaced_repetition | INFO     | spaced_repetition.py:151 | Card 1: interval=1d, EF=2.36, next review=2026-01-21
2026-01-20 18:09:42 | edumind.spaced_repetition | DEBUG    | spaced_repetition.py:118 | Reviewing card 1 with quality 3
2026-01-20 18:09:42 | edumind.spaced_repetition | INFO     | spaced_repetition.py:151 | Card 1: interval=6d, EF=2.22, next review=2026-01-26
2026-01-20 18:09:42 | edumind.spaced_repetition | DEBUG    | spaced_repetition.py:118 | Reviewing card 1 with quality 3
2026-01-20 18:09:42 | edumind.spaced_repetition | INFO     | spaced_repetition.py:151 | Card 1: interval=13d, EF=2.08, next review=2026-02-02
2026-01-20 18:09:42 | edumind.spaced_repetition | DEBUG    | spaced_repetition.py:118 | Reviewing card 1 with quality 3
2026-01-20 18:09:42 | edumind.spaced_repetition | INFO     | spaced_repetition.py:151 | Card 1: interval=27d, EF=1.94, next review=2026-02-16
2026-01-20 18:09:42 | edumind.spaced_repetition | DEBUG    | spaced_repetition.py:118 | Reviewing card 1 with quality 3
2026-01-20 18:09:42 | edumind.spaced_repetition | INFO     | spaced_repetition.py:151 | Card 1: interval=52d, EF=1.80, next review=2026-03-13
2026-01-20 18:09:42 | edumind.spaced_repetition | DEBUG    | spaced_repetition.py:118 | Reviewing card 1 with quality 3
2026-01-20 18:09:42 | edumind.spaced_repetition | INFO     | spaced_repetition.py:151 | Card 1: interval=94d, EF=1.66, next review=2026-04-24
2026-01-20 18:09:42 | edumind.spaced_repetition | DEBUG    | spaced_repetition.py:118 | Reviewing card 1 with quality 3
2026-01-20 18:09:42 | edumind.spaced_repetition | INFO     | spaced_repetition.py:151 | Card 1: interval=156d, EF=1.52, next review=2026-06-25
2026-01-20 18:09:42 | edumind.spaced_repetition | DEBUG    | spaced_repetition.py:118 | Reviewing card 1 with quality 3
2026-01-20 18:09:42 | edumind.spaced_repetition | INFO     | spaced_repetition.py:151 | Card 1: interval=237d, EF=1.38, next review=2026-09-14
2026-01-20 18:09:42 | edumind.spaced_repetition | DEBUG    | spaced_repetition.py:118 | Reviewing card 1 with quality 3
2026-01-20 18:09:42 | edumind.spaced_repetition | INFO     | spaced_repetition.py:151 | Card 1: interval=327d, EF=1.30, next review=2026-12-13
2026-01-20 18:09:42 | edumind.spaced_repetition | DEBUG    | spaced_repetition.py:118 | Reviewing card 1 with quality 3
2026-01-20 18:09:42 | edumind.spaced_repetition | INFO     | spaced_repetition.py:151 | Card 1: interval=425d, EF=1.30, next review=2027-03-21
2026-01-20 18:09:42 | edumind.spaced_repetition | DEBUG    | spaced_repetition.py:118 | Reviewing card 1 with quality 3
2026-01-20 18:09:42 | edumind.spaced_repetition | INFO     | spaced_repetition.py:151 | Card 1: interval=552d, EF=1.30, next review=2027-07-26
2026-01-20 18:09:42 | edumind.spaced_repetition | DEBUG    | spaced_repetition.py:118 | Reviewing card 1 with quality 3
2026-01-20 18:09:42 | edumind.spaced_repetition | INFO     | spaced_repetition.py:151 | Card 1: interval=718d, EF=1.30, next review=2028-01-08
2026-01-20 18:09:42 | edumind.spaced_repetition | DEBUG    | spaced_repetition.py:118 | Reviewing card 1 with quality 3
2026-01-20 18:09:42 | edumind.spaced_repetition | INFO     | spaced_repetition.py:151 | Card 1: interval=933d, EF=1.30, next review=2028-08-10
2026-01-20 18:09:42 | edumind.spaced_repetition | DEBUG    | spaced_repetition.py:118 | Reviewing card 1 with quality 3
2026-01-20 18:09:42 | edumind.spaced_repetition | INFO     | spaced_repetition.py:151 | Card 1: interval=1213d, EF=1.30, next review=2029-05-17
2026-01-20 18:09:42 | edumind.spaced_repetition | DEBUG    | spaced_repetition.py:118 | Reviewing card 1 with quality 3
2026-01-20 18:09:42 | edumind.spaced_repetition | INFO     | spaced_repetition.py:151 | Card 1: interval=1577d, EF=1.30, next review=2030-05-16
2026-01-20 18:09:42 | edumind.spaced_repetition | DEBUG    | spaced_repetition.py:118 | Reviewing card 1 with quality 3
2026-01-20 18:09:42 | edumind.spaced_repetition | INFO     | spaced_repetition.py:151 | Card 1: interval=2050d, EF=1.30, next review=2031-09-01
2026-01-20 18:09:42 | edumind.spaced_repetition | DEBUG    | spaced_repetition.py:118 | Reviewing card 1 with quality 3
2026-01-20 18:09:42 | edumind.spaced_repetition | INFO     | spaced_repetition.py:151 | Card 1: interval=2665d, EF=1.30, next review=2033-05-08
2026-01-20 18:09:42 | edumind.spaced_repetition | DEBUG    | spaced_repetition.py:118 | Reviewing card 1 with quality 3
2026-01-20 18:09:42 | edumind.spaced_repetition | INFO     | spaced_repetition.py:151 | Card 1: interval=3464d, EF=1.30, next review=2035-07-16
2026-01-20 18:09:42 | edumind.spaced_repetition | DEBUG    | spaced_repetition.py:118 | Reviewing card 1 with quality 3
2026-01-20 18:09:42 | edumind.spaced_repetition | INFO     | spaced_repetition.py:151 | Card 1: interval=4503d, EF=1.30, next review=2038-05-20
2026-01-20 18:09:42 | edumind.spaced_repetition | DEBUG    | spaced_repetition.py:118 | Reviewing card 1 with quality 3
2026-01-20 18:09:42 | edumind.spaced_repetition | INFO     | spaced_repetition.py:151 | Card 1: interval=5854d, EF=1.30, next review=2042-01-30
2026-01-20 18:09:42 | edumind.spaced_repetition | INFO     | spaced_repetition.py:98 | Spaced Repetition Service initialized
2026-01-20 18:09:42 | edumind.spaced_repetition | DEBUG    | spaced_repetition.py:118 | Reviewing card 1 with quality 4
2026-01-20 18:09:42 | edumind.spaced_repetition | INFO     | spaced_repetition.py:151 | Card 1: interval=1d, EF=2.50, next review=2026-01-21
2026-01-20 18:09:42 | edumind.spaced_repetition | INFO     | spaced_repetition.py:98 | Spaced Repetition Service initialized
2026-01-20 18:09:42 | edumind.spaced_repetition | INFO     | spaced_repetition.py:172 | Found 2 cards due for review
2026-01-20 18:09:42 | edumind.spaced_repetition | INFO     | spaced_repetition.py:98 | Spaced Repetition Service initialized
2026-01-20 18:09:42 | edumind.spaced_repetition | INFO     | spaced_repetition.py:98 | Spaced Repetition Service initialized
2026-01-20 18:09:42 | edumind.spaced_repetition | DEBUG    | spaced_repetition.py:118 | Reviewing card 1 with quality 0
2026-01-20 18:09:42 | edumind.spaced_repetition | DEBUG    | spaced_repetition.py:128 | Card 1 failed, resetting to interval 1
2026-01-20 18:09:42 | edumind.spaced_repetition | INFO     | spaced_repetition.py:151 | Card 1: interval=1d, EF=1.70, next review=2026-01-21
2026-01-20 18:09:42 | edumind.spaced_repetition | DEBUG    | spaced_repetition.py:118 | Reviewing card 1 with quality 3
2026-01-20 18:09:42 | edumind.spaced_repetition | INFO     | spaced_repetition.py:151 | Card 1: interval=15d, EF=2.36, next review=2026-02-04
2026-01-20 18:09:42 | edumind.spaced_repetition | DEBUG    | spaced_repetition.py:118 | Reviewing card 1 with quality 4
2026-01-20 18:09:42 | edumind.spaced_repetition | INFO     | spaced_repetition.py:151 | Card 1: interval=15d, EF=2.50, next review=2026-02-04
2026-01-20 18:09:42 | edumind.spaced_repetition | DEBUG    | spaced_repetition.py:118 | Reviewing card 1 with quality 5
2026-01-20 18:09:42 | edumind.spaced_repetition | INFO     | spaced_repetition.py:151 | Card 1: interval=15d, EF=2.60, next review=2026-02-04
2026-01-20 18:09:42 | edumind.text_chunker | DEBUG    | text_chunker.py:69 | Text fits in single chunk (21 chars)
2026-01-20 18:09:42 | edumind.text_chunker | WARNING  | text_chunker.py:57 | Empty text provided for chunking
2026-01-20 18:09:42 | edumind.text_chunker | WARNING  | text_chunker.py:64 | Only whitespace provided for chunking
2026-01-20 18:09:42 | edumind.text_chunker | DEBUG    | text_chunker.py:95 | Created chunk 1: 199 chars
2026-01-20 18:09:42 | edumind.text_chunker | DEBUG    | text_chunker.py:95 | Created chunk 2: 199 chars
2026-01-20 18:09:42 | edumind.text_chunker | DEBUG    | text_chunker.py:95 | Created chunk 3: 199 chars
2026-01-20 18:09:42 | edumind.text_chunker | DEBUG    | text_chunker.py:95 | Created chunk 4: 199 chars
2026-01-20 18:09:42 | edumind.text_chunker | DEBUG    | text_chunker.py:95 | Created chunk 5: 199 chars
2026-01-20 18:09:42 | edumind.text_chunker | DEBUG    | text_chunker.py:95 | Created chunk 6: 199 chars
2026-01-20 18:09:42 | edumind.text_chunker | DEBUG    | text_chunker.py:95 | Created chunk 7: 199 chars
2026-01-20 18:09:42 | edumind.text_chunker | DEBUG    | text_chunker.py:95 | Created chunk 8: 199 chars
2026-01-20 18:09:42 | edumind.text_chunker | DEBUG    | text_chunker.py:95 | Created chunk 9: 199 chars
2026-01-20 18:09:42 | edumind.text_chunker | INFO     | text_chunker.py:103 | Split text into 9 chunks (avg: 199 chars)
2026-01-20 18:09:42 | edumind.text_chunker | DEBUG    | text_chunker.py:95 | Created chunk 1: 32 chars
2026-01-20 18:09:42 | edumind.text_chunker | DEBUG    | text_chunker.py:95 | Created chunk 2: 31 chars
2026-01-20 18:09:42 | edumind.text_chunker | DEBUG    | text_chunker.py:95 | Created chunk 3: 30 chars
2026-01-20 18:09:42 | edumind.text_chunker | DEBUG    | text_chunker.py:95 | Created chunk 4: 29 chars
2026-01-20 18:09:42 | edumind.text_chunker | DEBUG    | text_chunker.py:95 | Created chunk 5: 28 chars
2026-01-20 18:09:42 | edumind.text_chunker | DEBUG    | text_chunker.py:95 | Created chunk 6: 26 chars
2026-01-20 18:09:42 | edumind.text_chunker | DEBUG    | text_chunker.py:95 | Created chunk 7: 26 chars
2026-01-20 18:09:42 | edumind.text_chunker | DEBUG    | text_chunker.py:95 | Created chunk 8: 25 chars
2026-01-20 18:09:42 | edumind.text_chunker | DEBUG    | text_chunker.py:95 | Created chunk 9: 24 chars
2026-01-20 18:09:42 | edumind.text_chunker | DEBUG    | text_chunker.py:95 | Created chunk 10: 39 chars
2026-01-20 18:09:42 | edumind.text_chunker | DEBUG    | text_chunker.py:95 | Created chunk 11: 38 chars
2026-01-20 18:09:42 | edumind.text_chunker | DEBUG    | text_chunker.py:95 | Created chunk 12: 37 chars
2026-01-20 18:09:42 | edumind.text_chunker | DEBUG    | text_chunker.py:95 | Created chunk 13: 36 chars
2026-01-20 18:09:42 | edumind.text_chunker | DEBUG    | text_chunker.py:95 | Created chunk 14: 35 chars
2026-01-20 18:09:42 | edumind.text_chunker | DEBUG    | text_chunker.py:95 | Created chunk 15: 34 chars
2026-01-20 18:09:42 | edumind.text_chunker | DEBUG    | text_chunker.py:95 | Created chunk 16: 32 chars
2026-01-20 18:09:42 | edumind.text_chunker | DEBUG    | text_chunker.py:95 | Created chunk 17: 32 chars
2026-01-20 18:09:42 | edumind.text_chunker | DEBUG    | text_chunker.py:95 | Created chunk 18: 31 chars
2026-01-20 18:09:42 | edumind.text_chunker | DEBUG    | text_chunker.py:95 | Created chunk 19: 30 chars
2026-01-20 18:09:42 | edumind.text_chunker | DEBUG    | text_chunker.py:95 | Created chunk 20: 29 chars
2026-01-20 18:09:42 | edumind.text_chunker | DEBUG    | text_chunker.py:95 | Created chunk 21: 28 chars
2026-01-20 18:09:42 | edumind.text_chunker | DEBUG    | text_chunker.py:95 | Created chunk 22: 27 chars
2026-01-20 18:09:42 | edumind.text_chunker | DEBUG    | text_chunker.py:95 | Created chunk 23: 25 chars
2026-01-20 18:09:42 | edumind.text_chunker | DEBUG    | text_chunker.py:95 | Created chunk 24: 25 chars
2026-01-20 18:09:42 | edumind.text_chunker | DEBUG    | text_chunker.py:95 | Created chunk 25: 24 chars
2026-01-20 18:09:42 | edumind.text_chunker | DEBUG    | text_chunker.py:95 | Created chunk 26: 40 chars
2026-01-20 18:09:42 | edumind.text_chunker | INFO     | text_chunker.py:103 | Split text into 26 chunks (avg: 30 chars)
2026-01-20 18:09:42 | edumind.text_chunker | DEBUG    | text_chunker.py:95 | Created chunk 1: 27 chars
2026-01-20 18:09:42 | edumind.text_chunker | DEBUG    | text_chunker.py:95 | Created chunk 2: 26 chars
2026-01-20 18:09:42 | edumind.text_chunker | DEBUG    | text_chunker.py:95 | Created chunk 3: 25 chars
2026-01-20 18:09:42 | edumind.text_chunker | DEBUG    | text_chunker.py:95 | Created chunk 4: 24 chars
2026-01-20 18:09:42 | edumind.text_chunker | DEBUG    | text_chunker.py:95 | Created chunk 5: 43 chars
2026-01-20 18:09:42 | edumind.text_chunker | DEBUG    | text_chunker.py:95 | Created chunk 6: 42 chars
2026-01-20 18:09:42 | edumind.text_chunker | DEBUG    | text_chunker.py:95 | Created chunk 7: 41 chars
2026-01-20 18:09:42 | edumind.text_chunker | DEBUG    | text_chunker.py:95 | Created chunk 8: 49 chars
2026-01-20 18:09:42 | edumind.text_chunker | DEBUG    | text_chunker.py:95 | Created chunk 9: 48 chars
2026-01-20 18:09:42 | edumind.text_chunker | DEBUG    | text_chunker.py:95 | Created chunk 10: 46 chars
2026-01-20 18:09:42 | edumind.text_chunker | DEBUG    | text_chunker.py:95 | Created chunk 11: 46 chars
2026-01-20 18:09:42 | edumind.text_chunker | DEBUG    | text_chunker.py:95 | Created chunk 12: 45 chars
2026-01-20 18:09:42 | edumind.text_chunker | DEBUG    | text_chunker.py:95 | Created chunk 13: 44 chars
2026-01-20 18:09:42 | edumind.text_chunker | DEBUG    | text_chunker.py:95 | Created chunk 14: 42 chars
2026-01-20 18:09:42 | edumind.text_chunker | DEBUG    | text_chunker.py:95 | Created chunk 15: 42 chars
2026-01-20 18:09:42 | edumind.text_chunker | DEBUG    | text_chunker.py:95 | Created chunk 16: 41 chars
2026-01-20 18:09:42 | edumind.text_chunker | DEBUG    | text_chunker.py:95 | Created chunk 17: 40 chars
2026-01-20 18:09:42 | edumind.text_chunker | DEBUG    | text_chunker.py:95 | Created chunk 18: 39 chars
2026-01-20 18:09:42 | edumind.text_chunker | DEBUG    | text_chunker.py:95 | Created chunk 19: 37 chars
2026-01-20 18:09:42 | edumind.text_chunker | DEBUG    | text_chunker.py:95 | Created chunk 20: 37 chars
2026-01-20 18:09:42 | edumind.text_chunker | DEBUG    | text_chunker.py:95 | Created chunk 21: 36 chars
2026-01-20 18:09:42 | edumind.text_chunker | DEBUG    | text_chunker.py:95 | Created chunk 22: 35 chars
2026-01-20 18:09:42 | edumind.text_chunker | DEBUG    | text_chunker.py:95 | Created chunk 23: 34 chars
2026-01-20 18:09:42 | edumind.text_chunker | DEBUG    | text_chunker.py:95 | Created chunk 24: 33 chars
2026-01-20 18:09:42 | edumind.text_chunker | DEBUG    | text_chunker.py:95 | Created chunk 25: 50 chars
2026-01-20 18:09:42 | edumind.text_chunker | INFO     | text_chunker.py:103 | Split text into 25 chunks (avg: 38 chars)
2026-01-20 18:09:42 | edumind.text_chunker | DEBUG    | text_chunker.py:95 | Created chunk 1: 49 chars
2026-01-20 18:09:42 | edumind.text_chunker | DEBUG    | text_chunker.py:95 | Created chunk 2: 48 chars
2026-01-20 18:09:42 | edumind.text_chunker | DEBUG    | text_chunker.py:95 | Created chunk 3: 47 chars
2026-01-20 18:09:42 | edumind.text_chunker | DEBUG    | text_chunker.py:95 | Created chunk 4: 46 chars
2026-01-20 18:09:42 | edumind.text_chunker | DEBUG    | text_chunker.py:95 | Created chunk 5: 44 chars
2026-01-20 18:09:42 | edumind.text_chunker | DEBUG    | text_chunker.py:95 | Created chunk 6: 49 chars
2026-01-20 18:09:42 | edumind.text_chunker | DEBUG    | text_chunker.py:95 | Created chunk 7: 48 chars
2026-01-20 18:09:42 | edumind.text_chunker | DEBUG    | text_chunker.py:95 | Created chunk 8: 47 chars
2026-01-20 18:09:42 | edumind.text_chunker | DEBUG    | text_chunker.py:95 | Created chunk 9: 46 chars
2026-01-20 18:09:42 | edumind.text_chunker | DEBUG    | text_chunker.py:95 | Created chunk 10: 44 chars
2026-01-20 18:09:42 | edumind.text_chunker | DEBUG    | text_chunker.py:95 | Created chunk 11: 49 chars
2026-01-20 18:09:42 | edumind.text_chunker | DEBUG    | text_chunker.py:95 | Created chunk 12: 48 chars
2026-01-20 18:09:42 | edumind.text_chunker | DEBUG    | text_chunker.py:95 | Created chunk 13: 47 chars
2026-01-20 18:09:42 | edumind.text_chunker | DEBUG    | text_chunker.py:95 | Created chunk 14: 46 chars
2026-01-20 18:09:42 | edumind.text_chunker | DEBUG    | text_chunker.py:95 | Created chunk 15: 44 chars
2026-01-20 18:09:42 | edumind.text_chunker | DEBUG    | text_chunker.py:95 | Created chunk 16: 49 chars
2026-01-20 18:09:42 | edumind.text_chunker | DEBUG    | text_chunker.py:95 | Created chunk 17: 48 chars
2026-01-20 18:09:42 | edumind.text_chunker | DEBUG    | text_chunker.py:95 | Created chunk 18: 47 chars
2026-01-20 18:09:42 | edumind.text_chunker | DEBUG    | text_chunker.py:95 | Created chunk 19: 46 chars
2026-01-20 18:09:42 | edumind.text_chunker | DEBUG    | text_chunker.py:95 | Created chunk 20: 44 chars
2026-01-20 18:09:42 | edumind.text_chunker | DEBUG    | text_chunker.py:95 | Created chunk 21: 49 chars
2026-01-20 18:09:42 | edumind.text_chunker | DEBUG    | text_chunker.py:95 | Created chunk 22: 48 chars
2026-01-20 18:09:42 | edumind.text_chunker | DEBUG    | text_chunker.py:95 | Created chunk 23: 47 chars
2026-01-20 18:09:42 | edumind.text_chunker | DEBUG    | text_chunker.py:95 | Created chunk 24: 46 chars
2026-01-20 18:09:42 | edumind.text_chunker | DEBUG    | text_chunker.py:95 | Created chunk 25: 44 chars
2026-01-20 18:09:42 | edumind.text_chunker | DEBUG    | text_chunker.py:95 | Created chunk 26: 49 chars
2026-01-20 18:09:42 | edumind.text_chunker | DEBUG    | text_chunker.py:95 | Created chunk 27: 48 chars
2026-01-20 18:09:42 | edumind.text_chunker | DEBUG    | text_chunker.py:95 | Created chunk 28: 47 chars
2026-01-20 18:09:42 | edumind.text_chunker | DEBUG    | text_chunker.py:95 | Created chunk 29: 46 chars
2026-01-20 18:09:42 | edumind.text_chunker | DEBUG    | text_chunker.py:95 | Created chunk 30: 44 chars
2026-01-20 18:09:42 | edumind.text_chunker | DEBUG    | text_chunker.py:95 | Created chunk 31: 49 chars
2026-01-20 18:09:42 | edumind.text_chunker | DEBUG    | text_chunker.py:95 | Created chunk 32: 48 chars
2026-01-20 18:09:42 | edumind.text_chunker | DEBUG    | text_chunker.py:95 | Created chunk 33: 47 chars
2026-01-20 18:09:42 | edumind.text_chunker | DEBUG    | text_chunker.py:95 | Created chunk 34: 46 chars
2026-01-20 18:09:42 | edumind.text_chunker | DEBUG    | text_chunker.py:95 | Created chunk 35: 44 chars
2026-01-20 18:09:42 | edumind.text_chunker | DEBUG    | text_chunker.py:95 | Created chunk 36: 49 chars
2026-01-20 18:09:42 | edumind.text_chunker | DEBUG    | text_chunker.py:95 | Created chunk 37: 48 chars
2026-01-20 18:09:42 | edumind.text_chunker | DEBUG    | text_chunker.py:95 | Created chunk 38: 47 chars
2026-01-20 18:09:42 | edumind.text_chunker | DEBUG    | text_chunker.py:95 | Created chunk 39: 46 chars
2026-01-20 18:09:42 | edumind.text_chunker | DEBUG    | text_chunker.py:95 | Created chunk 40: 44 chars
2026-01-20 18:09:42 | edumind.text_chunker | DEBUG    | text_chunker.py:95 | Created chunk 41: 49 chars
2026-01-20 18:09:42 | edumind.text_chunker | DEBUG    | text_chunker.py:95 | Created chunk 42: 48 chars
2026-01-20 18:09:42 | edumind.text_chunker | DEBUG    | text_chunker.py:95 | Created chunk 43: 47 chars
2026-01-20 18:09:42 | edumind.text_chunker | DEBUG    | text_chunker.py:95 | Created chunk 44: 46 chars
2026-01-20 18:09:42 | edumind.text_chunker | DEBUG    | text_chunker.py:95 | Created chunk 45: 44 chars
2026-01-20 18:09:42 | edumind.text_chunker | DEBUG    | text_chunker.py:95 | Created chunk 46: 49 chars
2026-01-20 18:09:42 | edumind.text_chunker | DEBUG    | text_chunker.py:95 | Created chunk 47: 48 chars
2026-01-20 18:09:42 | edumind.text_chunker | DEBUG    | text_chunker.py:95 | Created chunk 48: 47 chars
2026-01-20 18:09:42 | edumind.text_chunker | DEBUG    | text_chunker.py:95 | Created chunk 49: 46 chars
2026-01-20 18:09:42 | edumind.text_chunker | DEBUG    | text_chunker.py:95 | Created chunk 50: 44 chars
2026-01-20 18:09:42 | edumind.text_chunker | DEBUG    | text_chunker.py:95 | Created chunk 51: 49 chars
2026-01-20 18:09:42 | edumind.text_chunker | DEBUG    | text_chunker.py:95 | Created chunk 52: 48 chars
2026-01-20 18:09:42 | edumind.text_chunker | DEBUG    | text_chunker.py:95 | Created chunk 53: 47 chars
2026-01-20 18:09:42 | edumind.text_chunker | DEBUG    | text_chunker.py:95 | Created chunk 54: 46 chars
2026-01-20 18:09:42 | edumind.text_chunker | DEBUG    | text_chunker.py:95 | Created chunk 55: 44 chars
2026-01-20 18:09:42 | edumind.text_chunker | DEBUG    | text_chunker.py:95 | Created chunk 56: 49 chars
2026-01-20 18:09:42 | edumind.text_chunker | DEBUG    | text_chunker.py:95 | Created chunk 57: 48 chars
2026-01-20 18:09:42 | edumind.text_chunker | DEBUG    | text_chunker.py:95 | Created chunk 58: 47 chars
2026-01-20 18:09:42 | edumind.text_chunker | DEBUG    | text_chunker.py:95 | Created chunk 59: 46 chars
2026-01-20 18:09:42 | edumind.text_chunker | DEBUG    | text_chunker.py:95 | Created chunk 60: 44 chars
2026-01-20 18:09:42 | edumind.text_chunker | DEBUG    | text_chunker.py:95 | Created chunk 61: 49 chars
2026-01-20 18:09:42 | edumind.text_chunker | DEBUG    | text_chunker.py:95 | Created chunk 62: 48 chars
2026-01-20 18:09:42 | edumind.text_chunker | DEBUG    | text_chunker.py:95 | Created chunk 63: 47 chars
2026-01-20 18:09:42 | edumind.text_chunker | DEBUG    | text_chunker.py:95 | Created chunk 64: 46 chars
2026-01-20 18:09:42 | edumind.text_chunker | DEBUG    | text_chunker.py:95 | Created chunk 65: 44 chars
2026-01-20 18:09:42 | edumind.text_chunker | DEBUG    | text_chunker.py:95 | Created chunk 66: 49 chars
2026-01-20 18:09:42 | edumind.text_chunker | DEBUG    | text_chunker.py:95 | Created chunk 67: 48 chars
2026-01-20 18:09:42 | edumind.text_chunker | DEBUG    | text_chunker.py:95 | Created chunk 68: 47 chars
2026-01-20 18:09:42 | edumind.text_chunker | DEBUG    | text_chunker.py:95 | Created chunk 69: 46 chars
2026-01-20 18:09:42 | edumind.text_chunker | DEBUG    | text_chunker.py:95 | Created chunk 70: 44 chars
2026-01-20 18:09:42 | edumind.text_chunker | DEBUG    | text_chunker.py:95 | Created chunk 71: 49 chars
2026-01-20 18:09:42 | edumind.text_chunker | DEBUG    | text_chunker.py:95 | Created chunk 72: 48 chars
2026-01-20 18:09:42 | edumind.text_chunker | DEBUG    | text_chunker.py:95 | Created chunk 73: 47 chars
2026-01-20 18:09:42 | edumind.text_chunker | DEBUG    | text_chunker.py:95 | Created chunk 74: 46 chars
2026-01-20 18:09:42 | edumind.text_chunker | DEBUG    | text_chunker.py:95 | Created chunk 75: 44 chars
2026-01-20 18:09:42 | edumind.text_chunker | DEBUG    | text_chunker.py:95 | Created chunk 76: 49 chars
2026-01-20 18:09:42 | edumind.text_chunker | DEBUG    | text_chunker.py:95 | Created chunk 77: 48 chars
2026-01-20 18:09:42 | edumind.text_chunker | DEBUG    | text_chunker.py:95 | Created chunk 78: 47 chars
2026-01-20 18:09:42 | edumind.text_chunker | DEBUG    | text_chunker.py:95 | Created chunk 79: 46 chars
2026-01-20 18:09:42 | edumind.text_chunker | DEBUG    | text_chunker.py:95 | Created chunk 80: 44 chars
2026-01-20 18:09:42 | edumind.text_chunker | DEBUG    | text_chunker.py:95 | Created chunk 81: 49 chars
2026-01-20 18:09:42 | edumind.text_chunker | DEBUG    | text_chunker.py:95 | Created chunk 82: 48 chars
2026-01-20 18:09:42 | edumind.text_chunker | DEBUG    | text_chunker.py:95 | Created chunk 83: 47 chars
2026-01-20 18:09:42 | edumind.text_chunker | DEBUG    | text_chunker.py:95 | Created chunk 84: 46 chars
2026-01-20 18:09:42 | edumind.text_chunker | DEBUG    | text_chunker.py:95 | Created chunk 85: 44 chars
2026-01-20 18:09:42 | edumind.text_chunker | DEBUG    | text_chunker.py:95 | Created chunk 86: 49 chars
2026-01-20 18:09:42 | edumind.text_chunker | DEBUG    | text_chunker.py:95 | Created chunk 87: 48 chars
2026-01-20 18:09:42 | edumind.text_chunker | DEBUG    | text_chunker.py:95 | Created chunk 88: 47 chars
2026-01-20 18:09:42 | edumind.text_chunker | DEBUG    | text_chunker.py:95 | Created chunk 89: 46 chars
2026-01-20 18:09:42 | edumind.text_chunker | DEBUG    | text_chunker.py:95 | Created chunk 90: 44 chars
2026-01-20 18:09:42 | edumind.text_chunker | DEBUG    | text_chunker.py:95 | Created chunk 91: 49 chars
2026-01-20 18:09:42 | edumind.text_chunker | DEBUG    | text_chunker.py:95 | Created chunk 92: 48 chars
2026-01-20 18:09:42 | edumind.text_chunker | DEBUG    | text_chunker.py:95 | Created chunk 93: 47 chars
2026-01-20 18:09:42 | edumind.text_chunker | DEBUG    | text_chunker.py:95 | Created chunk 94: 46 chars
2026-01-20 18:09:42 | edumind.text_chunker | DEBUG    | text_chunker.py:95 | Created chunk 95: 44 chars
2026-01-20 18:09:42 | edumind.text_chunker | DEBUG    | text_chunker.py:95 | Created chunk 96: 49 chars
2026-01-20 18:09:42 | edumind.text_chunker | DEBUG    | text_chunker.py:95 | Created chunk 97: 48 chars
2026-01-20 18:09:42 | edumind.text_chunker | DEBUG    | text_chunker.py:95 | Created chunk 98: 47 chars
2026-01-20 18:09:42 | edumind.text_chunker | DEBUG    | text_chunker.py:95 | Created chunk 99: 46 chars
2026-01-20 18:09:42 | edumind.text_chunker | DEBUG    | text_chunker.py:95 | Created chunk 100: 44 chars
2026-01-20 18:09:42 | edumind.text_chunker | DEBUG    | text_chunker.py:95 | Created chunk 101: 49 chars
2026-01-20 18:09:42 | edumind.text_chunker | DEBUG    | text_chunker.py:95 | Created chunk 102: 48 chars
2026-01-20 18:09:42 | edumind.text_chunker | DEBUG    | text_chunker.py:95 | Created chunk 103: 47 chars
2026-01-20 18:09:42 | edumind.text_chunker | DEBUG    | text_chunker.py:95 | Created chunk 104: 46 chars
2026-01-20 18:09:42 | edumind.text_chunker | DEBUG    | text_chunker.py:95 | Created chunk 105: 44 chars
2026-01-20 18:09:42 | edumind.text_chunker | DEBUG    | text_chunker.py:95 | Created chunk 106: 49 chars
2026-01-20 18:09:42 | edumind.text_chunker | DEBUG    | text_chunker.py:95 | Created chunk 107: 48 chars
2026-01-20 18:09:42 | edumind.text_chunker | DEBUG    | text_chunker.py:95 | Created chunk 108: 47 chars
2026-01-20 18:09:42 | edumind.text_chunker | DEBUG    | text_chunker.py:95 | Created chunk 109: 46 chars
2026-01-20 18:09:42 | edumind.text_chunker | DEBUG    | text_chunker.py:95 | Created chunk 110: 44 chars
2026-01-20 18:09:42 | edumind.text_chunker | DEBUG    | text_chunker.py:95 | Created chunk 111: 49 chars
2026-01-20 18:09:42 | edumind.text_chunker | DEBUG    | text_chunker.py:95 | Created chunk 112: 48 chars
2026-01-20 18:09:42 | edumind.text_chunker | DEBUG    | text_chunker.py:95 | Created chunk 113: 47 chars
2026-01-20 18:09:42 | edumind.text_chunker | DEBUG    | text_chunker.py:95 | Created chunk 114: 46 chars
2026-01-20 18:09:42 | edumind.text_chunker | DEBUG    | text_chunker.py:95 | Created chunk 115: 44 chars
2026-01-20 18:09:42 | edumind.text_chunker | DEBUG    | text_chunker.py:95 | Created chunk 116: 49 chars
2026-01-20 18:09:42 | edumind.text_chunker | DEBUG    | text_chunker.py:95 | Created chunk 117: 48 chars
2026-01-20 18:09:42 | edumind.text_chunker | DEBUG    | text_chunker.py:95 | Created chunk 118: 47 chars
2026-01-20 18:09:42 | edumind.text_chunker | DEBUG    | text_chunker.py:95 | Created chunk 119: 46 chars
2026-01-20 18:09:42 | edumind.text_chunker | DEBUG    | text_chunker.py:95 | Created chunk 120: 44 chars
2026-01-20 18:09:42 | edumind.text_chunker | DEBUG    | text_chunker.py:95 | Created chunk 121: 49 chars
2026-01-20 18:09:42 | edumind.text_chunker | DEBUG    | text_chunker.py:95 | Created chunk 122: 48 chars
2026-01-20 18:09:42 | edumind.text_chunker | DEBUG    | text_chunker.py:95 | Created chunk 123: 47 chars
2026-01-20 18:09:42 | edumind.text_chunker | DEBUG    | text_chunker.py:95 | Created chunk 124: 46 chars
2026-01-20 18:09:42 | edumind.text_chunker | DEBUG    | text_chunker.py:95 | Created chunk 125: 44 chars
2026-01-20 18:09:42 | edumind.text_chunker | DEBUG    | text_chunker.py:95 | Created chunk 126: 49 chars
2026-01-20 18:09:42 | edumind.text_chunker | DEBUG    | text_chunker.py:95 | Created chunk 127: 48 chars
2026-01-20 18:09:42 | edumind.text_chunker | DEBUG    | text_chunker.py:95 | Created chunk 128: 47 chars
2026-01-20 18:09:42 | edumind.text_chunker | DEBUG    | text_chunker.py:95 | Created chunk 129: 46 chars
2026-01-20 18:09:42 | edumind.text_chunker | DEBUG    | text_chunker.py:95 | Created chunk 130: 44 chars
2026-01-20 18:09:42 | edumind.text_chunker | DEBUG    | text_chunker.py:95 | Created chunk 131: 49 chars
2026-01-20 18:09:42 | edumind.text_chunker | DEBUG    | text_chunker.py:95 | Created chunk 132: 48 chars
2026-01-20 18:09:42 | edumind.text_chunker | DEBUG    | text_chunker.py:95 | Created chunk 133: 47 chars
2026-01-20 18:09:42 | edumind.text_chunker | DEBUG    | text_chunker.py:95 | Created chunk 134: 46 chars
2026-01-20 18:09:42 | edumind.text_chunker | DEBUG    | text_chunker.py:95 | Created chunk 135: 44 chars
2026-01-20 18:09:42 | edumind.text_chunker | DEBUG    | text_chunker.py:95 | Created chunk 136: 49 chars
2026-01-20 18:09:42 | edumind.text_chunker | DEBUG    | text_chunker.py:95 | Created chunk 137: 48 chars
2026-01-20 18:09:42 | edumind.text_chunker | DEBUG    | text_chunker.py:95 | Created chunk 138: 47 chars
2026-01-20 18:09:42 | edumind.text_chunker | DEBUG    | text_chunker.py:95 | Created chunk 139: 46 chars
2026-01-20 18:09:42 | edumind.text_chunker | DEBUG    | text_chunker.py:95 | Created chunk 140: 44 chars
2026-01-20 18:09:42 | edumind.text_chunker | DEBUG    | text_chunker.py:95 | Created chunk 141: 49 chars
2026-01-20 18:09:42 | edumind.text_chunker | DEBUG    | text_chunker.py:95 | Created chunk 142: 48 chars
2026-01-20 18:09:42 | edumind.text_chunker | DEBUG    | text_chunker.py:95 | Created chunk 143: 47 chars
2026-01-20 18:09:42 | edumind.text_chunker | DEBUG    | text_chunker.py:95 | Created chunk 144: 46 chars
2026-01-20 18:09:42 | edumind.text_chunker | DEBUG    | text_chunker.py:95 | Created chunk 145: 44 chars
2026-01-20 18:09:42 | edumind.text_chunker | DEBUG    | text_chunker.py:95 | Created chunk 146: 49 chars
2026-01-20 18:09:42 | edumind.text_chunker | DEBUG    | text_chunker.py:95 | Created chunk 147: 48 chars
2026-01-20 18:09:42 | edumind.text_chunker | DEBUG    | text_chunker.py:95 | Created chunk 148: 47 chars
2026-01-20 18:09:42 | edumind.text_chunker | DEBUG    | text_chunker.py:95 | Created chunk 149: 46 chars
2026-01-20 18:09:42 | edumind.text_chunker | DEBUG    | text_chunker.py:95 | Created chunk 150: 44 chars
2026-01-20 18:09:42 | edumind.text_chunker | DEBUG    | text_chunker.py:95 | Created chunk 151: 49 chars
2026-01-20 18:09:42 | edumind.text_chunker | DEBUG    | text_chunker.py:95 | Created chunk 152: 48 chars
2026-01-20 18:09:42 | edumind.text_chunker | DEBUG    | text_chunker.py:95 | Created chunk 153: 47 chars
2026-01-20 18:09:42 | edumind.text_chunker | DEBUG    | text_chunker.py:95 | Created chunk 154: 46 chars
2026-01-20 18:09:42 | edumind.text_chunker | DEBUG    | text_chunker.py:95 | Created chunk 155: 44 chars
2026-01-20 18:09:42 | edumind.text_chunker | DEBUG    | text_chunker.py:95 | Created chunk 156: 49 chars
2026-01-20 18:09:42 | edumind.text_chunker | DEBUG    | text_chunker.py:95 | Created chunk 157: 48 chars
2026-01-20 18:09:42 | edumind.text_chunker | DEBUG    | text_chunker.py:95 | Created chunk 158: 47 chars
2026-01-20 18:09:42 | edumind.text_chunker | DEBUG    | text_chunker.py:95 | Created chunk 159: 46 chars
2026-01-20 18:09:42 | edumind.text_chunker | DEBUG    | text_chunker.py:95 | Created chunk 160: 44 chars
2026-01-20 18:09:42 | edumind.text_chunker | DEBUG    | text_chunker.py:95 | Created chunk 161: 49 chars
2026-01-20 18:09:42 | edumind.text_chunker | DEBUG    | text_chunker.py:95 | Created chunk 162: 48 chars
2026-01-20 18:09:42 | edumind.text_chunker | DEBUG    | text_chunker.py:95 | Created chunk 163: 47 chars
2026-01-20 18:09:42 | edumind.text_chunker | DEBUG    | text_chunker.py:95 | Created chunk 164: 46 chars
2026-01-20 18:09:42 | edumind.text_chunker | DEBUG    | text_chunker.py:95 | Created chunk 165: 44 chars
2026-01-20 18:09:42 | edumind.text_chunker | DEBUG    | text_chunker.py:95 | Created chunk 166: 49 chars
2026-01-20 18:09:42 | edumind.text_chunker | DEBUG    | text_chunker.py:95 | Created chunk 167: 48 chars
2026-01-20 18:09:42 | edumind.text_chunker | DEBUG    | text_chunker.py:95 | Created chunk 168: 47 chars
2026-01-20 18:09:42 | edumind.text_chunker | DEBUG    | text_chunker.py:95 | Created chunk 169: 46 chars
2026-01-20 18:09:42 | edumind.text_chunker | DEBUG    | text_chunker.py:95 | Created chunk 170: 44 chars
2026-01-20 18:09:42 | edumind.text_chunker | DEBUG    | text_chunker.py:95 | Created chunk 171: 49 chars
2026-01-20 18:09:42 | edumind.text_chunker | DEBUG    | text_chunker.py:95 | Created chunk 172: 48 chars
2026-01-20 18:09:42 | edumind.text_chunker | DEBUG    | text_chunker.py:95 | Created chunk 173: 47 chars
2026-01-20 18:09:42 | edumind.text_chunker | DEBUG    | text_chunker.py:95 | Created chunk 174: 46 chars
2026-01-20 18:09:42 | edumind.text_chunker | DEBUG    | text_chunker.py:95 | Created chunk 175: 44 chars
2026-01-20 18:09:42 | edumind.text_chunker | DEBUG    | text_chunker.py:95 | Created chunk 176: 49 chars
2026-01-20 18:09:42 | edumind.text_chunker | DEBUG    | text_chunker.py:95 | Created chunk 177: 48 chars
2026-01-20 18:09:42 | edumind.text_chunker | DEBUG    | text_chunker.py:95 | Created chunk 178: 47 chars
2026-01-20 18:09:42 | edumind.text_chunker | DEBUG    | text_chunker.py:95 | Created chunk 179: 46 chars
2026-01-20 18:09:42 | edumind.text_chunker | DEBUG    | text_chunker.py:95 | Created chunk 180: 44 chars
2026-01-20 18:09:42 | edumind.text_chunker | DEBUG    | text_chunker.py:95 | Created chunk 181: 49 chars
2026-01-20 18:09:42 | edumind.text_chunker | DEBUG    | text_chunker.py:95 | Created chunk 182: 48 chars
2026-01-20 18:09:42 | edumind.text_chunker | DEBUG    | text_chunker.py:95 | Created chunk 183: 47 chars
2026-01-20 18:09:42 | edumind.text_chunker | DEBUG    | text_chunker.py:95 | Created chunk 184: 46 chars
2026-01-20 18:09:42 | edumind.text_chunker | DEBUG    | text_chunker.py:95 | Created chunk 185: 44 chars
2026-01-20 18:09:42 | edumind.text_chunker | DEBUG    | text_chunker.py:95 | Created chunk 186: 49 chars
2026-01-20 18:09:42 | edumind.text_chunker | DEBUG    | text_chunker.py:95 | Created chunk 187: 48 chars
2026-01-20 18:09:42 | edumind.text_chunker | DEBUG    | text_chunker.py:95 | Created chunk 188: 47 chars
2026-01-20 18:09:42 | edumind.text_chunker | DEBUG    | text_chunker.py:95 | Created chunk 189: 46 chars
2026-01-20 18:09:42 | edumind.text_chunker | DEBUG    | text_chunker.py:95 | Created chunk 190: 44 chars
2026-01-20 18:09:42 | edumind.text_chunker | DEBUG    | text_chunker.py:95 | Created chunk 191: 49 chars
2026-01-20 18:09:42 | edumind.text_chunker | DEBUG    | text_chunker.py:95 | Created chunk 192: 48 chars
2026-01-20 18:09:42 | edumind.text_chunker | DEBUG    | text_chunker.py:95 | Created chunk 193: 47 chars
2026-01-20 18:09:42 | edumind.text_chunker | DEBUG    | text_chunker.py:95 | Created chunk 194: 46 chars
2026-01-20 18:09:42 | edumind.text_chunker | DEBUG    | text_chunker.py:95 | Created chunk 195: 44 chars
2026-01-20 18:09:42 | edumind.text_chunker | DEBUG    | text_chunker.py:95 | Created chunk 196: 49 chars
2026-01-20 18:09:42 | edumind.text_chunker | DEBUG    | text_chunker.py:95 | Created chunk 197: 48 chars
2026-01-20 18:09:42 | edumind.text_chunker | DEBUG    | text_chunker.py:95 | Created chunk 198: 47 chars
2026-01-20 18:09:42 | edumind.text_chunker | DEBUG    | text_chunker.py:95 | Created chunk 199: 46 chars
2026-01-20 18:09:42 | edumind.text_chunker | DEBUG    | text_chunker.py:95 | Created chunk 200: 44 chars
2026-01-20 18:09:42 | edumind.text_chunker | DEBUG    | text_chunker.py:95 | Created chunk 201: 49 chars
2026-01-20 18:09:42 | edumind.text_chunker | DEBUG    | text_chunker.py:95 | Created chunk 202: 48 chars
2026-01-20 18:09:42 | edumind.text_chunker | DEBUG    | text_chunker.py:95 | Created chunk 203: 47 chars
2026-01-20 18:09:42 | edumind.text_chunker | DEBUG    | text_chunker.py:95 | Created chunk 204: 46 chars
2026-01-20 18:09:42 | edumind.text_chunker | DEBUG    | text_chunker.py:95 | Created chunk 205: 44 chars
2026-01-20 18:09:42 | edumind.text_chunker | DEBUG    | text_chunker.py:95 | Created chunk 206: 49 chars
2026-01-20 18:09:42 | edumind.text_chunker | DEBUG    | text_chunker.py:95 | Created chunk 207: 48 chars
2026-01-20 18:09:42 | edumind.text_chunker | DEBUG    | text_chunker.py:95 | Created chunk 208: 47 chars
2026-01-20 18:09:42 | edumind.text_chunker | DEBUG    | text_chunker.py:95 | Created chunk 209: 46 chars
2026-01-20 18:09:42 | edumind.text_chunker | DEBUG    | text_chunker.py:95 | Created chunk 210: 44 chars
2026-01-20 18:09:42 | edumind.text_chunker | DEBUG    | text_chunker.py:95 | Created chunk 211: 49 chars
2026-01-20 18:09:42 | edumind.text_chunker | DEBUG    | text_chunker.py:95 | Created chunk 212: 48 chars
2026-01-20 18:09:42 | edumind.text_chunker | DEBUG    | text_chunker.py:95 | Created chunk 213: 47 chars
2026-01-20 18:09:42 | edumind.text_chunker | DEBUG    | text_chunker.py:95 | Created chunk 214: 46 chars
2026-01-20 18:09:42 | edumind.text_chunker | DEBUG    | text_chunker.py:95 | Created chunk 215: 44 chars
2026-01-20 18:09:42 | edumind.text_chunker | DEBUG    | text_chunker.py:95 | Created chunk 216: 49 chars
2026-01-20 18:09:42 | edumind.text_chunker | DEBUG    | text_chunker.py:95 | Created chunk 217: 48 chars
2026-01-20 18:09:42 | edumind.text_chunker | DEBUG    | text_chunker.py:95 | Created chunk 218: 47 chars
2026-01-20 18:09:42 | edumind.text_chunker | DEBUG    | text_chunker.py:95 | Created chunk 219: 46 chars
2026-01-20 18:09:42 | edumind.text_chunker | DEBUG    | text_chunker.py:95 | Created chunk 220: 44 chars
2026-01-20 18:09:42 | edumind.text_chunker | DEBUG    | text_chunker.py:95 | Created chunk 221: 49 chars
2026-01-20 18:09:42 | edumind.text_chunker | DEBUG    | text_chunker.py:95 | Created chunk 222: 48 chars
2026-01-20 18:09:42 | edumind.text_chunker | DEBUG    | text_chunker.py:95 | Created chunk 223: 47 chars
2026-01-20 18:09:42 | edumind.text_chunker | DEBUG    | text_chunker.py:95 | Created chunk 224: 46 chars
2026-01-20 18:09:42 | edumind.text_chunker | DEBUG    | text_chunker.py:95 | Created chunk 225: 44 chars
2026-01-20 18:09:42 | edumind.text_chunker | DEBUG    | text_chunker.py:95 | Created chunk 226: 49 chars
2026-01-20 18:09:42 | edumind.text_chunker | DEBUG    | text_chunker.py:95 | Created chunk 227: 48 chars
2026-01-20 18:09:42 | edumind.text_chunker | DEBUG    | text_chunker.py:95 | Created chunk 228: 47 chars
2026-01-20 18:09:42 | edumind.text_chunker | DEBUG    | text_chunker.py:95 | Created chunk 229: 46 chars
2026-01-20 18:09:42 | edumind.text_chunker | DEBUG    | text_chunker.py:95 | Created chunk 230: 44 chars
2026-01-20 18:09:42 | edumind.text_chunker | DEBUG    | text_chunker.py:95 | Created chunk 231: 49 chars
2026-01-20 18:09:42 | edumind.text_chunker | DEBUG    | text_chunker.py:95 | Created chunk 232: 48 chars
2026-01-20 18:09:42 | edumind.text_chunker | DEBUG    | text_chunker.py:95 | Created chunk 233: 47 chars
2026-01-20 18:09:42 | edumind.text_chunker | DEBUG    | text_chunker.py:95 | Created chunk 234: 46 chars
2026-01-20 18:09:42 | edumind.text_chunker | DEBUG    | text_chunker.py:95 | Created chunk 235: 44 chars
2026-01-20 18:09:42 | edumind.text_chunker | DEBUG    | text_chunker.py:95 | Created chunk 236: 49 chars
2026-01-20 18:09:42 | edumind.text_chunker | DEBUG    | text_chunker.py:95 | Created chunk 237: 48 chars
2026-01-20 18:09:42 | edumind.text_chunker | DEBUG    | text_chunker.py:95 | Created chunk 238: 47 chars
2026-01-20 18:09:42 | edumind.text_chunker | DEBUG    | text_chunker.py:95 | Created chunk 239: 46 chars
2026-01-20 18:09:42 | edumind.text_chunker | DEBUG    | text_chunker.py:95 | Created chunk 240: 44 chars
2026-01-20 18:09:42 | edumind.text_chunker | DEBUG    | text_chunker.py:95 | Created chunk 241: 49 chars
2026-01-20 18:09:42 | edumind.text_chunker | DEBUG    | text_chunker.py:95 | Created chunk 242: 48 chars
2026-01-20 18:09:42 | edumind.text_chunker | DEBUG    | text_chunker.py:95 | Created chunk 243: 47 chars
2026-01-20 18:09:42 | edumind.text_chunker | DEBUG    | text_chunker.py:95 | Created chunk 244: 46 chars
2026-01-20 18:09:42 | edumind.text_chunker | DEBUG    | text_chunker.py:95 | Created chunk 245: 44 chars
2026-01-20 18:09:42 | edumind.text_chunker | DEBUG    | text_chunker.py:95 | Created chunk 246: 49 chars
2026-01-20 18:09:42 | edumind.text_chunker | DEBUG    | text_chunker.py:95 | Created chunk 247: 48 chars
2026-01-20 18:09:42 | edumind.text_chunker | DEBUG    | text_chunker.py:95 | Created chunk 248: 47 chars
2026-01-20 18:09:42 | edumind.text_chunker | DEBUG    | text_chunker.py:95 | Created chunk 249: 46 chars
2026-01-20 18:09:42 | edumind.text_chunker | DEBUG    | text_chunker.py:95 | Created chunk 250: 44 chars
2026-01-20 18:09:42 | edumind.text_chunker | DEBUG    | text_chunker.py:95 | Created chunk 251: 49 chars
2026-01-20 18:09:42 | edumind.text_chunker | DEBUG    | text_chunker.py:95 | Created chunk 252: 48 chars
2026-01-20 18:09:42 | edumind.text_chunker | DEBUG    | text_chunker.py:95 | Created chunk 253: 47 chars
2026-01-20 18:09:42 | edumind.text_chunker | DEBUG    | text_chunker.py:95 | Created chunk 254: 46 chars
2026-01-20 18:09:42 | edumind.text_chunker | DEBUG    | text_chunker.py:95 | Created chunk 255: 44 chars
2026-01-20 18:09:42 | edumind.text_chunker | DEBUG    | text_chunker.py:95 | Created chunk 256: 49 chars
2026-01-20 18:09:42 | edumind.text_chunker | DEBUG    | text_chunker.py:95 | Created chunk 257: 48 chars
2026-01-20 18:09:42 | edumind.text_chunker | DEBUG    | text_chunker.py:95 | Created chunk 258: 47 chars
2026-01-20 18:09:42 | edumind.text_chunker | DEBUG    | text_chunker.py:95 | Created chunk 259: 46 chars
2026-01-20 18:09:42 | edumind.text_chunker | DEBUG    | text_chunker.py:95 | Created chunk 260: 44 chars
2026-01-20 18:09:42 | edumind.text_chunker | DEBUG    | text_chunker.py:95 | Created chunk 261: 49 chars
2026-01-20 18:09:42 | edumind.text_chunker | DEBUG    | text_chunker.py:95 | Created chunk 262: 48 chars
2026-01-20 18:09:42 | edumind.text_chunker | DEBUG    | text_chunker.py:95 | Created chunk 263: 47 chars
2026-01-20 18:09:42 | edumind.text_chunker | DEBUG    | text_chunker.py:95 | Created chunk 264: 46 chars
2026-01-20 18:09:42 | edumind.text_chunker | DEBUG    | text_chunker.py:95 | Created chunk 265: 44 chars
2026-01-20 18:09:42 | edumind.text_chunker | DEBUG    | text_chunker.py:95 | Created chunk 266: 49 chars
2026-01-20 18:09:42 | edumind.text_chunker | DEBUG    | text_chunker.py:95 | Created chunk 267: 48 chars
2026-01-20 18:09:42 | edumind.text_chunker | DEBUG    | text_chunker.py:95 | Created chunk 268: 47 chars
2026-01-20 18:09:42 | edumind.text_chunker | DEBUG    | text_chunker.py:95 | Created chunk 269: 46 chars
2026-01-20 18:09:42 | edumind.text_chunker | DEBUG    | text_chunker.py:95 | Created chunk 270: 44 chars
2026-01-20 18:09:42 | edumind.text_chunker | DEBUG    | text_chunker.py:95 | Created chunk 271: 49 chars
2026-01-20 18:09:42 | edumind.text_chunker | DEBUG    | text_chunker.py:95 | Created chunk 272: 48 chars
2026-01-20 18:09:42 | edumind.text_chunker | DEBUG    | text_chunker.py:95 | Created chunk 273: 47 chars
2026-01-20 18:09:42 | edumind.text_chunker | DEBUG    | text_chunker.py:95 | Created chunk 274: 46 chars
2026-01-20 18:09:42 | edumind.text_chunker | DEBUG    | text_chunker.py:95 | Created chunk 275: 44 chars
2026-01-20 18:09:42 | edumind.text_chunker | DEBUG    | text_chunker.py:95 | Created chunk 276: 49 chars
2026-01-20 18:09:42 | edumind.text_chunker | DEBUG    | text_chunker.py:95 | Created chunk 277: 48 chars
2026-01-20 18:09:42 | edumind.text_chunker | DEBUG    | text_chunker.py:95 | Created chunk 278: 47 chars
2026-01-20 18:09:42 | edumind.text_chunker | DEBUG    | text_chunker.py:95 | Created chunk 279: 46 chars
2026-01-20 18:09:42 | edumind.text_chunker | DEBUG    | text_chunker.py:95 | Created chunk 280: 44 chars
2026-01-20 18:09:42 | edumind.text_chunker | DEBUG    | text_chunker.py:95 | Created chunk 281: 49 chars
2026-01-20 18:09:42 | edumind.text_chunker | DEBUG    | text_chunker.py:95 | Created chunk 282: 48 chars
2026-01-20 18:09:42 | edumind.text_chunker | DEBUG    | text_chunker.py:95 | Created chunk 283: 47 chars
2026-01-20 18:09:42 | edumind.text_chunker | DEBUG    | text_chunker.py:95 | Created chunk 284: 46 chars
2026-01-20 18:09:42 | edumind.text_chunker | DEBUG    | text_chunker.py:95 | Created chunk 285: 44 chars
2026-01-20 18:09:42 | edumind.text_chunker | DEBUG    | text_chunker.py:95 | Created chunk 286: 49 chars
2026-01-20 18:09:42 | edumind.text_chunker | DEBUG    | text_chunker.py:95 | Created chunk 287: 48 chars
2026-01-20 18:09:42 | edumind.text_chunker | DEBUG    | text_chunker.py:95 | Created chunk 288: 47 chars
2026-01-20 18:09:42 | edumind.text_chunker | DEBUG    | text_chunker.py:95 | Created chunk 289: 46 chars
2026-01-20 18:09:42 | edumind.text_chunker | DEBUG    | text_chunker.py:95 | Created chunk 290: 44 chars
2026-01-20 18:09:42 | edumind.text_chunker | DEBUG    | text_chunker.py:95 | Created chunk 291: 49 chars
2026-01-20 18:09:42 | edumind.text_chunker | DEBUG    | text_chunker.py:95 | Created chunk 292: 48 chars
2026-01-20 18:09:42 | edumind.text_chunker | DEBUG    | text_chunker.py:95 | Created chunk 293: 47 chars
2026-01-20 18:09:42 | edumind.text_chunker | DEBUG    | text_chunker.py:95 | Created chunk 294: 46 chars
2026-01-20 18:09:42 | edumind.text_chunker | DEBUG    | text_chunker.py:95 | Created chunk 295: 44 chars
2026-01-20 18:09:42 | edumind.text_chunker | DEBUG    | text_chunker.py:95 | Created chunk 296: 49 chars
2026-01-20 18:09:42 | edumind.text_chunker | DEBUG    | text_chunker.py:95 | Created chunk 297: 48 chars
2026-01-20 18:09:42 | edumind.text_chunker | DEBUG    | text_chunker.py:95 | Created chunk 298: 47 chars
2026-01-20 18:09:42 | edumind.text_chunker | DEBUG    | text_chunker.py:95 | Created chunk 299: 46 chars
2026-01-20 18:09:42 | edumind.text_chunker | DEBUG    | text_chunker.py:95 | Created chunk 300: 44 chars
2026-01-20 18:09:42 | edumind.text_chunker | DEBUG    | text_chunker.py:95 | Created chunk 301: 49 chars
2026-01-20 18:09:42 | edumind.text_chunker | DEBUG    | text_chunker.py:95 | Created chunk 302: 48 chars
2026-01-20 18:09:42 | edumind.text_chunker | DEBUG    | text_chunker.py:95 | Created chunk 303: 47 chars
2026-01-20 18:09:42 | edumind.text_chunker | DEBUG    | text_chunker.py:95 | Created chunk 304: 46 chars
2026-01-20 18:09:42 | edumind.text_chunker | DEBUG    | text_chunker.py:95 | Created chunk 305: 44 chars
2026-01-20 18:09:42 | edumind.text_chunker | DEBUG    | text_chunker.py:95 | Created chunk 306: 49 chars
2026-01-20 18:09:42 | edumind.text_chunker | DEBUG    | text_chunker.py:95 | Created chunk 307: 48 chars
2026-01-20 18:09:42 | edumind.text_chunker | DEBUG    | text_chunker.py:95 | Created chunk 308: 47 chars
2026-01-20 18:09:42 | edumind.text_chunker | DEBUG    | text_chunker.py:95 | Created chunk 309: 46 chars
2026-01-20 18:09:42 | edumind.text_chunker | DEBUG    | text_chunker.py:95 | Created chunk 310: 44 chars
2026-01-20 18:09:42 | edumind.text_chunker | DEBUG    | text_chunker.py:95 | Created chunk 311: 49 chars
2026-01-20 18:09:42 | edumind.text_chunker | DEBUG    | text_chunker.py:95 | Created chunk 312: 48 chars
2026-01-20 18:09:42 | edumind.text_chunker | DEBUG    | text_chunker.py:95 | Created chunk 313: 47 chars
2026-01-20 18:09:42 | edumind.text_chunker | DEBUG    | text_chunker.py:95 | Created chunk 314: 46 chars
2026-01-20 18:09:42 | edumind.text_chunker | DEBUG    | text_chunker.py:95 | Created chunk 315: 44 chars
2026-01-20 18:09:42 | edumind.text_chunker | DEBUG    | text_chunker.py:95 | Created chunk 316: 49 chars
2026-01-20 18:09:42 | edumind.text_chunker | DEBUG    | text_chunker.py:95 | Created chunk 317: 48 chars
2026-01-20 18:09:42 | edumind.text_chunker | DEBUG    | text_chunker.py:95 | Created chunk 318: 47 chars
2026-01-20 18:09:42 | edumind.text_chunker | DEBUG    | text_chunker.py:95 | Created chunk 319: 46 chars
2026-01-20 18:09:42 | edumind.text_chunker | DEBUG    | text_chunker.py:95 | Created chunk 320: 44 chars
2026-01-20 18:09:42 | edumind.text_chunker | DEBUG    | text_chunker.py:95 | Created chunk 321: 49 chars
2026-01-20 18:09:42 | edumind.text_chunker | DEBUG    | text_chunker.py:95 | Created chunk 322: 48 chars
2026-01-20 18:09:42 | edumind.text_chunker | DEBUG    | text_chunker.py:95 | Created chunk 323: 47 chars
2026-01-20 18:09:42 | edumind.text_chunker | DEBUG    | text_chunker.py:95 | Created chunk 324: 46 chars
2026-01-20 18:09:42 | edumind.text_chunker | DEBUG    | text_chunker.py:95 | Created chunk 325: 44 chars
2026-01-20 18:09:42 | edumind.text_chunker | DEBUG    | text_chunker.py:95 | Created chunk 326: 49 chars
2026-01-20 18:09:42 | edumind.text_chunker | DEBUG    | text_chunker.py:95 | Created chunk 327: 48 chars
2026-01-20 18:09:42 | edumind.text_chunker | DEBUG    | text_chunker.py:95 | Created chunk 328: 47 chars
2026-01-20 18:09:42 | edumind.text_chunker | DEBUG    | text_chunker.py:95 | Created chunk 329: 46 chars
2026-01-20 18:09:42 | edumind.text_chunker | DEBUG    | text_chunker.py:95 | Created chunk 330: 44 chars
2026-01-20 18:09:42 | edumind.text_chunker | DEBUG    | text_chunker.py:95 | Created chunk 331: 49 chars
2026-01-20 18:09:42 | edumind.text_chunker | DEBUG    | text_chunker.py:95 | Created chunk 332: 48 chars
2026-01-20 18:09:42 | edumind.text_chunker | DEBUG    | text_chunker.py:95 | Created chunk 333: 47 chars
2026-01-20 18:09:42 | edumind.text_chunker | DEBUG    | text_chunker.py:95 | Created chunk 334: 46 chars
2026-01-20 18:09:42 | edumind.text_chunker | DEBUG    | text_chunker.py:95 | Created chunk 335: 44 chars
2026-01-20 18:09:42 | edumind.text_chunker | DEBUG    | text_chunker.py:95 | Created chunk 336: 49 chars
2026-01-20 18:09:42 | edumind.text_chunker | DEBUG    | text_chunker.py:95 | Created chunk 337: 48 chars
2026-01-20 18:09:42 | edumind.text_chunker | DEBUG    | text_chunker.py:95 | Created chunk 338: 47 chars
2026-01-20 18:09:42 | edumind.text_chunker | DEBUG    | text_chunker.py:95 | Created chunk 339: 46 chars
2026-01-20 18:09:42 | edumind.text_chunker | DEBUG    | text_chunker.py:95 | Created chunk 340: 44 chars
2026-01-20 18:09:42 | edumind.text_chunker | DEBUG    | text_chunker.py:95 | Created chunk 341: 49 chars
2026-01-20 18:09:42 | edumind.text_chunker | DEBUG    | text_chunker.py:95 | Created chunk 342: 48 chars
2026-01-20 18:09:42 | edumind.text_chunker | DEBUG    | text_chunker.py:95 | Created chunk 343: 47 chars
2026-01-20 18:09:42 | edumind.text_chunker | DEBUG    | text_chunker.py:95 | Created chunk 344: 46 chars
2026-01-20 18:09:42 | edumind.text_chunker | DEBUG    | text_chunker.py:95 | Created chunk 345: 44 chars
2026-01-20 18:09:42 | edumind.text_chunker | DEBUG    | text_chunker.py:95 | Created chunk 346: 49 chars
2026-01-20 18:09:42 | edumind.text_chunker | DEBUG    | text_chunker.py:95 | Created chunk 347: 48 chars
2026-01-20 18:09:42 | edumind.text_chunker | DEBUG    | text_chunker.py:95 | Created chunk 348: 47 chars
2026-01-20 18:09:42 | edumind.text_chunker | DEBUG    | text_chunker.py:95 | Created chunk 349: 46 chars
2026-01-20 18:09:42 | edumind.text_chunker | DEBUG    | text_chunker.py:95 | Created chunk 350: 44 chars
2026-01-20 18:09:42 | edumind.text_chunker | DEBUG    | text_chunker.py:95 | Created chunk 351: 49 chars
2026-01-20 18:09:42 | edumind.text_chunker | DEBUG    | text_chunker.py:95 | Created chunk 352: 48 chars
2026-01-20 18:09:42 | edumind.text_chunker | DEBUG    | text_chunker.py:95 | Created chunk 353: 47 chars
2026-01-20 18:09:42 | edumind.text_chunker | DEBUG    | text_chunker.py:95 | Created chunk 354: 46 chars
2026-01-20 18:09:42 | edumind.text_chunker | DEBUG    | text_chunker.py:95 | Created chunk 355: 44 chars
2026-01-20 18:09:42 | edumind.text_chunker | DEBUG    | text_chunker.py:95 | Created chunk 356: 49 chars
2026-01-20 18:09:42 | edumind.text_chunker | DEBUG    | text_chunker.py:95 | Created chunk 357: 48 chars
2026-01-20 18:09:42 | edumind.text_chunker | DEBUG    | text_chunker.py:95 | Created chunk 358: 47 chars
2026-01-20 18:09:42 | edumind.text_chunker | DEBUG    | text_chunker.py:95 | Created chunk 359: 46 chars
2026-01-20 18:09:42 | edumind.text_chunker | DEBUG    | text_chunker.py:95 | Created chunk 360: 44 chars
2026-01-20 18:09:42 | edumind.text_chunker | DEBUG    | text_chunker.py:95 | Created chunk 361: 49 chars
2026-01-20 18:09:42 | edumind.text_chunker | DEBUG    | text_chunker.py:95 | Created chunk 362: 48 chars
2026-01-20 18:09:42 | edumind.text_chunker | DEBUG    | text_chunker.py:95 | Created chunk 363: 47 chars
2026-01-20 18:09:42 | edumind.text_chunker | DEBUG    | text_chunker.py:95 | Created chunk 364: 46 chars
2026-01-20 18:09:42 | edumind.text_chunker | DEBUG    | text_chunker.py:95 | Created chunk 365: 44 chars
2026-01-20 18:09:42 | edumind.text_chunker | DEBUG    | text_chunker.py:95 | Created chunk 366: 49 chars
2026-01-20 18:09:42 | edumind.text_chunker | DEBUG    | text_chunker.py:95 | Created chunk 367: 48 chars
2026-01-20 18:09:42 | edumind.text_chunker | DEBUG    | text_chunker.py:95 | Created chunk 368: 47 chars
2026-01-20 18:09:42 | edumind.text_chunker | DEBUG    | text_chunker.py:95 | Created chunk 369: 46 chars
2026-01-20 18:09:42 | edumind.text_chunker | DEBUG    | text_chunker.py:95 | Created chunk 370: 44 chars
2026-01-20 18:09:42 | edumind.text_chunker | DEBUG    | text_chunker.py:95 | Created chunk 371: 49 chars
2026-01-20 18:09:42 | edumind.text_chunker | DEBUG    | text_chunker.py:95 | Created chunk 372: 48 chars
2026-01-20 18:09:42 | edumind.text_chunker | DEBUG    | text_chunker.py:95 | Created chunk 373: 47 chars
2026-01-20 18:09:42 | edumind.text_chunker | DEBUG    | text_chunker.py:95 | Created chunk 374: 46 chars
2026-01-20 18:09:42 | edumind.text_chunker | DEBUG    | text_chunker.py:95 | Created chunk 375: 44 chars
2026-01-20 18:09:42 | edumind.text_chunker | DEBUG    | text_chunker.py:95 | Created chunk 376: 49 chars
2026-01-20 18:09:42 | edumind.text_chunker | DEBUG    | text_chunker.py:95 | Created chunk 377: 48 chars
2026-01-20 18:09:42 | edumind.text_chunker | DEBUG    | text_chunker.py:95 | Created chunk 378: 47 chars
2026-01-20 18:09:42 | edumind.text_chunker | DEBUG    | text_chunker.py:95 | Created chunk 379: 46 chars
2026-01-20 18:09:42 | edumind.text_chunker | DEBUG    | text_chunker.py:95 | Created chunk 380: 44 chars
2026-01-20 18:09:42 | edumind.text_chunker | DEBUG    | text_chunker.py:95 | Created chunk 381: 49 chars
2026-01-20 18:09:42 | edumind.text_chunker | DEBUG    | text_chunker.py:95 | Created chunk 382: 48 chars
2026-01-20 18:09:42 | edumind.text_chunker | DEBUG    | text_chunker.py:95 | Created chunk 383: 47 chars
2026-01-20 18:09:42 | edumind.text_chunker | DEBUG    | text_chunker.py:95 | Created chunk 384: 46 chars
2026-01-20 18:09:42 | edumind.text_chunker | DEBUG    | text_chunker.py:95 | Created chunk 385: 44 chars
2026-01-20 18:09:42 | edumind.text_chunker | DEBUG    | text_chunker.py:95 | Created chunk 386: 49 chars
2026-01-20 18:09:42 | edumind.text_chunker | DEBUG    | text_chunker.py:95 | Created chunk 387: 48 chars
2026-01-20 18:09:42 | edumind.text_chunker | DEBUG    | text_chunker.py:95 | Created chunk 388: 47 chars
2026-01-20 18:09:42 | edumind.text_chunker | DEBUG    | text_chunker.py:95 | Created chunk 389: 46 chars
2026-01-20 18:09:42 | edumind.text_chunker | DEBUG    | text_chunker.py:95 | Created chunk 390: 44 chars
2026-01-20 18:09:42 | edumind.text_chunker | DEBUG    | text_chunker.py:95 | Created chunk 391: 49 chars
2026-01-20 18:09:42 | edumind.text_chunker | DEBUG    | text_chunker.py:95 | Created chunk 392: 48 chars
2026-01-20 18:09:42 | edumind.text_chunker | DEBUG    | text_chunker.py:95 | Created chunk 393: 47 chars
2026-01-20 18:09:42 | edumind.text_chunker | DEBUG    | text_chunker.py:95 | Created chunk 394: 46 chars
2026-01-20 18:09:42 | edumind.text_chunker | DEBUG    | text_chunker.py:95 | Created chunk 395: 44 chars
2026-01-20 18:09:42 | edumind.text_chunker | DEBUG    | text_chunker.py:95 | Created chunk 396: 49 chars
2026-01-20 18:09:42 | edumind.text_chunker | DEBUG    | text_chunker.py:95 | Created chunk 397: 48 chars
2026-01-20 18:09:42 | edumind.text_chunker | DEBUG    | text_chunker.py:95 | Created chunk 398: 47 chars
2026-01-20 18:09:42 | edumind.text_chunker | DEBUG    | text_chunker.py:95 | Created chunk 399: 46 chars
2026-01-20 18:09:42 | edumind.text_chunker | DEBUG    | text_chunker.py:95 | Created chunk 400: 44 chars
2026-01-20 18:09:42 | edumind.text_chunker | DEBUG    | text_chunker.py:95 | Created chunk 401: 49 chars
2026-01-20 18:09:42 | edumind.text_chunker | DEBUG    | text_chunker.py:95 | Created chunk 402: 48 chars
2026-01-20 18:09:42 | edumind.text_chunker | DEBUG    | text_chunker.py:95 | Created chunk 403: 47 chars
2026-01-20 18:09:42 | edumind.text_chunker | DEBUG    | text_chunker.py:95 | Created chunk 404: 46 chars
2026-01-20 18:09:42 | edumind.text_chunker | DEBUG    | text_chunker.py:95 | Created chunk 405: 44 chars
2026-01-20 18:09:42 | edumind.text_chunker | DEBUG    | text_chunker.py:95 | Created chunk 406: 49 chars
2026-01-20 18:09:42 | edumind.text_chunker | DEBUG    | text_chunker.py:95 | Created chunk 407: 48 chars
2026-01-20 18:09:42 | edumind.text_chunker | DEBUG    | text_chunker.py:95 | Created chunk 408: 47 chars
2026-01-20 18:09:42 | edumind.text_chunker | DEBUG    | text_chunker.py:95 | Created chunk 409: 46 chars
2026-01-20 18:09:42 | edumind.text_chunker | DEBUG    | text_chunker.py:95 | Created chunk 410: 44 chars
2026-01-20 18:09:42 | edumind.text_chunker | DEBUG    | text_chunker.py:95 | Created chunk 411: 49 chars
2026-01-20 18:09:42 | edumind.text_chunker | DEBUG    | text_chunker.py:95 | Created chunk 412: 48 chars
2026-01-20 18:09:42 | edumind.text_chunker | DEBUG    | text_chunker.py:95 | Created chunk 413: 47 chars
2026-01-20 18:09:42 | edumind.text_chunker | DEBUG    | text_chunker.py:95 | Created chunk 414: 46 chars
2026-01-20 18:09:42 | edumind.text_chunker | DEBUG    | text_chunker.py:95 | Created chunk 415: 44 chars
2026-01-20 18:09:42 | edumind.text_chunker | DEBUG    | text_chunker.py:95 | Created chunk 416: 49 chars
2026-01-20 18:09:42 | edumind.text_chunker | DEBUG    | text_chunker.py:95 | Created chunk 417: 48 chars
2026-01-20 18:09:42 | edumind.text_chunker | DEBUG    | text_chunker.py:95 | Created chunk 418: 47 chars
2026-01-20 18:09:42 | edumind.text_chunker | DEBUG    | text_chunker.py:95 | Created chunk 419: 46 chars
2026-01-20 18:09:42 | edumind.text_chunker | DEBUG    | text_chunker.py:95 | Created chunk 420: 44 chars
2026-01-20 18:09:42 | edumind.text_chunker | DEBUG    | text_chunker.py:95 | Created chunk 421: 49 chars
2026-01-20 18:09:42 | edumind.text_chunker | DEBUG    | text_chunker.py:95 | Created chunk 422: 48 chars
2026-01-20 18:09:42 | edumind.text_chunker | DEBUG    | text_chunker.py:95 | Created chunk 423: 47 chars
2026-01-20 18:09:42 | edumind.text_chunker | DEBUG    | text_chunker.py:95 | Created chunk 424: 46 chars
2026-01-20 18:09:42 | edumind.text_chunker | DEBUG    | text_chunker.py:95 | Created chunk 425: 44 chars
2026-01-20 18:09:42 | edumind.text_chunker | DEBUG    | text_chunker.py:95 | Created chunk 426: 49 chars
2026-01-20 18:09:42 | edumind.text_chunker | DEBUG    | text_chunker.py:95 | Created chunk 427: 48 chars
2026-01-20 18:09:42 | edumind.text_chunker | DEBUG    | text_chunker.py:95 | Created chunk 428: 47 chars
2026-01-20 18:09:42 | edumind.text_chunker | DEBUG    | text_chunker.py:95 | Created chunk 429: 46 chars
2026-01-20 18:09:42 | edumind.text_chunker | DEBUG    | text_chunker.py:95 | Created chunk 430: 44 chars
2026-01-20 18:09:42 | edumind.text_chunker | DEBUG    | text_chunker.py:95 | Created chunk 431: 49 chars
2026-01-20 18:09:42 | edumind.text_chunker | DEBUG    | text_chunker.py:95 | Created chunk 432: 48 chars
2026-01-20 18:09:42 | edumind.text_chunker | DEBUG    | text_chunker.py:95 | Created chunk 433: 47 chars
2026-01-20 18:09:42 | edumind.text_chunker | DEBUG    | text_chunker.py:95 | Created chunk 434: 46 chars
2026-01-20 18:09:42 | edumind.text_chunker | DEBUG    | text_chunker.py:95 | Created chunk 435: 44 chars
2026-01-20 18:09:42 | edumind.text_chunker | DEBUG    | text_chunker.py:95 | Created chunk 436: 49 chars
2026-01-20 18:09:42 | edumind.text_chunker | DEBUG    | text_chunker.py:95 | Created chunk 437: 48 chars
2026-01-20 18:09:42 | edumind.text_chunker | DEBUG    | text_chunker.py:95 | Created chunk 438: 47 chars
2026-01-20 18:09:42 | edumind.text_chunker | DEBUG    | text_chunker.py:95 | Created chunk 439: 46 chars
2026-01-20 18:09:42 | edumind.text_chunker | DEBUG    | text_chunker.py:95 | Created chunk 440: 44 chars
2026-01-20 18:09:42 | edumind.text_chunker | DEBUG    | text_chunker.py:95 | Created chunk 441: 49 chars
2026-01-20 18:09:42 | edumind.text_chunker | DEBUG    | text_chunker.py:95 | Created chunk 442: 48 chars
2026-01-20 18:09:42 | edumind.text_chunker | DEBUG    | text_chunker.py:95 | Created chunk 443: 47 chars
2026-01-20 18:09:42 | edumind.text_chunker | DEBUG    | text_chunker.py:95 | Created chunk 444: 46 chars
2026-01-20 18:09:42 | edumind.text_chunker | DEBUG    | text_chunker.py:95 | Created chunk 445: 44 chars
2026-01-20 18:09:42 | edumind.text_chunker | DEBUG    | text_chunker.py:95 | Created chunk 446: 49 chars
2026-01-20 18:09:42 | edumind.text_chunker | DEBUG    | text_chunker.py:95 | Created chunk 447: 48 chars
2026-01-20 18:09:42 | edumind.text_chunker | DEBUG    | text_chunker.py:95 | Created chunk 448: 47 chars
2026-01-20 18:09:42 | edumind.text_chunker | DEBUG    | text_chunker.py:95 | Created chunk 449: 46 chars
2026-01-20 18:09:42 | edumind.text_chunker | DEBUG    | text_chunker.py:95 | Created chunk 450: 49 chars
2026-01-20 18:09:42 | edumind.text_chunker | INFO     | text_chunker.py:103 | Split text into 450 chunks (avg: 46 chars)
2026-01-20 18:09:42 | edumind.text_chunker | DEBUG    | text_chunker.py:95 | Created chunk 1: 97 chars
2026-01-20 18:09:42 | edumind.text_chunker | DEBUG    | text_chunker.py:95 | Created chunk 2: 96 chars
2026-01-20 18:09:42 | edumind.text_chunker | DEBUG    | text_chunker.py:95 | Created chunk 3: 95 chars
2026-01-20 18:09:42 | edumind.text_chunker | DEBUG    | text_chunker.py:95 | Created chunk 4: 94 chars
2026-01-20 18:09:42 | edumind.text_chunker | DEBUG    | text_chunker.py:95 | Created chunk 5: 92 chars
2026-01-20 18:09:42 | edumind.text_chunker | DEBUG    | text_chunker.py:95 | Created chunk 6: 92 chars
2026-01-20 18:09:42 | edumind.text_chunker | DEBUG    | text_chunker.py:95 | Created chunk 7: 91 chars
2026-01-20 18:09:42 | edumind.text_chunker | DEBUG    | text_chunker.py:95 | Created chunk 8: 89 chars
2026-01-20 18:09:42 | edumind.text_chunker | DEBUG    | text_chunker.py:95 | Created chunk 9: 89 chars
2026-01-20 18:09:42 | edumind.text_chunker | DEBUG    | text_chunker.py:95 | Created chunk 10: 88 chars
2026-01-20 18:09:42 | edumind.text_chunker | DEBUG    | text_chunker.py:95 | Created chunk 11: 87 chars
2026-01-20 18:09:42 | edumind.text_chunker | DEBUG    | text_chunker.py:95 | Created chunk 12: 86 chars
2026-01-20 18:09:42 | edumind.text_chunker | DEBUG    | text_chunker.py:95 | Created chunk 13: 99 chars
2026-01-20 18:09:42 | edumind.text_chunker | DEBUG    | text_chunker.py:95 | Created chunk 14: 97 chars
2026-01-20 18:09:42 | edumind.text_chunker | DEBUG    | text_chunker.py:95 | Created chunk 15: 97 chars
2026-01-20 18:09:42 | edumind.text_chunker | DEBUG    | text_chunker.py:95 | Created chunk 16: 96 chars
2026-01-20 18:09:42 | edumind.text_chunker | DEBUG    | text_chunker.py:95 | Created chunk 17: 95 chars
2026-01-20 18:09:42 | edumind.text_chunker | DEBUG    | text_chunker.py:95 | Created chunk 18: 94 chars
2026-01-20 18:09:42 | edumind.text_chunker | DEBUG    | text_chunker.py:95 | Created chunk 19: 92 chars
2026-01-20 18:09:42 | edumind.text_chunker | DEBUG    | text_chunker.py:95 | Created chunk 20: 92 chars
2026-01-20 18:09:42 | edumind.text_chunker | DEBUG    | text_chunker.py:95 | Created chunk 21: 91 chars
2026-01-20 18:09:42 | edumind.text_chunker | DEBUG    | text_chunker.py:95 | Created chunk 22: 89 chars
2026-01-20 18:09:42 | edumind.text_chunker | DEBUG    | text_chunker.py:95 | Created chunk 23: 89 chars
2026-01-20 18:09:42 | edumind.text_chunker | DEBUG    | text_chunker.py:95 | Created chunk 24: 88 chars
2026-01-20 18:09:42 | edumind.text_chunker | DEBUG    | text_chunker.py:95 | Created chunk 25: 87 chars
2026-01-20 18:09:42 | edumind.text_chunker | DEBUG    | text_chunker.py:95 | Created chunk 26: 86 chars
2026-01-20 18:09:42 | edumind.text_chunker | DEBUG    | text_chunker.py:95 | Created chunk 27: 99 chars
2026-01-20 18:09:42 | edumind.text_chunker | DEBUG    | text_chunker.py:95 | Created chunk 28: 97 chars
2026-01-20 18:09:42 | edumind.text_chunker | DEBUG    | text_chunker.py:95 | Created chunk 29: 97 chars
2026-01-20 18:09:42 | edumind.text_chunker | DEBUG    | text_chunker.py:95 | Created chunk 30: 96 chars
2026-01-20 18:09:42 | edumind.text_chunker | DEBUG    | text_chunker.py:95 | Created chunk 31: 95 chars
2026-01-20 18:09:42 | edumind.text_chunker | DEBUG    | text_chunker.py:95 | Created chunk 32: 94 chars
2026-01-20 18:09:42 | edumind.text_chunker | DEBUG    | text_chunker.py:95 | Created chunk 33: 92 chars
2026-01-20 18:09:42 | edumind.text_chunker | DEBUG    | text_chunker.py:95 | Created chunk 34: 92 chars
2026-01-20 18:09:42 | edumind.text_chunker | DEBUG    | text_chunker.py:95 | Created chunk 35: 91 chars
2026-01-20 18:09:42 | edumind.text_chunker | DEBUG    | text_chunker.py:95 | Created chunk 36: 89 chars
2026-01-20 18:09:42 | edumind.text_chunker | DEBUG    | text_chunker.py:95 | Created chunk 37: 89 chars
2026-01-20 18:09:42 | edumind.text_chunker | DEBUG    | text_chunker.py:95 | Created chunk 38: 88 chars
2026-01-20 18:09:42 | edumind.text_chunker | DEBUG    | text_chunker.py:95 | Created chunk 39: 87 chars
2026-01-20 18:09:42 | edumind.text_chunker | DEBUG    | text_chunker.py:95 | Created chunk 40: 86 chars
2026-01-20 18:09:42 | edumind.text_chunker | DEBUG    | text_chunker.py:95 | Created chunk 41: 99 chars
2026-01-20 18:09:42 | edumind.text_chunker | DEBUG    | text_chunker.py:95 | Created chunk 42: 97 chars
2026-01-20 18:09:42 | edumind.text_chunker | DEBUG    | text_chunker.py:95 | Created chunk 43: 97 chars
2026-01-20 18:09:42 | edumind.text_chunker | DEBUG    | text_chunker.py:95 | Created chunk 44: 96 chars
2026-01-20 18:09:42 | edumind.text_chunker | DEBUG    | text_chunker.py:95 | Created chunk 45: 95 chars
2026-01-20 18:09:42 | edumind.text_chunker | DEBUG    | text_chunker.py:95 | Created chunk 46: 94 chars
2026-01-20 18:09:42 | edumind.text_chunker | DEBUG    | text_chunker.py:95 | Created chunk 47: 92 chars
2026-01-20 18:09:42 | edumind.text_chunker | DEBUG    | text_chunker.py:95 | Created chunk 48: 92 chars
2026-01-20 18:09:42 | edumind.text_chunker | DEBUG    | text_chunker.py:95 | Created chunk 49: 91 chars
2026-01-20 18:09:42 | edumind.text_chunker | DEBUG    | text_chunker.py:95 | Created chunk 50: 89 chars
2026-01-20 18:09:42 | edumind.text_chunker | DEBUG    | text_chunker.py:95 | Created chunk 51: 89 chars
2026-01-20 18:09:42 | edumind.text_chunker | DEBUG    | text_chunker.py:95 | Created chunk 52: 88 chars
2026-01-20 18:09:42 | edumind.text_chunker | DEBUG    | text_chunker.py:95 | Created chunk 53: 87 chars
2026-01-20 18:09:42 | edumind.text_chunker | DEBUG    | text_chunker.py:95 | Created chunk 54: 86 chars
2026-01-20 18:09:42 | edumind.text_chunker | DEBUG    | text_chunker.py:95 | Created chunk 55: 99 chars
2026-01-20 18:09:42 | edumind.text_chunker | DEBUG    | text_chunker.py:95 | Created chunk 56: 97 chars
2026-01-20 18:09:42 | edumind.text_chunker | DEBUG    | text_chunker.py:95 | Created chunk 57: 97 chars
2026-01-20 18:09:42 | edumind.text_chunker | DEBUG    | text_chunker.py:95 | Created chunk 58: 96 chars
2026-01-20 18:09:42 | edumind.text_chunker | DEBUG    | text_chunker.py:95 | Created chunk 59: 95 chars
2026-01-20 18:09:42 | edumind.text_chunker | DEBUG    | text_chunker.py:95 | Created chunk 60: 94 chars
2026-01-20 18:09:42 | edumind.text_chunker | DEBUG    | text_chunker.py:95 | Created chunk 61: 92 chars
2026-01-20 18:09:42 | edumind.text_chunker | DEBUG    | text_chunker.py:95 | Created chunk 62: 92 chars
2026-01-20 18:09:42 | edumind.text_chunker | DEBUG    | text_chunker.py:95 | Created chunk 63: 91 chars
2026-01-20 18:09:42 | edumind.text_chunker | DEBUG    | text_chunker.py:95 | Created chunk 64: 89 chars
2026-01-20 18:09:42 | edumind.text_chunker | DEBUG    | text_chunker.py:95 | Created chunk 65: 89 chars
2026-01-20 18:09:42 | edumind.text_chunker | DEBUG    | text_chunker.py:95 | Created chunk 66: 88 chars
2026-01-20 18:09:42 | edumind.text_chunker | DEBUG    | text_chunker.py:95 | Created chunk 67: 87 chars
2026-01-20 18:09:42 | edumind.text_chunker | DEBUG    | text_chunker.py:95 | Created chunk 68: 86 chars
2026-01-20 18:09:42 | edumind.text_chunker | DEBUG    | text_chunker.py:95 | Created chunk 69: 99 chars
2026-01-20 18:09:42 | edumind.text_chunker | DEBUG    | text_chunker.py:95 | Created chunk 70: 97 chars
2026-01-20 18:09:42 | edumind.text_chunker | DEBUG    | text_chunker.py:95 | Created chunk 71: 97 chars
2026-01-20 18:09:42 | edumind.text_chunker | DEBUG    | text_chunker.py:95 | Created chunk 72: 96 chars
2026-01-20 18:09:42 | edumind.text_chunker | DEBUG    | text_chunker.py:95 | Created chunk 73: 95 chars
2026-01-20 18:09:42 | edumind.text_chunker | DEBUG    | text_chunker.py:95 | Created chunk 74: 94 chars
2026-01-20 18:09:42 | edumind.text_chunker | DEBUG    | text_chunker.py:95 | Created chunk 75: 92 chars
2026-01-20 18:09:42 | edumind.text_chunker | DEBUG    | text_chunker.py:95 | Created chunk 76: 92 chars
2026-01-20 18:09:42 | edumind.text_chunker | DEBUG    | text_chunker.py:95 | Created chunk 77: 91 chars
2026-01-20 18:09:42 | edumind.text_chunker | DEBUG    | text_chunker.py:95 | Created chunk 78: 89 chars
2026-01-20 18:09:42 | edumind.text_chunker | DEBUG    | text_chunker.py:95 | Created chunk 79: 89 chars
2026-01-20 18:09:42 | edumind.text_chunker | DEBUG    | text_chunker.py:95 | Created chunk 80: 88 chars
2026-01-20 18:09:42 | edumind.text_chunker | DEBUG    | text_chunker.py:95 | Created chunk 81: 87 chars
2026-01-20 18:09:42 | edumind.text_chunker | DEBUG    | text_chunker.py:95 | Created chunk 82: 86 chars
2026-01-20 18:09:42 | edumind.text_chunker | DEBUG    | text_chunker.py:95 | Created chunk 83: 99 chars
2026-01-20 18:09:42 | edumind.text_chunker | DEBUG    | text_chunker.py:95 | Created chunk 84: 97 chars
2026-01-20 18:09:42 | edumind.text_chunker | DEBUG    | text_chunker.py:95 | Created chunk 85: 97 chars
2026-01-20 18:09:42 | edumind.text_chunker | DEBUG    | text_chunker.py:95 | Created chunk 86: 96 chars
2026-01-20 18:09:42 | edumind.text_chunker | DEBUG    | text_chunker.py:95 | Created chunk 87: 95 chars
2026-01-20 18:09:42 | edumind.text_chunker | DEBUG    | text_chunker.py:95 | Created chunk 88: 94 chars
2026-01-20 18:09:42 | edumind.text_chunker | DEBUG    | text_chunker.py:95 | Created chunk 89: 92 chars
2026-01-20 18:09:42 | edumind.text_chunker | DEBUG    | text_chunker.py:95 | Created chunk 90: 92 chars
2026-01-20 18:09:42 | edumind.text_chunker | DEBUG    | text_chunker.py:95 | Created chunk 91: 91 chars
2026-01-20 18:09:42 | edumind.text_chunker | DEBUG    | text_chunker.py:95 | Created chunk 92: 89 chars
2026-01-20 18:09:42 | edumind.text_chunker | DEBUG    | text_chunker.py:95 | Created chunk 93: 89 chars
2026-01-20 18:09:42 | edumind.text_chunker | DEBUG    | text_chunker.py:95 | Created chunk 94: 88 chars
2026-01-20 18:09:42 | edumind.text_chunker | DEBUG    | text_chunker.py:95 | Created chunk 95: 87 chars
2026-01-20 18:09:42 | edumind.text_chunker | DEBUG    | text_chunker.py:95 | Created chunk 96: 86 chars
2026-01-20 18:09:42 | edumind.text_chunker | DEBUG    | text_chunker.py:95 | Created chunk 97: 99 chars
2026-01-20 18:09:42 | edumind.text_chunker | DEBUG    | text_chunker.py:95 | Created chunk 98: 97 chars
2026-01-20 18:09:42 | edumind.text_chunker | DEBUG    | text_chunker.py:95 | Created chunk 99: 97 chars
2026-01-20 18:09:42 | edumind.text_chunker | DEBUG    | text_chunker.py:95 | Created chunk 100: 96 chars
2026-01-20 18:09:42 | edumind.text_chunker | DEBUG    | text_chunker.py:95 | Created chunk 101: 95 chars
2026-01-20 18:09:42 | edumind.text_chunker | DEBUG    | text_chunker.py:95 | Created chunk 102: 94 chars
2026-01-20 18:09:42 | edumind.text_chunker | DEBUG    | text_chunker.py:95 | Created chunk 103: 92 chars
2026-01-20 18:09:42 | edumind.text_chunker | DEBUG    | text_chunker.py:95 | Created chunk 104: 92 chars
2026-01-20 18:09:42 | edumind.text_chunker | DEBUG    | text_chunker.py:95 | Created chunk 105: 91 chars
2026-01-20 18:09:42 | edumind.text_chunker | DEBUG    | text_chunker.py:95 | Created chunk 106: 89 chars
2026-01-20 18:09:42 | edumind.text_chunker | DEBUG    | text_chunker.py:95 | Created chunk 107: 89 chars
2026-01-20 18:09:42 | edumind.text_chunker | DEBUG    | text_chunker.py:95 | Created chunk 108: 88 chars
2026-01-20 18:09:42 | edumind.text_chunker | DEBUG    | text_chunker.py:95 | Created chunk 109: 87 chars
2026-01-20 18:09:42 | edumind.text_chunker | DEBUG    | text_chunker.py:95 | Created chunk 110: 86 chars
2026-01-20 18:09:42 | edumind.text_chunker | DEBUG    | text_chunker.py:95 | Created chunk 111: 99 chars
2026-01-20 18:09:42 | edumind.text_chunker | DEBUG    | text_chunker.py:95 | Created chunk 112: 97 chars
2026-01-20 18:09:42 | edumind.text_chunker | DEBUG    | text_chunker.py:95 | Created chunk 113: 97 chars
2026-01-20 18:09:42 | edumind.text_chunker | DEBUG    | text_chunker.py:95 | Created chunk 114: 96 chars
2026-01-20 18:09:42 | edumind.text_chunker | DEBUG    | text_chunker.py:95 | Created chunk 115: 95 chars
2026-01-20 18:09:42 | edumind.text_chunker | DEBUG    | text_chunker.py:95 | Created chunk 116: 94 chars
2026-01-20 18:09:42 | edumind.text_chunker | DEBUG    | text_chunker.py:95 | Created chunk 117: 92 chars
2026-01-20 18:09:42 | edumind.text_chunker | DEBUG    | text_chunker.py:95 | Created chunk 118: 92 chars
2026-01-20 18:09:42 | edumind.text_chunker | DEBUG    | text_chunker.py:95 | Created chunk 119: 91 chars
2026-01-20 18:09:42 | edumind.text_chunker | DEBUG    | text_chunker.py:95 | Created chunk 120: 89 chars
2026-01-20 18:09:42 | edumind.text_chunker | DEBUG    | text_chunker.py:95 | Created chunk 121: 89 chars
2026-01-20 18:09:42 | edumind.text_chunker | DEBUG    | text_chunker.py:95 | Created chunk 122: 88 chars
2026-01-20 18:09:42 | edumind.text_chunker | DEBUG    | text_chunker.py:95 | Created chunk 123: 87 chars
2026-01-20 18:09:42 | edumind.text_chunker | DEBUG    | text_chunker.py:95 | Created chunk 124: 86 chars
2026-01-20 18:09:42 | edumind.text_chunker | DEBUG    | text_chunker.py:95 | Created chunk 125: 99 chars
2026-01-20 18:09:42 | edumind.text_chunker | DEBUG    | text_chunker.py:95 | Created chunk 126: 97 chars
2026-01-20 18:09:42 | edumind.text_chunker | DEBUG    | text_chunker.py:95 | Created chunk 127: 97 chars
2026-01-20 18:09:42 | edumind.text_chunker | DEBUG    | text_chunker.py:95 | Created chunk 128: 96 chars
2026-01-20 18:09:42 | edumind.text_chunker | DEBUG    | text_chunker.py:95 | Created chunk 129: 95 chars
2026-01-20 18:09:42 | edumind.text_chunker | DEBUG    | text_chunker.py:95 | Created chunk 130: 94 chars
2026-01-20 18:09:42 | edumind.text_chunker | DEBUG    | text_chunker.py:95 | Created chunk 131: 92 chars
2026-01-20 18:09:42 | edumind.text_chunker | DEBUG    | text_chunker.py:95 | Created chunk 132: 92 chars
2026-01-20 18:09:42 | edumind.text_chunker | DEBUG    | text_chunker.py:95 | Created chunk 133: 91 chars
2026-01-20 18:09:42 | edumind.text_chunker | DEBUG    | text_chunker.py:95 | Created chunk 134: 89 chars
2026-01-20 18:09:42 | edumind.text_chunker | DEBUG    | text_chunker.py:95 | Created chunk 135: 89 chars
2026-01-20 18:09:42 | edumind.text_chunker | DEBUG    | text_chunker.py:95 | Created chunk 136: 88 chars
2026-01-20 18:09:42 | edumind.text_chunker | DEBUG    | text_chunker.py:95 | Created chunk 137: 87 chars
2026-01-20 18:09:42 | edumind.text_chunker | DEBUG    | text_chunker.py:95 | Created chunk 138: 86 chars
2026-01-20 18:09:42 | edumind.text_chunker | DEBUG    | text_chunker.py:95 | Created chunk 139: 99 chars
2026-01-20 18:09:42 | edumind.text_chunker | DEBUG    | text_chunker.py:95 | Created chunk 140: 97 chars
2026-01-20 18:09:42 | edumind.text_chunker | DEBUG    | text_chunker.py:95 | Created chunk 141: 97 chars
2026-01-20 18:09:42 | edumind.text_chunker | DEBUG    | text_chunker.py:95 | Created chunk 142: 96 chars
2026-01-20 18:09:42 | edumind.text_chunker | DEBUG    | text_chunker.py:95 | Created chunk 143: 95 chars
2026-01-20 18:09:42 | edumind.text_chunker | DEBUG    | text_chunker.py:95 | Created chunk 144: 94 chars
2026-01-20 18:09:42 | edumind.text_chunker | DEBUG    | text_chunker.py:95 | Created chunk 145: 92 chars
2026-01-20 18:09:42 | edumind.text_chunker | DEBUG    | text_chunker.py:95 | Created chunk 146: 92 chars
2026-01-20 18:09:42 | edumind.text_chunker | DEBUG    | text_chunker.py:95 | Created chunk 147: 91 chars
2026-01-20 18:09:42 | edumind.text_chunker | DEBUG    | text_chunker.py:95 | Created chunk 148: 89 chars
2026-01-20 18:09:42 | edumind.text_chunker | DEBUG    | text_chunker.py:95 | Created chunk 149: 89 chars
2026-01-20 18:09:42 | edumind.text_chunker | DEBUG    | text_chunker.py:95 | Created chunk 150: 88 chars
2026-01-20 18:09:42 | edumind.text_chunker | DEBUG    | text_chunker.py:95 | Created chunk 151: 87 chars
2026-01-20 18:09:42 | edumind.text_chunker | DEBUG    | text_chunker.py:95 | Created chunk 152: 86 chars
2026-01-20 18:09:42 | edumind.text_chunker | DEBUG    | text_chunker.py:95 | Created chunk 153: 99 chars
2026-01-20 18:09:42 | edumind.text_chunker | DEBUG    | text_chunker.py:95 | Created chunk 154: 97 chars
2026-01-20 18:09:42 | edumind.text_chunker | DEBUG    | text_chunker.py:95 | Created chunk 155: 97 chars
2026-01-20 18:09:42 | edumind.text_chunker | DEBUG    | text_chunker.py:95 | Created chunk 156: 96 chars
2026-01-20 18:09:42 | edumind.text_chunker | DEBUG    | text_chunker.py:95 | Created chunk 157: 95 chars
2026-01-20 18:09:42 | edumind.text_chunker | DEBUG    | text_chunker.py:95 | Created chunk 158: 94 chars
2026-01-20 18:09:42 | edumind.text_chunker | DEBUG    | text_chunker.py:95 | Created chunk 159: 92 chars
2026-01-20 18:09:42 | edumind.text_chunker | DEBUG    | text_chunker.py:95 | Created chunk 160: 92 chars
2026-01-20 18:09:42 | edumind.text_chunker | DEBUG    | text_chunker.py:95 | Created chunk 161: 91 chars
2026-01-20 18:09:42 | edumind.text_chunker | DEBUG    | text_chunker.py:95 | Created chunk 162: 89 chars
2026-01-20 18:09:42 | edumind.text_chunker | DEBUG    | text_chunker.py:95 | Created chunk 163: 89 chars
2026-01-20 18:09:42 | edumind.text_chunker | DEBUG    | text_chunker.py:95 | Created chunk 164: 88 chars
2026-01-20 18:09:42 | edumind.text_chunker | DEBUG    | text_chunker.py:95 | Created chunk 165: 87 chars
2026-01-20 18:09:42 | edumind.text_chunker | DEBUG    | text_chunker.py:95 | Created chunk 166: 86 chars
2026-01-20 18:09:42 | edumind.text_chunker | DEBUG    | text_chunker.py:95 | Created chunk 167: 99 chars
2026-01-20 18:09:42 | edumind.text_chunker | DEBUG    | text_chunker.py:95 | Created chunk 168: 97 chars
2026-01-20 18:09:42 | edumind.text_chunker | DEBUG    | text_chunker.py:95 | Created chunk 169: 97 chars
2026-01-20 18:09:42 | edumind.text_chunker | DEBUG    | text_chunker.py:95 | Created chunk 170: 96 chars
2026-01-20 18:09:42 | edumind.text_chunker | DEBUG    | text_chunker.py:95 | Created chunk 171: 95 chars
2026-01-20 18:09:42 | edumind.text_chunker | DEBUG    | text_chunker.py:95 | Created chunk 172: 94 chars
2026-01-20 18:09:42 | edumind.text_chunker | DEBUG    | text_chunker.py:95 | Created chunk 173: 92 chars
2026-01-20 18:09:42 | edumind.text_chunker | DEBUG    | text_chunker.py:95 | Created chunk 174: 92 chars
2026-01-20 18:09:42 | edumind.text_chunker | DEBUG    | text_chunker.py:95 | Created chunk 175: 91 chars
2026-01-20 18:09:42 | edumind.text_chunker | DEBUG    | text_chunker.py:95 | Created chunk 176: 89 chars
2026-01-20 18:09:42 | edumind.text_chunker | DEBUG    | text_chunker.py:95 | Created chunk 177: 89 chars
2026-01-20 18:09:42 | edumind.text_chunker | DEBUG    | text_chunker.py:95 | Created chunk 178: 88 chars
2026-01-20 18:09:42 | edumind.text_chunker | DEBUG    | text_chunker.py:95 | Created chunk 179: 87 chars
2026-01-20 18:09:42 | edumind.text_chunker | DEBUG    | text_chunker.py:95 | Created chunk 180: 100 chars
2026-01-20 18:09:42 | edumind.text_chunker | INFO     | text_chunker.py:103 | Split text into 180 chunks (avg: 92 chars)
2026-01-20 18:11:27 | edumind.accessibility | INFO     | accessibility.py:31 | KeyboardShortcutManager initialized
2026-01-20 18:11:27 | edumind.accessibility | DEBUG    | accessibility.py:51 | Registered shortcut: Ctrl+, -> Open settings
2026-01-20 18:11:27 | edumind.accessibility | DEBUG    | accessibility.py:51 | Registered shortcut: Ctrl+D -> Toggle dark/light theme
2026-01-20 18:11:27 | edumind.accessibility | DEBUG    | accessibility.py:51 | Registered shortcut: Ctrl+1 -> Go to Dashboard
2026-01-20 18:11:27 | edumind.accessibility | DEBUG    | accessibility.py:51 | Registered shortcut: Ctrl+2 -> Go to Study Assistant
2026-01-20 18:11:27 | edumind.accessibility | DEBUG    | accessibility.py:51 | Registered shortcut: F1 -> Show help
2026-01-20 18:14:39 | edumind.text_chunker | DEBUG    | text_chunker.py:95 | Created chunk 1: 1760 chars
2026-01-20 18:14:39 | edumind.text_chunker | DEBUG    | text_chunker.py:95 | Created chunk 2: 1792 chars
2026-01-20 18:14:39 | edumind.text_chunker | DEBUG    | text_chunker.py:95 | Created chunk 3: 931 chars
2026-01-20 18:14:39 | edumind.text_chunker | INFO     | text_chunker.py:103 | Split text into 3 chunks (avg: 1494 chars)
2026-01-20 18:14:53 | edumind.json_parser  | DEBUG    | json_parser.py:66 | Parsed JSON by extracting object
2026-01-20 18:15:34 | edumind.json_parser  | DEBUG    | json_parser.py:66 | Parsed JSON by extracting object
2026-01-20 18:32:14 | edumind.json_parser  | DEBUG    | json_parser.py:54 | Parsed JSON using direct parse
2026-01-20 18:32:14 | edumind.json_parser  | DEBUG    | json_parser.py:54 | Parsed JSON using direct parse
2026-01-20 18:32:14 | edumind.json_parser  | DEBUG    | json_parser.py:66 | Parsed JSON by extracting object
2026-01-20 18:32:14 | edumind.json_parser  | DEBUG    | json_parser.py:66 | Parsed JSON by extracting object
2026-01-20 18:32:14 | edumind.json_parser  | DEBUG    | json_parser.py:104 | Parsed JSON after fixing trailing commas
2026-01-20 18:32:14 | edumind.json_parser  | DEBUG    | json_parser.py:104 | Parsed JSON after fixing trailing commas
2026-01-20 18:32:14 | edumind.json_parser  | WARNING  | json_parser.py:43 | Empty input string
2026-01-20 18:32:14 | edumind.json_parser  | WARNING  | json_parser.py:39 | Input is not a string: <class 'int'>
2026-01-20 18:32:14 | edumind.json_parser  | ERROR    | json_parser.py:160 | Failed to parse JSON after trying: ['direct_parse', 'extract_object', 'extract_array', 'clean_markdown', 'fix_trailing_commas', 'fix_single_quotes', 'nested_markdown', 'aggressive_brackets']
2026-01-20 18:32:14 | edumind.json_parser  | DEBUG    | json_parser.py:161 | Raw input (first 500 chars): not json at all
2026-01-20 18:32:14 | edumind.json_parser  | ERROR    | json_parser.py:160 | Failed to parse JSON after trying: ['direct_parse', 'extract_object', 'extract_array', 'clean_markdown', 'fix_trailing_commas', 'fix_single_quotes', 'nested_markdown', 'aggressive_brackets']
2026-01-20 18:32:14 | edumind.json_parser  | DEBUG    | json_parser.py:161 | Raw input (first 500 chars): [1, 2]
2026-01-20 18:32:14 | edumind.json_parser  | ERROR    | json_parser.py:160 | Failed to parse JSON after trying: ['direct_parse', 'extract_object', 'extract_array', 'clean_markdown', 'fix_trailing_commas', 'fix_single_quotes', 'nested_markdown', 'aggressive_brackets']
2026-01-20 18:32:14 | edumind.json_parser  | DEBUG    | json_parser.py:161 | Raw input (first 500 chars): {"key": "value"}
2026-01-20 18:32:14 | edumind.json_parser  | ERROR    | json_parser.py:160 | Failed to parse JSON after trying: ['direct_parse', 'extract_object', 'extract_array', 'clean_markdown', 'fix_trailing_commas', 'fix_single_quotes', 'nested_markdown', 'aggressive_brackets']
2026-01-20 18:32:14 | edumind.json_parser  | DEBUG    | json_parser.py:161 | Raw input (first 500 chars): invalid
2026-01-20 18:32:14 | edumind.json_parser  | DEBUG    | json_parser.py:54 | Parsed JSON using direct parse
2026-01-20 18:32:14 | edumind.json_parser  | DEBUG    | json_parser.py:54 | Parsed JSON using direct parse
2026-01-20 18:32:14 | edumind.json_parser  | INFO     | json_parser.py:204 | Extracted 1 valid quiz questions from 1 items
2026-01-20 18:32:14 | edumind.json_parser  | DEBUG    | json_parser.py:78 | Parsed JSON by extracting array
2026-01-20 18:32:14 | edumind.json_parser  | INFO     | json_parser.py:204 | Extracted 1 valid quiz questions from 1 items
2026-01-20 18:32:14 | edumind.json_parser  | DEBUG    | json_parser.py:54 | Parsed JSON using direct parse
2026-01-20 18:32:14 | edumind.json_parser  | WARNING  | json_parser.py:202 | Quiz item 0 missing fields: ['options', 'answer']
2026-01-20 18:32:14 | edumind.json_parser  | INFO     | json_parser.py:204 | Extracted 1 valid quiz questions from 2 items
2026-01-20 18:32:14 | edumind.json_parser  | WARNING  | json_parser.py:43 | Empty input string
2026-01-20 18:32:14 | edumind.json_parser  | DEBUG    | json_parser.py:54 | Parsed JSON using direct parse
2026-01-20 18:32:14 | edumind.json_parser  | INFO     | json_parser.py:239 | Extracted 2 valid flashcards from 2 items
2026-01-20 18:32:14 | edumind.json_parser  | DEBUG    | json_parser.py:54 | Parsed JSON using direct parse
2026-01-20 18:32:14 | edumind.json_parser  | INFO     | json_parser.py:239 | Extracted 1 valid flashcards from 1 items
2026-01-20 18:32:14 | edumind.json_parser  | WARNING  | json_parser.py:43 | Empty input string
2026-01-20 18:32:14 | edumind.json_parser  | DEBUG    | json_parser.py:54 | Parsed JSON using direct parse
2026-01-20 18:32:14 | edumind.json_parser  | INFO     | json_parser.py:276 | Extracted concept map with 3 nodes and 1 edges
2026-01-20 18:32:14 | edumind.json_parser  | DEBUG    | json_parser.py:54 | Parsed JSON using direct parse
2026-01-20 18:32:14 | edumind.json_parser  | INFO     | json_parser.py:276 | Extracted concept map with 2 nodes and 0 edges
2026-01-20 18:32:14 | edumind.json_parser  | WARNING  | json_parser.py:43 | Empty input string
2026-01-20 18:32:14 | edumind.spaced_repetition | INFO     | spaced_repetition.py:98 | Spaced Repetition Service initialized
2026-01-20 18:32:14 | edumind.spaced_repetition | DEBUG    | spaced_repetition.py:118 | Reviewing card 1 with quality 4
2026-01-20 18:32:14 | edumind.spaced_repetition | INFO     | spaced_repetition.py:151 | Card 1: interval=1d, EF=2.50, next review=2026-01-21
2026-01-20 18:32:14 | edumind.spaced_repetition | INFO     | spaced_repetition.py:98 | Spaced Repetition Service initialized
2026-01-20 18:32:14 | edumind.spaced_repetition | DEBUG    | spaced_repetition.py:118 | Reviewing card 1 with quality 4
2026-01-20 18:32:14 | edumind.spaced_repetition | INFO     | spaced_repetition.py:151 | Card 1: interval=1d, EF=2.50, next review=2026-01-21
2026-01-20 18:32:14 | edumind.spaced_repetition | DEBUG    | spaced_repetition.py:118 | Reviewing card 1 with quality 4
2026-01-20 18:32:14 | edumind.spaced_repetition | INFO     | spaced_repetition.py:151 | Card 1: interval=6d, EF=2.50, next review=2026-01-26
2026-01-20 18:32:14 | edumind.spaced_repetition | INFO     | spaced_repetition.py:98 | Spaced Repetition Service initialized
2026-01-20 18:32:14 | edumind.spaced_repetition | DEBUG    | spaced_repetition.py:118 | Reviewing card 1 with quality 4
2026-01-20 18:32:14 | edumind.spaced_repetition | INFO     | spaced_repetition.py:151 | Card 1: interval=1d, EF=2.50, next review=2026-01-21
2026-01-20 18:32:14 | edumind.spaced_repetition | DEBUG    | spaced_repetition.py:118 | Reviewing card 1 with quality 4
2026-01-20 18:32:14 | edumind.spaced_repetition | INFO     | spaced_repetition.py:151 | Card 1: interval=6d, EF=2.50, next review=2026-01-26
2026-01-20 18:32:14 | edumind.spaced_repetition | DEBUG    | spaced_repetition.py:118 | Reviewing card 1 with quality 4
2026-01-20 18:32:14 | edumind.spaced_repetition | INFO     | spaced_repetition.py:151 | Card 1: interval=15d, EF=2.50, next review=2026-02-04
2026-01-20 18:32:15 | edumind.spaced_repetition | INFO     | spaced_repetition.py:98 | Spaced Repetition Service initialized
2026-01-20 18:32:15 | edumind.spaced_repetition | DEBUG    | spaced_repetition.py:118 | Reviewing card 1 with quality 4
2026-01-20 18:32:15 | edumind.spaced_repetition | INFO     | spaced_repetition.py:151 | Card 1: interval=1d, EF=2.50, next review=2026-01-21
2026-01-20 18:32:15 | edumind.spaced_repetition | DEBUG    | spaced_repetition.py:118 | Reviewing card 1 with quality 4
2026-01-20 18:32:15 | edumind.spaced_repetition | INFO     | spaced_repetition.py:151 | Card 1: interval=6d, EF=2.50, next review=2026-01-26
2026-01-20 18:32:15 | edumind.spaced_repetition | DEBUG    | spaced_repetition.py:118 | Reviewing card 1 with quality 1
2026-01-20 18:32:15 | edumind.spaced_repetition | DEBUG    | spaced_repetition.py:128 | Card 1 failed, resetting to interval 1
2026-01-20 18:32:15 | edumind.spaced_repetition | INFO     | spaced_repetition.py:151 | Card 1: interval=1d, EF=1.96, next review=2026-01-21
2026-01-20 18:32:15 | edumind.spaced_repetition | INFO     | spaced_repetition.py:98 | Spaced Repetition Service initialized
2026-01-20 18:32:15 | edumind.spaced_repetition | DEBUG    | spaced_repetition.py:118 | Reviewing card 1 with quality 5
2026-01-20 18:32:15 | edumind.spaced_repetition | INFO     | spaced_repetition.py:151 | Card 1: interval=1d, EF=2.60, next review=2026-01-21
2026-01-20 18:32:15 | edumind.spaced_repetition | INFO     | spaced_repetition.py:98 | Spaced Repetition Service initialized
2026-01-20 18:32:15 | edumind.spaced_repetition | DEBUG    | spaced_repetition.py:118 | Reviewing card 1 with quality 3
2026-01-20 18:32:15 | edumind.spaced_repetition | INFO     | spaced_repetition.py:151 | Card 1: interval=1d, EF=2.36, next review=2026-01-21
2026-01-20 18:32:15 | edumind.spaced_repetition | INFO     | spaced_repetition.py:98 | Spaced Repetition Service initialized
2026-01-20 18:32:15 | edumind.spaced_repetition | DEBUG    | spaced_repetition.py:118 | Reviewing card 1 with quality 3
2026-01-20 18:32:15 | edumind.spaced_repetition | INFO     | spaced_repetition.py:151 | Card 1: interval=1d, EF=2.36, next review=2026-01-21
2026-01-20 18:32:15 | edumind.spaced_repetition | DEBUG    | spaced_repetition.py:118 | Reviewing card 1 with quality 3
2026-01-20 18:32:15 | edumind.spaced_repetition | INFO     | spaced_repetition.py:151 | Card 1: interval=6d, EF=2.22, next review=2026-01-26
2026-01-20 18:32:15 | edumind.spaced_repetition | DEBUG    | spaced_repetition.py:118 | Reviewing card 1 with quality 3
2026-01-20 18:32:15 | edumind.spaced_repetition | INFO     | spaced_repetition.py:151 | Card 1: interval=13d, EF=2.08, next review=2026-02-02
2026-01-20 18:32:15 | edumind.spaced_repetition | DEBUG    | spaced_repetition.py:118 | Reviewing card 1 with quality 3
2026-01-20 18:32:15 | edumind.spaced_repetition | INFO     | spaced_repetition.py:151 | Card 1: interval=27d, EF=1.94, next review=2026-02-16
2026-01-20 18:32:15 | edumind.spaced_repetition | DEBUG    | spaced_repetition.py:118 | Reviewing card 1 with quality 3
2026-01-20 18:32:15 | edumind.spaced_repetition | INFO     | spaced_repetition.py:151 | Card 1: interval=52d, EF=1.80, next review=2026-03-13
2026-01-20 18:32:15 | edumind.spaced_repetition | DEBUG    | spaced_repetition.py:118 | Reviewing card 1 with quality 3
2026-01-20 18:32:15 | edumind.spaced_repetition | INFO     | spaced_repetition.py:151 | Card 1: interval=94d, EF=1.66, next review=2026-04-24
2026-01-20 18:32:15 | edumind.spaced_repetition | DEBUG    | spaced_repetition.py:118 | Reviewing card 1 with quality 3
2026-01-20 18:32:15 | edumind.spaced_repetition | INFO     | spaced_repetition.py:151 | Card 1: interval=156d, EF=1.52, next review=2026-06-25
2026-01-20 18:32:15 | edumind.spaced_repetition | DEBUG    | spaced_repetition.py:118 | Reviewing card 1 with quality 3
2026-01-20 18:32:15 | edumind.spaced_repetition | INFO     | spaced_repetition.py:151 | Card 1: interval=237d, EF=1.38, next review=2026-09-14
2026-01-20 18:32:15 | edumind.spaced_repetition | DEBUG    | spaced_repetition.py:118 | Reviewing card 1 with quality 3
2026-01-20 18:32:15 | edumind.spaced_repetition | INFO     | spaced_repetition.py:151 | Card 1: interval=327d, EF=1.30, next review=2026-12-13
2026-01-20 18:32:15 | edumind.spaced_repetition | DEBUG    | spaced_repetition.py:118 | Reviewing card 1 with quality 3
2026-01-20 18:32:15 | edumind.spaced_repetition | INFO     | spaced_repetition.py:151 | Card 1: interval=425d, EF=1.30, next review=2027-03-21
2026-01-20 18:32:15 | edumind.spaced_repetition | DEBUG    | spaced_repetition.py:118 | Reviewing card 1 with quality 3
2026-01-20 18:32:15 | edumind.spaced_repetition | INFO     | spaced_repetition.py:151 | Card 1: interval=552d, EF=1.30, next review=2027-07-26
2026-01-20 18:32:15 | edumind.spaced_repetition | DEBUG    | spaced_repetition.py:118 | Reviewing card 1 with quality 3
2026-01-20 18:32:15 | edumind.spaced_repetition | INFO     | spaced_repetition.py:151 | Card 1: interval=718d, EF=1.30, next review=2028-01-08
2026-01-20 18:32:15 | edumind.spaced_repetition | DEBUG    | spaced_repetition.py:118 | Reviewing card 1 with quality 3
2026-01-20 18:32:15 | edumind.spaced_repetition | INFO     | spaced_repetition.py:151 | Card 1: interval=933d, EF=1.30, next review=2028-08-10
2026-01-20 18:32:15 | edumind.spaced_repetition | DEBUG    | spaced_repetition.py:118 | Reviewing card 1 with quality 3
2026-01-20 18:32:15 | edumind.spaced_repetition | INFO     | spaced_repetition.py:151 | Card 1: interval=1213d, EF=1.30, next review=2029-05-17
2026-01-20 18:32:15 | edumind.spaced_repetition | DEBUG    | spaced_repetition.py:118 | Reviewing card 1 with quality 3
2026-01-20 18:32:15 | edumind.spaced_repetition | INFO     | spaced_repetition.py:151 | Card 1: interval=1577d, EF=1.30, next review=2030-05-16
2026-01-20 18:32:15 | edumind.spaced_repetition | DEBUG    | spaced_repetition.py:118 | Reviewing card 1 with quality 3
2026-01-20 18:32:15 | edumind.spaced_repetition | INFO     | spaced_repetition.py:151 | Card 1: interval=2050d, EF=1.30, next review=2031-09-01
2026-01-20 18:32:15 | edumind.spaced_repetition | DEBUG    | spaced_repetition.py:118 | Reviewing card 1 with quality 3
2026-01-20 18:32:15 | edumind.spaced_repetition | INFO     | spaced_repetition.py:151 | Card 1: interval=2665d, EF=1.30, next review=2033-05-08
2026-01-20 18:32:15 | edumind.spaced_repetition | DEBUG    | spaced_repetition.py:118 | Reviewing card 1 with quality 3
2026-01-20 18:32:15 | edumind.spaced_repetition | INFO     | spaced_repetition.py:151 | Card 1: interval=3464d, EF=1.30, next review=2035-07-16
2026-01-20 18:32:15 | edumind.spaced_repetition | DEBUG    | spaced_repetition.py:118 | Reviewing card 1 with quality 3
2026-01-20 18:32:15 | edumind.spaced_repetition | INFO     | spaced_repetition.py:151 | Card 1: interval=4503d, EF=1.30, next review=2038-05-20
2026-01-20 18:32:15 | edumind.spaced_repetition | DEBUG    | spaced_repetition.py:118 | Reviewing card 1 with quality 3
2026-01-20 18:32:15 | edumind.spaced_repetition | INFO     | spaced_repetition.py:151 | Card 1: interval=5854d, EF=1.30, next review=2042-01-30
2026-01-20 18:32:15 | edumind.spaced_repetition | INFO     | spaced_repetition.py:98 | Spaced Repetition Service initialized
2026-01-20 18:32:15 | edumind.spaced_repetition | DEBUG    | spaced_repetition.py:118 | Reviewing card 1 with quality 4
2026-01-20 18:32:15 | edumind.spaced_repetition | INFO     | spaced_repetition.py:151 | Card 1: interval=1d, EF=2.50, next review=2026-01-21
2026-01-20 18:32:15 | edumind.spaced_repetition | INFO     | spaced_repetition.py:98 | Spaced Repetition Service initialized
2026-01-20 18:32:15 | edumind.spaced_repetition | INFO     | spaced_repetition.py:172 | Found 2 cards due for review
2026-01-20 18:32:15 | edumind.spaced_repetition | INFO     | spaced_repetition.py:98 | Spaced Repetition Service initialized
2026-01-20 18:32:15 | edumind.spaced_repetition | INFO     | spaced_repetition.py:98 | Spaced Repetition Service initialized
2026-01-20 18:32:15 | edumind.spaced_repetition | DEBUG    | spaced_repetition.py:118 | Reviewing card 1 with quality 0
2026-01-20 18:32:15 | edumind.spaced_repetition | DEBUG    | spaced_repetition.py:128 | Card 1 failed, resetting to interval 1
2026-01-20 18:32:15 | edumind.spaced_repetition | INFO     | spaced_repetition.py:151 | Card 1: interval=1d, EF=1.70, next review=2026-01-21
2026-01-20 18:32:15 | edumind.spaced_repetition | DEBUG    | spaced_repetition.py:118 | Reviewing card 1 with quality 3
2026-01-20 18:32:15 | edumind.spaced_repetition | INFO     | spaced_repetition.py:151 | Card 1: interval=15d, EF=2.36, next review=2026-02-04
2026-01-20 18:32:15 | edumind.spaced_repetition | DEBUG    | spaced_repetition.py:118 | Reviewing card 1 with quality 4
2026-01-20 18:32:15 | edumind.spaced_repetition | INFO     | spaced_repetition.py:151 | Card 1: interval=15d, EF=2.50, next review=2026-02-04
2026-01-20 18:32:15 | edumind.spaced_repetition | DEBUG    | spaced_repetition.py:118 | Reviewing card 1 with quality 5
2026-01-20 18:32:15 | edumind.spaced_repetition | INFO     | spaced_repetition.py:151 | Card 1: interval=15d, EF=2.60, next review=2026-02-04
2026-01-20 18:32:15 | edumind.text_chunker | DEBUG    | text_chunker.py:69 | Text fits in single chunk (21 chars)
2026-01-20 18:32:15 | edumind.text_chunker | WARNING  | text_chunker.py:57 | Empty text provided for chunking
2026-01-20 18:32:15 | edumind.text_chunker | WARNING  | text_chunker.py:64 | Only whitespace provided for chunking
2026-01-20 18:32:15 | edumind.text_chunker | DEBUG    | text_chunker.py:95 | Created chunk 1: 199 chars
2026-01-20 18:32:15 | edumind.text_chunker | DEBUG    | text_chunker.py:95 | Created chunk 2: 199 chars
2026-01-20 18:32:15 | edumind.text_chunker | DEBUG    | text_chunker.py:95 | Created chunk 3: 199 chars
2026-01-20 18:32:15 | edumind.text_chunker | DEBUG    | text_chunker.py:95 | Created chunk 4: 199 chars
2026-01-20 18:32:15 | edumind.text_chunker | DEBUG    | text_chunker.py:95 | Created chunk 5: 199 chars
2026-01-20 18:32:15 | edumind.text_chunker | DEBUG    | text_chunker.py:95 | Created chunk 6: 199 chars
2026-01-20 18:32:15 | edumind.text_chunker | DEBUG    | text_chunker.py:95 | Created chunk 7: 199 chars
2026-01-20 18:32:15 | edumind.text_chunker | DEBUG    | text_chunker.py:95 | Created chunk 8: 199 chars
2026-01-20 18:32:15 | edumind.text_chunker | DEBUG    | text_chunker.py:95 | Created chunk 9: 199 chars
2026-01-20 18:32:15 | edumind.text_chunker | INFO     | text_chunker.py:103 | Split text into 9 chunks (avg: 199 chars)
2026-01-20 18:32:15 | edumind.text_chunker | DEBUG    | text_chunker.py:95 | Created chunk 1: 32 chars
2026-01-20 18:32:15 | edumind.text_chunker | DEBUG    | text_chunker.py:95 | Created chunk 2: 31 chars
2026-01-20 18:32:15 | edumind.text_chunker | DEBUG    | text_chunker.py:95 | Created chunk 3: 30 chars
2026-01-20 18:32:15 | edumind.text_chunker | DEBUG    | text_chunker.py:95 | Created chunk 4: 29 chars
2026-01-20 18:32:15 | edumind.text_chunker | DEBUG    | text_chunker.py:95 | Created chunk 5: 28 chars
2026-01-20 18:32:15 | edumind.text_chunker | DEBUG    | text_chunker.py:95 | Created chunk 6: 26 chars
2026-01-20 18:32:15 | edumind.text_chunker | DEBUG    | text_chunker.py:95 | Created chunk 7: 26 chars
2026-01-20 18:32:15 | edumind.text_chunker | DEBUG    | text_chunker.py:95 | Created chunk 8: 25 chars
2026-01-20 18:32:15 | edumind.text_chunker | DEBUG    | text_chunker.py:95 | Created chunk 9: 24 chars
2026-01-20 18:32:15 | edumind.text_chunker | DEBUG    | text_chunker.py:95 | Created chunk 10: 39 chars
2026-01-20 18:32:15 | edumind.text_chunker | DEBUG    | text_chunker.py:95 | Created chunk 11: 38 chars
2026-01-20 18:32:15 | edumind.text_chunker | DEBUG    | text_chunker.py:95 | Created chunk 12: 37 chars
2026-01-20 18:32:15 | edumind.text_chunker | DEBUG    | text_chunker.py:95 | Created chunk 13: 36 chars
2026-01-20 18:32:15 | edumind.text_chunker | DEBUG    | text_chunker.py:95 | Created chunk 14: 35 chars
2026-01-20 18:32:15 | edumind.text_chunker | DEBUG    | text_chunker.py:95 | Created chunk 15: 34 chars
2026-01-20 18:32:15 | edumind.text_chunker | DEBUG    | text_chunker.py:95 | Created chunk 16: 32 chars
2026-01-20 18:32:15 | edumind.text_chunker | DEBUG    | text_chunker.py:95 | Created chunk 17: 32 chars
2026-01-20 18:32:15 | edumind.text_chunker | DEBUG    | text_chunker.py:95 | Created chunk 18: 31 chars
2026-01-20 18:32:15 | edumind.text_chunker | DEBUG    | text_chunker.py:95 | Created chunk 19: 30 chars
2026-01-20 18:32:15 | edumind.text_chunker | DEBUG    | text_chunker.py:95 | Created chunk 20: 29 chars
2026-01-20 18:32:15 | edumind.text_chunker | DEBUG    | text_chunker.py:95 | Created chunk 21: 28 chars
2026-01-20 18:32:15 | edumind.text_chunker | DEBUG    | text_chunker.py:95 | Created chunk 22: 27 chars
2026-01-20 18:32:15 | edumind.text_chunker | DEBUG    | text_chunker.py:95 | Created chunk 23: 25 chars
2026-01-20 18:32:15 | edumind.text_chunker | DEBUG    | text_chunker.py:95 | Created chunk 24: 25 chars
2026-01-20 18:32:15 | edumind.text_chunker | DEBUG    | text_chunker.py:95 | Created chunk 25: 24 chars
2026-01-20 18:32:15 | edumind.text_chunker | DEBUG    | text_chunker.py:95 | Created chunk 26: 40 chars
2026-01-20 18:32:15 | edumind.text_chunker | INFO     | text_chunker.py:103 | Split text into 26 chunks (avg: 30 chars)
2026-01-20 18:32:15 | edumind.text_chunker | DEBUG    | text_chunker.py:95 | Created chunk 1: 27 chars
2026-01-20 18:32:15 | edumind.text_chunker | DEBUG    | text_chunker.py:95 | Created chunk 2: 26 chars
2026-01-20 18:32:15 | edumind.text_chunker | DEBUG    | text_chunker.py:95 | Created chunk 3: 25 chars
2026-01-20 18:32:15 | edumind.text_chunker | DEBUG    | text_chunker.py:95 | Created chunk 4: 24 chars
2026-01-20 18:32:15 | edumind.text_chunker | DEBUG    | text_chunker.py:95 | Created chunk 5: 43 chars
2026-01-20 18:32:15 | edumind.text_chunker | DEBUG    | text_chunker.py:95 | Created chunk 6: 42 chars
2026-01-20 18:32:15 | edumind.text_chunker | DEBUG    | text_chunker.py:95 | Created chunk 7: 41 chars
2026-01-20 18:32:15 | edumind.text_chunker | DEBUG    | text_chunker.py:95 | Created chunk 8: 49 chars
2026-01-20 18:32:15 | edumind.text_chunker | DEBUG    | text_chunker.py:95 | Created chunk 9: 48 chars
2026-01-20 18:32:15 | edumind.text_chunker | DEBUG    | text_chunker.py:95 | Created chunk 10: 46 chars
2026-01-20 18:32:15 | edumind.text_chunker | DEBUG    | text_chunker.py:95 | Created chunk 11: 46 chars
2026-01-20 18:32:15 | edumind.text_chunker | DEBUG    | text_chunker.py:95 | Created chunk 12: 45 chars
2026-01-20 18:32:15 | edumind.text_chunker | DEBUG    | text_chunker.py:95 | Created chunk 13: 44 chars
2026-01-20 18:32:15 | edumind.text_chunker | DEBUG    | text_chunker.py:95 | Created chunk 14: 42 chars
2026-01-20 18:32:15 | edumind.text_chunker | DEBUG    | text_chunker.py:95 | Created chunk 15: 42 chars
2026-01-20 18:32:15 | edumind.text_chunker | DEBUG    | text_chunker.py:95 | Created chunk 16: 41 chars
2026-01-20 18:32:15 | edumind.text_chunker | DEBUG    | text_chunker.py:95 | Created chunk 17: 40 chars
2026-01-20 18:32:15 | edumind.text_chunker | DEBUG    | text_chunker.py:95 | Created chunk 18: 39 chars
2026-01-20 18:32:15 | edumind.text_chunker | DEBUG    | text_chunker.py:95 | Created chunk 19: 37 chars
2026-01-20 18:32:15 | edumind.text_chunker | DEBUG    | text_chunker.py:95 | Created chunk 20: 37 chars
2026-01-20 18:32:15 | edumind.text_chunker | DEBUG    | text_chunker.py:95 | Created chunk 21: 36 chars
2026-01-20 18:32:15 | edumind.text_chunker | DEBUG    | text_chunker.py:95 | Created chunk 22: 35 chars
2026-01-20 18:32:15 | edumind.text_chunker | DEBUG    | text_chunker.py:95 | Created chunk 23: 34 chars
2026-01-20 18:32:15 | edumind.text_chunker | DEBUG    | text_chunker.py:95 | Created chunk 24: 33 chars
2026-01-20 18:32:15 | edumind.text_chunker | DEBUG    | text_chunker.py:95 | Created chunk 25: 50 chars
2026-01-20 18:32:15 | edumind.text_chunker | INFO     | text_chunker.py:103 | Split text into 25 chunks (avg: 38 chars)
2026-01-20 18:32:15 | edumind.text_chunker | DEBUG    | text_chunker.py:95 | Created chunk 1: 49 chars
2026-01-20 18:32:15 | edumind.text_chunker | DEBUG    | text_chunker.py:95 | Created chunk 2: 48 chars
2026-01-20 18:32:15 | edumind.text_chunker | DEBUG    | text_chunker.py:95 | Created chunk 3: 47 chars
2026-01-20 18:32:15 | edumind.text_chunker | DEBUG    | text_chunker.py:95 | Created chunk 4: 46 chars
2026-01-20 18:32:15 | edumind.text_chunker | DEBUG    | text_chunker.py:95 | Created chunk 5: 44 chars
2026-01-20 18:32:15 | edumind.text_chunker | DEBUG    | text_chunker.py:95 | Created chunk 6: 49 chars
2026-01-20 18:32:15 | edumind.text_chunker | DEBUG    | text_chunker.py:95 | Created chunk 7: 48 chars
2026-01-20 18:32:15 | edumind.text_chunker | DEBUG    | text_chunker.py:95 | Created chunk 8: 47 chars
2026-01-20 18:32:15 | edumind.text_chunker | DEBUG    | text_chunker.py:95 | Created chunk 9: 46 chars
2026-01-20 18:32:15 | edumind.text_chunker | DEBUG    | text_chunker.py:95 | Created chunk 10: 44 chars
2026-01-20 18:32:15 | edumind.text_chunker | DEBUG    | text_chunker.py:95 | Created chunk 11: 49 chars
2026-01-20 18:32:15 | edumind.text_chunker | DEBUG    | text_chunker.py:95 | Created chunk 12: 48 chars
2026-01-20 18:32:15 | edumind.text_chunker | DEBUG    | text_chunker.py:95 | Created chunk 13: 47 chars
2026-01-20 18:32:15 | edumind.text_chunker | DEBUG    | text_chunker.py:95 | Created chunk 14: 46 chars
2026-01-20 18:32:15 | edumind.text_chunker | DEBUG    | text_chunker.py:95 | Created chunk 15: 44 chars
2026-01-20 18:32:15 | edumind.text_chunker | DEBUG    | text_chunker.py:95 | Created chunk 16: 49 chars
2026-01-20 18:32:15 | edumind.text_chunker | DEBUG    | text_chunker.py:95 | Created chunk 17: 48 chars
2026-01-20 18:32:15 | edumind.text_chunker | DEBUG    | text_chunker.py:95 | Created chunk 18: 47 chars
2026-01-20 18:32:15 | edumind.text_chunker | DEBUG    | text_chunker.py:95 | Created chunk 19: 46 chars
2026-01-20 18:32:15 | edumind.text_chunker | DEBUG    | text_chunker.py:95 | Created chunk 20: 44 chars
2026-01-20 18:32:15 | edumind.text_chunker | DEBUG    | text_chunker.py:95 | Created chunk 21: 49 chars
2026-01-20 18:32:15 | edumind.text_chunker | DEBUG    | text_chunker.py:95 | Created chunk 22: 48 chars
2026-01-20 18:32:15 | edumind.text_chunker | DEBUG    | text_chunker.py:95 | Created chunk 23: 47 chars
2026-01-20 18:32:15 | edumind.text_chunker | DEBUG    | text_chunker.py:95 | Created chunk 24: 46 chars
2026-01-20 18:32:15 | edumind.text_chunker | DEBUG    | text_chunker.py:95 | Created chunk 25: 44 chars
2026-01-20 18:32:15 | edumind.text_chunker | DEBUG    | text_chunker.py:95 | Created chunk 26: 49 chars
2026-01-20 18:32:15 | edumind.text_chunker | DEBUG    | text_chunker.py:95 | Created chunk 27: 48 chars
2026-01-20 18:32:15 | edumind.text_chunker | DEBUG    | text_chunker.py:95 | Created chunk 28: 47 chars
2026-01-20 18:32:15 | edumind.text_chunker | DEBUG    | text_chunker.py:95 | Created chunk 29: 46 chars
2026-01-20 18:32:15 | edumind.text_chunker | DEBUG    | text_chunker.py:95 | Created chunk 30: 44 chars
2026-01-20 18:32:15 | edumind.text_chunker | DEBUG    | text_chunker.py:95 | Created chunk 31: 49 chars
2026-01-20 18:32:15 | edumind.text_chunker | DEBUG    | text_chunker.py:95 | Created chunk 32: 48 chars
2026-01-20 18:32:15 | edumind.text_chunker | DEBUG    | text_chunker.py:95 | Created chunk 33: 47 chars
2026-01-20 18:32:15 | edumind.text_chunker | DEBUG    | text_chunker.py:95 | Created chunk 34: 46 chars
2026-01-20 18:32:15 | edumind.text_chunker | DEBUG    | text_chunker.py:95 | Created chunk 35: 44 chars
2026-01-20 18:32:15 | edumind.text_chunker | DEBUG    | text_chunker.py:95 | Created chunk 36: 49 chars
2026-01-20 18:32:15 | edumind.text_chunker | DEBUG    | text_chunker.py:95 | Created chunk 37: 48 chars
2026-01-20 18:32:15 | edumind.text_chunker | DEBUG    | text_chunker.py:95 | Created chunk 38: 47 chars
2026-01-20 18:32:15 | edumind.text_chunker | DEBUG    | text_chunker.py:95 | Created chunk 39: 46 chars
2026-01-20 18:32:15 | edumind.text_chunker | DEBUG    | text_chunker.py:95 | Created chunk 40: 44 chars
2026-01-20 18:32:15 | edumind.text_chunker | DEBUG    | text_chunker.py:95 | Created chunk 41: 49 chars
2026-01-20 18:32:15 | edumind.text_chunker | DEBUG    | text_chunker.py:95 | Created chunk 42: 48 chars
2026-01-20 18:32:15 | edumind.text_chunker | DEBUG    | text_chunker.py:95 | Created chunk 43: 47 chars
2026-01-20 18:32:15 | edumind.text_chunker | DEBUG    | text_chunker.py:95 | Created chunk 44: 46 chars
2026-01-20 18:32:15 | edumind.text_chunker | DEBUG    | text_chunker.py:95 | Created chunk 45: 44 chars
2026-01-20 18:32:15 | edumind.text_chunker | DEBUG    | text_chunker.py:95 | Created chunk 46: 49 chars
2026-01-20 18:32:15 | edumind.text_chunker | DEBUG    | text_chunker.py:95 | Created chunk 47: 48 chars
2026-01-20 18:32:15 | edumind.text_chunker | DEBUG    | text_chunker.py:95 | Created chunk 48: 47 chars
2026-01-20 18:32:15 | edumind.text_chunker | DEBUG    | text_chunker.py:95 | Created chunk 49: 46 chars
2026-01-20 18:32:15 | edumind.text_chunker | DEBUG    | text_chunker.py:95 | Created chunk 50: 44 chars
2026-01-20 18:32:15 | edumind.text_chunker | DEBUG    | text_chunker.py:95 | Created chunk 51: 49 chars
2026-01-20 18:32:15 | edumind.text_chunker | DEBUG    | text_chunker.py:95 | Created chunk 52: 48 chars
2026-01-20 18:32:15 | edumind.text_chunker | DEBUG    | text_chunker.py:95 | Created chunk 53: 47 chars
2026-01-20 18:32:15 | edumind.text_chunker | DEBUG    | text_chunker.py:95 | Created chunk 54: 46 chars
2026-01-20 18:32:15 | edumind.text_chunker | DEBUG    | text_chunker.py:95 | Created chunk 55: 44 chars
2026-01-20 18:32:15 | edumind.text_chunker | DEBUG    | text_chunker.py:95 | Created chunk 56: 49 chars
2026-01-20 18:32:15 | edumind.text_chunker | DEBUG    | text_chunker.py:95 | Created chunk 57: 48 chars
2026-01-20 18:32:15 | edumind.text_chunker | DEBUG    | text_chunker.py:95 | Created chunk 58: 47 chars
2026-01-20 18:32:15 | edumind.text_chunker | DEBUG    | text_chunker.py:95 | Created chunk 59: 46 chars
2026-01-20 18:32:15 | edumind.text_chunker | DEBUG    | text_chunker.py:95 | Created chunk 60: 44 chars
2026-01-20 18:32:15 | edumind.text_chunker | DEBUG    | text_chunker.py:95 | Created chunk 61: 49 chars
2026-01-20 18:32:15 | edumind.text_chunker | DEBUG    | text_chunker.py:95 | Created chunk 62: 48 chars
2026-01-20 18:32:15 | edumind.text_chunker | DEBUG    | text_chunker.py:95 | Created chunk 63: 47 chars
2026-01-20 18:32:15 | edumind.text_chunker | DEBUG    | text_chunker.py:95 | Created chunk 64: 46 chars
2026-01-20 18:32:15 | edumind.text_chunker | DEBUG    | text_chunker.py:95 | Created chunk 65: 44 chars
2026-01-20 18:32:15 | edumind.text_chunker | DEBUG    | text_chunker.py:95 | Created chunk 66: 49 chars
2026-01-20 18:32:15 | edumind.text_chunker | DEBUG    | text_chunker.py:95 | Created chunk 67: 48 chars
2026-01-20 18:32:15 | edumind.text_chunker | DEBUG    | text_chunker.py:95 | Created chunk 68: 47 chars
2026-01-20 18:32:15 | edumind.text_chunker | DEBUG    | text_chunker.py:95 | Created chunk 69: 46 chars
2026-01-20 18:32:15 | edumind.text_chunker | DEBUG    | text_chunker.py:95 | Created chunk 70: 44 chars
2026-01-20 18:32:15 | edumind.text_chunker | DEBUG    | text_chunker.py:95 | Created chunk 71: 49 chars
2026-01-20 18:32:15 | edumind.text_chunker | DEBUG    | text_chunker.py:95 | Created chunk 72: 48 chars
2026-01-20 18:32:15 | edumind.text_chunker | DEBUG    | text_chunker.py:95 | Created chunk 73: 47 chars
2026-01-20 18:32:15 | edumind.text_chunker | DEBUG    | text_chunker.py:95 | Created chunk 74: 46 chars
2026-01-20 18:32:15 | edumind.text_chunker | DEBUG    | text_chunker.py:95 | Created chunk 75: 44 chars
2026-01-20 18:32:15 | edumind.text_chunker | DEBUG    | text_chunker.py:95 | Created chunk 76: 49 chars
2026-01-20 18:32:15 | edumind.text_chunker | DEBUG    | text_chunker.py:95 | Created chunk 77: 48 chars
2026-01-20 18:32:15 | edumind.text_chunker | DEBUG    | text_chunker.py:95 | Created chunk 78: 47 chars
2026-01-20 18:32:15 | edumind.text_chunker | DEBUG    | text_chunker.py:95 | Created chunk 79: 46 chars
2026-01-20 18:32:15 | edumind.text_chunker | DEBUG    | text_chunker.py:95 | Created chunk 80: 44 chars
2026-01-20 18:32:15 | edumind.text_chunker | DEBUG    | text_chunker.py:95 | Created chunk 81: 49 chars
2026-01-20 18:32:15 | edumind.text_chunker | DEBUG    | text_chunker.py:95 | Created chunk 82: 48 chars
2026-01-20 18:32:15 | edumind.text_chunker | DEBUG    | text_chunker.py:95 | Created chunk 83: 47 chars
2026-01-20 18:32:15 | edumind.text_chunker | DEBUG    | text_chunker.py:95 | Created chunk 84: 46 chars
2026-01-20 18:32:15 | edumind.text_chunker | DEBUG    | text_chunker.py:95 | Created chunk 85: 44 chars
2026-01-20 18:32:15 | edumind.text_chunker | DEBUG    | text_chunker.py:95 | Created chunk 86: 49 chars
2026-01-20 18:32:15 | edumind.text_chunker | DEBUG    | text_chunker.py:95 | Created chunk 87: 48 chars
2026-01-20 18:32:15 | edumind.text_chunker | DEBUG    | text_chunker.py:95 | Created chunk 88: 47 chars
2026-01-20 18:32:15 | edumind.text_chunker | DEBUG    | text_chunker.py:95 | Created chunk 89: 46 chars
2026-01-20 18:32:15 | edumind.text_chunker | DEBUG    | text_chunker.py:95 | Created chunk 90: 44 chars
2026-01-20 18:32:15 | edumind.text_chunker | DEBUG    | text_chunker.py:95 | Created chunk 91: 49 chars
2026-01-20 18:32:15 | edumind.text_chunker | DEBUG    | text_chunker.py:95 | Created chunk 92: 48 chars
2026-01-20 18:32:15 | edumind.text_chunker | DEBUG    | text_chunker.py:95 | Created chunk 93: 47 chars
2026-01-20 18:32:15 | edumind.text_chunker | DEBUG    | text_chunker.py:95 | Created chunk 94: 46 chars
2026-01-20 18:32:15 | edumind.text_chunker | DEBUG    | text_chunker.py:95 | Created chunk 95: 44 chars
2026-01-20 18:32:15 | edumind.text_chunker | DEBUG    | text_chunker.py:95 | Created chunk 96: 49 chars
2026-01-20 18:32:15 | edumind.text_chunker | DEBUG    | text_chunker.py:95 | Created chunk 97: 48 chars
2026-01-20 18:32:15 | edumind.text_chunker | DEBUG    | text_chunker.py:95 | Created chunk 98: 47 chars
2026-01-20 18:32:15 | edumind.text_chunker | DEBUG    | text_chunker.py:95 | Created chunk 99: 46 chars
2026-01-20 18:32:15 | edumind.text_chunker | DEBUG    | text_chunker.py:95 | Created chunk 100: 44 chars
2026-01-20 18:32:15 | edumind.text_chunker | DEBUG    | text_chunker.py:95 | Created chunk 101: 49 chars
2026-01-20 18:32:15 | edumind.text_chunker | DEBUG    | text_chunker.py:95 | Created chunk 102: 48 chars
2026-01-20 18:32:15 | edumind.text_chunker | DEBUG    | text_chunker.py:95 | Created chunk 103: 47 chars
2026-01-20 18:32:15 | edumind.text_chunker | DEBUG    | text_chunker.py:95 | Created chunk 104: 46 chars
2026-01-20 18:32:15 | edumind.text_chunker | DEBUG    | text_chunker.py:95 | Created chunk 105: 44 chars
2026-01-20 18:32:15 | edumind.text_chunker | DEBUG    | text_chunker.py:95 | Created chunk 106: 49 chars
2026-01-20 18:32:15 | edumind.text_chunker | DEBUG    | text_chunker.py:95 | Created chunk 107: 48 chars
2026-01-20 18:32:15 | edumind.text_chunker | DEBUG    | text_chunker.py:95 | Created chunk 108: 47 chars
2026-01-20 18:32:15 | edumind.text_chunker | DEBUG    | text_chunker.py:95 | Created chunk 109: 46 chars
2026-01-20 18:32:15 | edumind.text_chunker | DEBUG    | text_chunker.py:95 | Created chunk 110: 44 chars
2026-01-20 18:32:15 | edumind.text_chunker | DEBUG    | text_chunker.py:95 | Created chunk 111: 49 chars
2026-01-20 18:32:15 | edumind.text_chunker | DEBUG    | text_chunker.py:95 | Created chunk 112: 48 chars
2026-01-20 18:32:15 | edumind.text_chunker | DEBUG    | text_chunker.py:95 | Created chunk 113: 47 chars
2026-01-20 18:32:15 | edumind.text_chunker | DEBUG    | text_chunker.py:95 | Created chunk 114: 46 chars
2026-01-20 18:32:15 | edumind.text_chunker | DEBUG    | text_chunker.py:95 | Created chunk 115: 44 chars
2026-01-20 18:32:15 | edumind.text_chunker | DEBUG    | text_chunker.py:95 | Created chunk 116: 49 chars
2026-01-20 18:32:15 | edumind.text_chunker | DEBUG    | text_chunker.py:95 | Created chunk 117: 48 chars
2026-01-20 18:32:15 | edumind.text_chunker | DEBUG    | text_chunker.py:95 | Created chunk 118: 47 chars
2026-01-20 18:32:15 | edumind.text_chunker | DEBUG    | text_chunker.py:95 | Created chunk 119: 46 chars
2026-01-20 18:32:15 | edumind.text_chunker | DEBUG    | text_chunker.py:95 | Created chunk 120: 44 chars
2026-01-20 18:32:15 | edumind.text_chunker | DEBUG    | text_chunker.py:95 | Created chunk 121: 49 chars
2026-01-20 18:32:15 | edumind.text_chunker | DEBUG    | text_chunker.py:95 | Created chunk 122: 48 chars
2026-01-20 18:32:15 | edumind.text_chunker | DEBUG    | text_chunker.py:95 | Created chunk 123: 47 chars
2026-01-20 18:32:15 | edumind.text_chunker | DEBUG    | text_chunker.py:95 | Created chunk 124: 46 chars
2026-01-20 18:32:15 | edumind.text_chunker | DEBUG    | text_chunker.py:95 | Created chunk 125: 44 chars
2026-01-20 18:32:15 | edumind.text_chunker | DEBUG    | text_chunker.py:95 | Created chunk 126: 49 chars
2026-01-20 18:32:15 | edumind.text_chunker | DEBUG    | text_chunker.py:95 | Created chunk 127: 48 chars
2026-01-20 18:32:15 | edumind.text_chunker | DEBUG    | text_chunker.py:95 | Created chunk 128: 47 chars
2026-01-20 18:32:15 | edumind.text_chunker | DEBUG    | text_chunker.py:95 | Created chunk 129: 46 chars
2026-01-20 18:32:15 | edumind.text_chunker | DEBUG    | text_chunker.py:95 | Created chunk 130: 44 chars
2026-01-20 18:32:15 | edumind.text_chunker | DEBUG    | text_chunker.py:95 | Created chunk 131: 49 chars
2026-01-20 18:32:15 | edumind.text_chunker | DEBUG    | text_chunker.py:95 | Created chunk 132: 48 chars
2026-01-20 18:32:15 | edumind.text_chunker | DEBUG    | text_chunker.py:95 | Created chunk 133: 47 chars
2026-01-20 18:32:15 | edumind.text_chunker | DEBUG    | text_chunker.py:95 | Created chunk 134: 46 chars
2026-01-20 18:32:15 | edumind.text_chunker | DEBUG    | text_chunker.py:95 | Created chunk 135: 44 chars
2026-01-20 18:32:15 | edumind.text_chunker | DEBUG    | text_chunker.py:95 | Created chunk 136: 49 chars
2026-01-20 18:32:15 | edumind.text_chunker | DEBUG    | text_chunker.py:95 | Created chunk 137: 48 chars
2026-01-20 18:32:15 | edumind.text_chunker | DEBUG    | text_chunker.py:95 | Created chunk 138: 47 chars
2026-01-20 18:32:15 | edumind.text_chunker | DEBUG    | text_chunker.py:95 | Created chunk 139: 46 chars
2026-01-20 18:32:15 | edumind.text_chunker | DEBUG    | text_chunker.py:95 | Created chunk 140: 44 chars
2026-01-20 18:32:15 | edumind.text_chunker | DEBUG    | text_chunker.py:95 | Created chunk 141: 49 chars
2026-01-20 18:32:15 | edumind.text_chunker | DEBUG    | text_chunker.py:95 | Created chunk 142: 48 chars
2026-01-20 18:32:15 | edumind.text_chunker | DEBUG    | text_chunker.py:95 | Created chunk 143: 47 chars
2026-01-20 18:32:15 | edumind.text_chunker | DEBUG    | text_chunker.py:95 | Created chunk 144: 46 chars
2026-01-20 18:32:15 | edumind.text_chunker | DEBUG    | text_chunker.py:95 | Created chunk 145: 44 chars
2026-01-20 18:32:15 | edumind.text_chunker | DEBUG    | text_chunker.py:95 | Created chunk 146: 49 chars
2026-01-20 18:32:15 | edumind.text_chunker | DEBUG    | text_chunker.py:95 | Created chunk 147: 48 chars
2026-01-20 18:32:15 | edumind.text_chunker | DEBUG    | text_chunker.py:95 | Created chunk 148: 47 chars
2026-01-20 18:32:15 | edumind.text_chunker | DEBUG    | text_chunker.py:95 | Created chunk 149: 46 chars
2026-01-20 18:32:15 | edumind.text_chunker | DEBUG    | text_chunker.py:95 | Created chunk 150: 44 chars
2026-01-20 18:32:15 | edumind.text_chunker | DEBUG    | text_chunker.py:95 | Created chunk 151: 49 chars
2026-01-20 18:32:15 | edumind.text_chunker | DEBUG    | text_chunker.py:95 | Created chunk 152: 48 chars
2026-01-20 18:32:15 | edumind.text_chunker | DEBUG    | text_chunker.py:95 | Created chunk 153: 47 chars
2026-01-20 18:32:15 | edumind.text_chunker | DEBUG    | text_chunker.py:95 | Created chunk 154: 46 chars
2026-01-20 18:32:15 | edumind.text_chunker | DEBUG    | text_chunker.py:95 | Created chunk 155: 44 chars
2026-01-20 18:32:15 | edumind.text_chunker | DEBUG    | text_chunker.py:95 | Created chunk 156: 49 chars
2026-01-20 18:32:15 | edumind.text_chunker | DEBUG    | text_chunker.py:95 | Created chunk 157: 48 chars
2026-01-20 18:32:15 | edumind.text_chunker | DEBUG    | text_chunker.py:95 | Created chunk 158: 47 chars
2026-01-20 18:32:15 | edumind.text_chunker | DEBUG    | text_chunker.py:95 | Created chunk 159: 46 chars
2026-01-20 18:32:15 | edumind.text_chunker | DEBUG    | text_chunker.py:95 | Created chunk 160: 44 chars
2026-01-20 18:32:15 | edumind.text_chunker | DEBUG    | text_chunker.py:95 | Created chunk 161: 49 chars
2026-01-20 18:32:15 | edumind.text_chunker | DEBUG    | text_chunker.py:95 | Created chunk 162: 48 chars
2026-01-20 18:32:15 | edumind.text_chunker | DEBUG    | text_chunker.py:95 | Created chunk 163: 47 chars
2026-01-20 18:32:15 | edumind.text_chunker | DEBUG    | text_chunker.py:95 | Created chunk 164: 46 chars
2026-01-20 18:32:15 | edumind.text_chunker | DEBUG    | text_chunker.py:95 | Created chunk 165: 44 chars
2026-01-20 18:32:15 | edumind.text_chunker | DEBUG    | text_chunker.py:95 | Created chunk 166: 49 chars
2026-01-20 18:32:15 | edumind.text_chunker | DEBUG    | text_chunker.py:95 | Created chunk 167: 48 chars
2026-01-20 18:32:15 | edumind.text_chunker | DEBUG    | text_chunker.py:95 | Created chunk 168: 47 chars
2026-01-20 18:32:15 | edumind.text_chunker | DEBUG    | text_chunker.py:95 | Created chunk 169: 46 chars
2026-01-20 18:32:15 | edumind.text_chunker | DEBUG    | text_chunker.py:95 | Created chunk 170: 44 chars
2026-01-20 18:32:15 | edumind.text_chunker | DEBUG    | text_chunker.py:95 | Created chunk 171: 49 chars
2026-01-20 18:32:15 | edumind.text_chunker | DEBUG    | text_chunker.py:95 | Created chunk 172: 48 chars
2026-01-20 18:32:15 | edumind.text_chunker | DEBUG    | text_chunker.py:95 | Created chunk 173: 47 chars
2026-01-20 18:32:15 | edumind.text_chunker | DEBUG    | text_chunker.py:95 | Created chunk 174: 46 chars
2026-01-20 18:32:15 | edumind.text_chunker | DEBUG    | text_chunker.py:95 | Created chunk 175: 44 chars
2026-01-20 18:32:15 | edumind.text_chunker | DEBUG    | text_chunker.py:95 | Created chunk 176: 49 chars
2026-01-20 18:32:15 | edumind.text_chunker | DEBUG    | text_chunker.py:95 | Created chunk 177: 48 chars
2026-01-20 18:32:15 | edumind.text_chunker | DEBUG    | text_chunker.py:95 | Created chunk 178: 47 chars
2026-01-20 18:32:15 | edumind.text_chunker | DEBUG    | text_chunker.py:95 | Created chunk 179: 46 chars
2026-01-20 18:32:15 | edumind.text_chunker | DEBUG    | text_chunker.py:95 | Created chunk 180: 44 chars
2026-01-20 18:32:15 | edumind.text_chunker | DEBUG    | text_chunker.py:95 | Created chunk 181: 49 chars
2026-01-20 18:32:15 | edumind.text_chunker | DEBUG    | text_chunker.py:95 | Created chunk 182: 48 chars
2026-01-20 18:32:15 | edumind.text_chunker | DEBUG    | text_chunker.py:95 | Created chunk 183: 47 chars
2026-01-20 18:32:15 | edumind.text_chunker | DEBUG    | text_chunker.py:95 | Created chunk 184: 46 chars
2026-01-20 18:32:15 | edumind.text_chunker | DEBUG    | text_chunker.py:95 | Created chunk 185: 44 chars
2026-01-20 18:32:15 | edumind.text_chunker | DEBUG    | text_chunker.py:95 | Created chunk 186: 49 chars
2026-01-20 18:32:15 | edumind.text_chunker | DEBUG    | text_chunker.py:95 | Created chunk 187: 48 chars
2026-01-20 18:32:15 | edumind.text_chunker | DEBUG    | text_chunker.py:95 | Created chunk 188: 47 chars
2026-01-20 18:32:15 | edumind.text_chunker | DEBUG    | text_chunker.py:95 | Created chunk 189: 46 chars
2026-01-20 18:32:15 | edumind.text_chunker | DEBUG    | text_chunker.py:95 | Created chunk 190: 44 chars
2026-01-20 18:32:15 | edumind.text_chunker | DEBUG    | text_chunker.py:95 | Created chunk 191: 49 chars
2026-01-20 18:32:15 | edumind.text_chunker | DEBUG    | text_chunker.py:95 | Created chunk 192: 48 chars
2026-01-20 18:32:15 | edumind.text_chunker | DEBUG    | text_chunker.py:95 | Created chunk 193: 47 chars
2026-01-20 18:32:15 | edumind.text_chunker | DEBUG    | text_chunker.py:95 | Created chunk 194: 46 chars
2026-01-20 18:32:15 | edumind.text_chunker | DEBUG    | text_chunker.py:95 | Created chunk 195: 44 chars
2026-01-20 18:32:15 | edumind.text_chunker | DEBUG    | text_chunker.py:95 | Created chunk 196: 49 chars
2026-01-20 18:32:15 | edumind.text_chunker | DEBUG    | text_chunker.py:95 | Created chunk 197: 48 chars
2026-01-20 18:32:15 | edumind.text_chunker | DEBUG    | text_chunker.py:95 | Created chunk 198: 47 chars
2026-01-20 18:32:15 | edumind.text_chunker | DEBUG    | text_chunker.py:95 | Created chunk 199: 46 chars
2026-01-20 18:32:15 | edumind.text_chunker | DEBUG    | text_chunker.py:95 | Created chunk 200: 44 chars
2026-01-20 18:32:15 | edumind.text_chunker | DEBUG    | text_chunker.py:95 | Created chunk 201: 49 chars
2026-01-20 18:32:15 | edumind.text_chunker | DEBUG    | text_chunker.py:95 | Created chunk 202: 48 chars
2026-01-20 18:32:15 | edumind.text_chunker | DEBUG    | text_chunker.py:95 | Created chunk 203: 47 chars
2026-01-20 18:32:15 | edumind.text_chunker | DEBUG    | text_chunker.py:95 | Created chunk 204: 46 chars
2026-01-20 18:32:15 | edumind.text_chunker | DEBUG    | text_chunker.py:95 | Created chunk 205: 44 chars
2026-01-20 18:32:15 | edumind.text_chunker | DEBUG    | text_chunker.py:95 | Created chunk 206: 49 chars
2026-01-20 18:32:15 | edumind.text_chunker | DEBUG    | text_chunker.py:95 | Created chunk 207: 48 chars
2026-01-20 18:32:15 | edumind.text_chunker | DEBUG    | text_chunker.py:95 | Created chunk 208: 47 chars
2026-01-20 18:32:15 | edumind.text_chunker | DEBUG    | text_chunker.py:95 | Created chunk 209: 46 chars
2026-01-20 18:32:15 | edumind.text_chunker | DEBUG    | text_chunker.py:95 | Created chunk 210: 44 chars
2026-01-20 18:32:15 | edumind.text_chunker | DEBUG    | text_chunker.py:95 | Created chunk 211: 49 chars
2026-01-20 18:32:15 | edumind.text_chunker | DEBUG    | text_chunker.py:95 | Created chunk 212: 48 chars
2026-01-20 18:32:15 | edumind.text_chunker | DEBUG    | text_chunker.py:95 | Created chunk 213: 47 chars
2026-01-20 18:32:15 | edumind.text_chunker | DEBUG    | text_chunker.py:95 | Created chunk 214: 46 chars
2026-01-20 18:32:15 | edumind.text_chunker | DEBUG    | text_chunker.py:95 | Created chunk 215: 44 chars
2026-01-20 18:32:15 | edumind.text_chunker | DEBUG    | text_chunker.py:95 | Created chunk 216: 49 chars
2026-01-20 18:32:15 | edumind.text_chunker | DEBUG    | text_chunker.py:95 | Created chunk 217: 48 chars
2026-01-20 18:32:15 | edumind.text_chunker | DEBUG    | text_chunker.py:95 | Created chunk 218: 47 chars
2026-01-20 18:32:15 | edumind.text_chunker | DEBUG    | text_chunker.py:95 | Created chunk 219: 46 chars
2026-01-20 18:32:15 | edumind.text_chunker | DEBUG    | text_chunker.py:95 | Created chunk 220: 44 chars
2026-01-20 18:32:15 | edumind.text_chunker | DEBUG    | text_chunker.py:95 | Created chunk 221: 49 chars
2026-01-20 18:32:15 | edumind.text_chunker | DEBUG    | text_chunker.py:95 | Created chunk 222: 48 chars
2026-01-20 18:32:15 | edumind.text_chunker | DEBUG    | text_chunker.py:95 | Created chunk 223: 47 chars
2026-01-20 18:32:15 | edumind.text_chunker | DEBUG    | text_chunker.py:95 | Created chunk 224: 46 chars
2026-01-20 18:32:15 | edumind.text_chunker | DEBUG    | text_chunker.py:95 | Created chunk 225: 44 chars
2026-01-20 18:32:15 | edumind.text_chunker | DEBUG    | text_chunker.py:95 | Created chunk 226: 49 chars
2026-01-20 18:32:15 | edumind.text_chunker | DEBUG    | text_chunker.py:95 | Created chunk 227: 48 chars
2026-01-20 18:32:15 | edumind.text_chunker | DEBUG    | text_chunker.py:95 | Created chunk 228: 47 chars
2026-01-20 18:32:15 | edumind.text_chunker | DEBUG    | text_chunker.py:95 | Created chunk 229: 46 chars
2026-01-20 18:32:15 | edumind.text_chunker | DEBUG    | text_chunker.py:95 | Created chunk 230: 44 chars
2026-01-20 18:32:15 | edumind.text_chunker | DEBUG    | text_chunker.py:95 | Created chunk 231: 49 chars
2026-01-20 18:32:15 | edumind.text_chunker | DEBUG    | text_chunker.py:95 | Created chunk 232: 48 chars
2026-01-20 18:32:15 | edumind.text_chunker | DEBUG    | text_chunker.py:95 | Created chunk 233: 47 chars
2026-01-20 18:32:15 | edumind.text_chunker | DEBUG    | text_chunker.py:95 | Created chunk 234: 46 chars
2026-01-20 18:32:15 | edumind.text_chunker | DEBUG    | text_chunker.py:95 | Created chunk 235: 44 chars
2026-01-20 18:32:15 | edumind.text_chunker | DEBUG    | text_chunker.py:95 | Created chunk 236: 49 chars
2026-01-20 18:32:15 | edumind.text_chunker | DEBUG    | text_chunker.py:95 | Created chunk 237: 48 chars
2026-01-20 18:32:15 | edumind.text_chunker | DEBUG    | text_chunker.py:95 | Created chunk 238: 47 chars
2026-01-20 18:32:15 | edumind.text_chunker | DEBUG    | text_chunker.py:95 | Created chunk 239: 46 chars
2026-01-20 18:32:15 | edumind.text_chunker | DEBUG    | text_chunker.py:95 | Created chunk 240: 44 chars
2026-01-20 18:32:15 | edumind.text_chunker | DEBUG    | text_chunker.py:95 | Created chunk 241: 49 chars
2026-01-20 18:32:15 | edumind.text_chunker | DEBUG    | text_chunker.py:95 | Created chunk 242: 48 chars
2026-01-20 18:32:15 | edumind.text_chunker | DEBUG    | text_chunker.py:95 | Created chunk 243: 47 chars
2026-01-20 18:32:15 | edumind.text_chunker | DEBUG    | text_chunker.py:95 | Created chunk 244: 46 chars
2026-01-20 18:32:15 | edumind.text_chunker | DEBUG    | text_chunker.py:95 | Created chunk 245: 44 chars
2026-01-20 18:32:15 | edumind.text_chunker | DEBUG    | text_chunker.py:95 | Created chunk 246: 49 chars
2026-01-20 18:32:15 | edumind.text_chunker | DEBUG    | text_chunker.py:95 | Created chunk 247: 48 chars
2026-01-20 18:32:15 | edumind.text_chunker | DEBUG    | text_chunker.py:95 | Created chunk 248: 47 chars
2026-01-20 18:32:15 | edumind.text_chunker | DEBUG    | text_chunker.py:95 | Created chunk 249: 46 chars
2026-01-20 18:32:15 | edumind.text_chunker | DEBUG    | text_chunker.py:95 | Created chunk 250: 44 chars
2026-01-20 18:32:15 | edumind.text_chunker | DEBUG    | text_chunker.py:95 | Created chunk 251: 49 chars
2026-01-20 18:32:15 | edumind.text_chunker | DEBUG    | text_chunker.py:95 | Created chunk 252: 48 chars
2026-01-20 18:32:15 | edumind.text_chunker | DEBUG    | text_chunker.py:95 | Created chunk 253: 47 chars
2026-01-20 18:32:15 | edumind.text_chunker | DEBUG    | text_chunker.py:95 | Created chunk 254: 46 chars
2026-01-20 18:32:15 | edumind.text_chunker | DEBUG    | text_chunker.py:95 | Created chunk 255: 44 chars
2026-01-20 18:32:15 | edumind.text_chunker | DEBUG    | text_chunker.py:95 | Created chunk 256: 49 chars
2026-01-20 18:32:15 | edumind.text_chunker | DEBUG    | text_chunker.py:95 | Created chunk 257: 48 chars
2026-01-20 18:32:15 | edumind.text_chunker | DEBUG    | text_chunker.py:95 | Created chunk 258: 47 chars
2026-01-20 18:32:15 | edumind.text_chunker | DEBUG    | text_chunker.py:95 | Created chunk 259: 46 chars
2026-01-20 18:32:15 | edumind.text_chunker | DEBUG    | text_chunker.py:95 | Created chunk 260: 44 chars
2026-01-20 18:32:15 | edumind.text_chunker | DEBUG    | text_chunker.py:95 | Created chunk 261: 49 chars
2026-01-20 18:32:15 | edumind.text_chunker | DEBUG    | text_chunker.py:95 | Created chunk 262: 48 chars
2026-01-20 18:32:15 | edumind.text_chunker | DEBUG    | text_chunker.py:95 | Created chunk 263: 47 chars
2026-01-20 18:32:15 | edumind.text_chunker | DEBUG    | text_chunker.py:95 | Created chunk 264: 46 chars
2026-01-20 18:32:15 | edumind.text_chunker | DEBUG    | text_chunker.py:95 | Created chunk 265: 44 chars
2026-01-20 18:32:15 | edumind.text_chunker | DEBUG    | text_chunker.py:95 | Created chunk 266: 49 chars
2026-01-20 18:32:15 | edumind.text_chunker | DEBUG    | text_chunker.py:95 | Created chunk 267: 48 chars
2026-01-20 18:32:15 | edumind.text_chunker | DEBUG    | text_chunker.py:95 | Created chunk 268: 47 chars
2026-01-20 18:32:15 | edumind.text_chunker | DEBUG    | text_chunker.py:95 | Created chunk 269: 46 chars
2026-01-20 18:32:15 | edumind.text_chunker | DEBUG    | text_chunker.py:95 | Created chunk 270: 44 chars
2026-01-20 18:32:15 | edumind.text_chunker | DEBUG    | text_chunker.py:95 | Created chunk 271: 49 chars
2026-01-20 18:32:15 | edumind.text_chunker | DEBUG    | text_chunker.py:95 | Created chunk 272: 48 chars
2026-01-20 18:32:15 | edumind.text_chunker | DEBUG    | text_chunker.py:95 | Created chunk 273: 47 chars
2026-01-20 18:32:15 | edumind.text_chunker | DEBUG    | text_chunker.py:95 | Created chunk 274: 46 chars
2026-01-20 18:32:15 | edumind.text_chunker | DEBUG    | text_chunker.py:95 | Created chunk 275: 44 chars
2026-01-20 18:32:15 | edumind.text_chunker | DEBUG    | text_chunker.py:95 | Created chunk 276: 49 chars
2026-01-20 18:32:15 | edumind.text_chunker | DEBUG    | text_chunker.py:95 | Created chunk 277: 48 chars
2026-01-20 18:32:15 | edumind.text_chunker | DEBUG    | text_chunker.py:95 | Created chunk 278: 47 chars
2026-01-20 18:32:15 | edumind.text_chunker | DEBUG    | text_chunker.py:95 | Created chunk 279: 46 chars
2026-01-20 18:32:15 | edumind.text_chunker | DEBUG    | text_chunker.py:95 | Created chunk 280: 44 chars
2026-01-20 18:32:15 | edumind.text_chunker | DEBUG    | text_chunker.py:95 | Created chunk 281: 49 chars
2026-01-20 18:32:15 | edumind.text_chunker | DEBUG    | text_chunker.py:95 | Created chunk 282: 48 chars
2026-01-20 18:32:15 | edumind.text_chunker | DEBUG    | text_chunker.py:95 | Created chunk 283: 47 chars
2026-01-20 18:32:15 | edumind.text_chunker | DEBUG    | text_chunker.py:95 | Created chunk 284: 46 chars
2026-01-20 18:32:15 | edumind.text_chunker | DEBUG    | text_chunker.py:95 | Created chunk 285: 44 chars
2026-01-20 18:32:15 | edumind.text_chunker | DEBUG    | text_chunker.py:95 | Created chunk 286: 49 chars
2026-01-20 18:32:15 | edumind.text_chunker | DEBUG    | text_chunker.py:95 | Created chunk 287: 48 chars
2026-01-20 18:32:15 | edumind.text_chunker | DEBUG    | text_chunker.py:95 | Created chunk 288: 47 chars
2026-01-20 18:32:15 | edumind.text_chunker | DEBUG    | text_chunker.py:95 | Created chunk 289: 46 chars
2026-01-20 18:32:15 | edumind.text_chunker | DEBUG    | text_chunker.py:95 | Created chunk 290: 44 chars
2026-01-20 18:32:15 | edumind.text_chunker | DEBUG    | text_chunker.py:95 | Created chunk 291: 49 chars
2026-01-20 18:32:15 | edumind.text_chunker | DEBUG    | text_chunker.py:95 | Created chunk 292: 48 chars
2026-01-20 18:32:15 | edumind.text_chunker | DEBUG    | text_chunker.py:95 | Created chunk 293: 47 chars
2026-01-20 18:32:15 | edumind.text_chunker | DEBUG    | text_chunker.py:95 | Created chunk 294: 46 chars
2026-01-20 18:32:15 | edumind.text_chunker | DEBUG    | text_chunker.py:95 | Created chunk 295: 44 chars
2026-01-20 18:32:15 | edumind.text_chunker | DEBUG    | text_chunker.py:95 | Created chunk 296: 49 chars
2026-01-20 18:32:15 | edumind.text_chunker | DEBUG    | text_chunker.py:95 | Created chunk 297: 48 chars
2026-01-20 18:32:15 | edumind.text_chunker | DEBUG    | text_chunker.py:95 | Created chunk 298: 47 chars
2026-01-20 18:32:15 | edumind.text_chunker | DEBUG    | text_chunker.py:95 | Created chunk 299: 46 chars
2026-01-20 18:32:15 | edumind.text_chunker | DEBUG    | text_chunker.py:95 | Created chunk 300: 44 chars
2026-01-20 18:32:15 | edumind.text_chunker | DEBUG    | text_chunker.py:95 | Created chunk 301: 49 chars
2026-01-20 18:32:15 | edumind.text_chunker | DEBUG    | text_chunker.py:95 | Created chunk 302: 48 chars
2026-01-20 18:32:15 | edumind.text_chunker | DEBUG    | text_chunker.py:95 | Created chunk 303: 47 chars
2026-01-20 18:32:15 | edumind.text_chunker | DEBUG    | text_chunker.py:95 | Created chunk 304: 46 chars
2026-01-20 18:32:15 | edumind.text_chunker | DEBUG    | text_chunker.py:95 | Created chunk 305: 44 chars
2026-01-20 18:32:15 | edumind.text_chunker | DEBUG    | text_chunker.py:95 | Created chunk 306: 49 chars
2026-01-20 18:32:15 | edumind.text_chunker | DEBUG    | text_chunker.py:95 | Created chunk 307: 48 chars
2026-01-20 18:32:15 | edumind.text_chunker | DEBUG    | text_chunker.py:95 | Created chunk 308: 47 chars
2026-01-20 18:32:15 | edumind.text_chunker | DEBUG    | text_chunker.py:95 | Created chunk 309: 46 chars
2026-01-20 18:32:15 | edumind.text_chunker | DEBUG    | text_chunker.py:95 | Created chunk 310: 44 chars
2026-01-20 18:32:15 | edumind.text_chunker | DEBUG    | text_chunker.py:95 | Created chunk 311: 49 chars
2026-01-20 18:32:15 | edumind.text_chunker | DEBUG    | text_chunker.py:95 | Created chunk 312: 48 chars
2026-01-20 18:32:15 | edumind.text_chunker | DEBUG    | text_chunker.py:95 | Created chunk 313: 47 chars
2026-01-20 18:32:15 | edumind.text_chunker | DEBUG    | text_chunker.py:95 | Created chunk 314: 46 chars
2026-01-20 18:32:15 | edumind.text_chunker | DEBUG    | text_chunker.py:95 | Created chunk 315: 44 chars
2026-01-20 18:32:15 | edumind.text_chunker | DEBUG    | text_chunker.py:95 | Created chunk 316: 49 chars
2026-01-20 18:32:15 | edumind.text_chunker | DEBUG    | text_chunker.py:95 | Created chunk 317: 48 chars
2026-01-20 18:32:15 | edumind.text_chunker | DEBUG    | text_chunker.py:95 | Created chunk 318: 47 chars
2026-01-20 18:32:15 | edumind.text_chunker | DEBUG    | text_chunker.py:95 | Created chunk 319: 46 chars
2026-01-20 18:32:15 | edumind.text_chunker | DEBUG    | text_chunker.py:95 | Created chunk 320: 44 chars
2026-01-20 18:32:15 | edumind.text_chunker | DEBUG    | text_chunker.py:95 | Created chunk 321: 49 chars
2026-01-20 18:32:15 | edumind.text_chunker | DEBUG    | text_chunker.py:95 | Created chunk 322: 48 chars
2026-01-20 18:32:15 | edumind.text_chunker | DEBUG    | text_chunker.py:95 | Created chunk 323: 47 chars
2026-01-20 18:32:15 | edumind.text_chunker | DEBUG    | text_chunker.py:95 | Created chunk 324: 46 chars
2026-01-20 18:32:15 | edumind.text_chunker | DEBUG    | text_chunker.py:95 | Created chunk 325: 44 chars
2026-01-20 18:32:15 | edumind.text_chunker | DEBUG    | text_chunker.py:95 | Created chunk 326: 49 chars
2026-01-20 18:32:15 | edumind.text_chunker | DEBUG    | text_chunker.py:95 | Created chunk 327: 48 chars
2026-01-20 18:32:15 | edumind.text_chunker | DEBUG    | text_chunker.py:95 | Created chunk 328: 47 chars
2026-01-20 18:32:15 | edumind.text_chunker | DEBUG    | text_chunker.py:95 | Created chunk 329: 46 chars
2026-01-20 18:32:15 | edumind.text_chunker | DEBUG    | text_chunker.py:95 | Created chunk 330: 44 chars
2026-01-20 18:32:15 | edumind.text_chunker | DEBUG    | text_chunker.py:95 | Created chunk 331: 49 chars
2026-01-20 18:32:15 | edumind.text_chunker | DEBUG    | text_chunker.py:95 | Created chunk 332: 48 chars
2026-01-20 18:32:15 | edumind.text_chunker | DEBUG    | text_chunker.py:95 | Created chunk 333: 47 chars
2026-01-20 18:32:15 | edumind.text_chunker | DEBUG    | text_chunker.py:95 | Created chunk 334: 46 chars
2026-01-20 18:32:15 | edumind.text_chunker | DEBUG    | text_chunker.py:95 | Created chunk 335: 44 chars
2026-01-20 18:32:15 | edumind.text_chunker | DEBUG    | text_chunker.py:95 | Created chunk 336: 49 chars
2026-01-20 18:32:15 | edumind.text_chunker | DEBUG    | text_chunker.py:95 | Created chunk 337: 48 chars
2026-01-20 18:32:15 | edumind.text_chunker | DEBUG    | text_chunker.py:95 | Created chunk 338: 47 chars
2026-01-20 18:32:15 | edumind.text_chunker | DEBUG    | text_chunker.py:95 | Created chunk 339: 46 chars
2026-01-20 18:32:15 | edumind.text_chunker | DEBUG    | text_chunker.py:95 | Created chunk 340: 44 chars
2026-01-20 18:32:15 | edumind.text_chunker | DEBUG    | text_chunker.py:95 | Created chunk 341: 49 chars
2026-01-20 18:32:15 | edumind.text_chunker | DEBUG    | text_chunker.py:95 | Created chunk 342: 48 chars
2026-01-20 18:32:15 | edumind.text_chunker | DEBUG    | text_chunker.py:95 | Created chunk 343: 47 chars
2026-01-20 18:32:15 | edumind.text_chunker | DEBUG    | text_chunker.py:95 | Created chunk 344: 46 chars
2026-01-20 18:32:15 | edumind.text_chunker | DEBUG    | text_chunker.py:95 | Created chunk 345: 44 chars
2026-01-20 18:32:15 | edumind.text_chunker | DEBUG    | text_chunker.py:95 | Created chunk 346: 49 chars
2026-01-20 18:32:15 | edumind.text_chunker | DEBUG    | text_chunker.py:95 | Created chunk 347: 48 chars
2026-01-20 18:32:15 | edumind.text_chunker | DEBUG    | text_chunker.py:95 | Created chunk 348: 47 chars
2026-01-20 18:32:15 | edumind.text_chunker | DEBUG    | text_chunker.py:95 | Created chunk 349: 46 chars
2026-01-20 18:32:15 | edumind.text_chunker | DEBUG    | text_chunker.py:95 | Created chunk 350: 44 chars
2026-01-20 18:32:15 | edumind.text_chunker | DEBUG    | text_chunker.py:95 | Created chunk 351: 49 chars
2026-01-20 18:32:15 | edumind.text_chunker | DEBUG    | text_chunker.py:95 | Created chunk 352: 48 chars
2026-01-20 18:32:15 | edumind.text_chunker | DEBUG    | text_chunker.py:95 | Created chunk 353: 47 chars
2026-01-20 18:32:15 | edumind.text_chunker | DEBUG    | text_chunker.py:95 | Created chunk 354: 46 chars
2026-01-20 18:32:15 | edumind.text_chunker | DEBUG    | text_chunker.py:95 | Created chunk 355: 44 chars
2026-01-20 18:32:15 | edumind.text_chunker | DEBUG    | text_chunker.py:95 | Created chunk 356: 49 chars
2026-01-20 18:32:15 | edumind.text_chunker | DEBUG    | text_chunker.py:95 | Created chunk 357: 48 chars
2026-01-20 18:32:15 | edumind.text_chunker | DEBUG    | text_chunker.py:95 | Created chunk 358: 47 chars
2026-01-20 18:32:15 | edumind.text_chunker | DEBUG    | text_chunker.py:95 | Created chunk 359: 46 chars
2026-01-20 18:32:15 | edumind.text_chunker | DEBUG    | text_chunker.py:95 | Created chunk 360: 44 chars
2026-01-20 18:32:15 | edumind.text_chunker | DEBUG    | text_chunker.py:95 | Created chunk 361: 49 chars
2026-01-20 18:32:15 | edumind.text_chunker | DEBUG    | text_chunker.py:95 | Created chunk 362: 48 chars
2026-01-20 18:32:15 | edumind.text_chunker | DEBUG    | text_chunker.py:95 | Created chunk 363: 47 chars
2026-01-20 18:32:15 | edumind.text_chunker | DEBUG    | text_chunker.py:95 | Created chunk 364: 46 chars
2026-01-20 18:32:15 | edumind.text_chunker | DEBUG    | text_chunker.py:95 | Created chunk 365: 44 chars
2026-01-20 18:32:15 | edumind.text_chunker | DEBUG    | text_chunker.py:95 | Created chunk 366: 49 chars
2026-01-20 18:32:15 | edumind.text_chunker | DEBUG    | text_chunker.py:95 | Created chunk 367: 48 chars
2026-01-20 18:32:15 | edumind.text_chunker | DEBUG    | text_chunker.py:95 | Created chunk 368: 47 chars
2026-01-20 18:32:15 | edumind.text_chunker | DEBUG    | text_chunker.py:95 | Created chunk 369: 46 chars
2026-01-20 18:32:15 | edumind.text_chunker | DEBUG    | text_chunker.py:95 | Created chunk 370: 44 chars
2026-01-20 18:32:15 | edumind.text_chunker | DEBUG    | text_chunker.py:95 | Created chunk 371: 49 chars
2026-01-20 18:32:15 | edumind.text_chunker | DEBUG    | text_chunker.py:95 | Created chunk 372: 48 chars
2026-01-20 18:32:15 | edumind.text_chunker | DEBUG    | text_chunker.py:95 | Created chunk 373: 47 chars
2026-01-20 18:32:15 | edumind.text_chunker | DEBUG    | text_chunker.py:95 | Created chunk 374: 46 chars
2026-01-20 18:32:15 | edumind.text_chunker | DEBUG    | text_chunker.py:95 | Created chunk 375: 44 chars
2026-01-20 18:32:15 | edumind.text_chunker | DEBUG    | text_chunker.py:95 | Created chunk 376: 49 chars
2026-01-20 18:32:15 | edumind.text_chunker | DEBUG    | text_chunker.py:95 | Created chunk 377: 48 chars
2026-01-20 18:32:15 | edumind.text_chunker | DEBUG    | text_chunker.py:95 | Created chunk 378: 47 chars
2026-01-20 18:32:15 | edumind.text_chunker | DEBUG    | text_chunker.py:95 | Created chunk 379: 46 chars
2026-01-20 18:32:15 | edumind.text_chunker | DEBUG    | text_chunker.py:95 | Created chunk 380: 44 chars
2026-01-20 18:32:15 | edumind.text_chunker | DEBUG    | text_chunker.py:95 | Created chunk 381: 49 chars
2026-01-20 18:32:15 | edumind.text_chunker | DEBUG    | text_chunker.py:95 | Created chunk 382: 48 chars
2026-01-20 18:32:15 | edumind.text_chunker | DEBUG    | text_chunker.py:95 | Created chunk 383: 47 chars
2026-01-20 18:32:15 | edumind.text_chunker | DEBUG    | text_chunker.py:95 | Created chunk 384: 46 chars
2026-01-20 18:32:15 | edumind.text_chunker | DEBUG    | text_chunker.py:95 | Created chunk 385: 44 chars
2026-01-20 18:32:15 | edumind.text_chunker | DEBUG    | text_chunker.py:95 | Created chunk 386: 49 chars
2026-01-20 18:32:15 | edumind.text_chunker | DEBUG    | text_chunker.py:95 | Created chunk 387: 48 chars
2026-01-20 18:32:15 | edumind.text_chunker | DEBUG    | text_chunker.py:95 | Created chunk 388: 47 chars
2026-01-20 18:32:15 | edumind.text_chunker | DEBUG    | text_chunker.py:95 | Created chunk 389: 46 chars
2026-01-20 18:32:15 | edumind.text_chunker | DEBUG    | text_chunker.py:95 | Created chunk 390: 44 chars
2026-01-20 18:32:15 | edumind.text_chunker | DEBUG    | text_chunker.py:95 | Created chunk 391: 49 chars
2026-01-20 18:32:15 | edumind.text_chunker | DEBUG    | text_chunker.py:95 | Created chunk 392: 48 chars
2026-01-20 18:32:15 | edumind.text_chunker | DEBUG    | text_chunker.py:95 | Created chunk 393: 47 chars
2026-01-20 18:32:15 | edumind.text_chunker | DEBUG    | text_chunker.py:95 | Created chunk 394: 46 chars
2026-01-20 18:32:15 | edumind.text_chunker | DEBUG    | text_chunker.py:95 | Created chunk 395: 44 chars
2026-01-20 18:32:15 | edumind.text_chunker | DEBUG    | text_chunker.py:95 | Created chunk 396: 49 chars
2026-01-20 18:32:15 | edumind.text_chunker | DEBUG    | text_chunker.py:95 | Created chunk 397: 48 chars
2026-01-20 18:32:15 | edumind.text_chunker | DEBUG    | text_chunker.py:95 | Created chunk 398: 47 chars
2026-01-20 18:32:15 | edumind.text_chunker | DEBUG    | text_chunker.py:95 | Created chunk 399: 46 chars
2026-01-20 18:32:15 | edumind.text_chunker | DEBUG    | text_chunker.py:95 | Created chunk 400: 44 chars
2026-01-20 18:32:15 | edumind.text_chunker | DEBUG    | text_chunker.py:95 | Created chunk 401: 49 chars
2026-01-20 18:32:15 | edumind.text_chunker | DEBUG    | text_chunker.py:95 | Created chunk 402: 48 chars
2026-01-20 18:32:15 | edumind.text_chunker | DEBUG    | text_chunker.py:95 | Created chunk 403: 47 chars
2026-01-20 18:32:15 | edumind.text_chunker | DEBUG    | text_chunker.py:95 | Created chunk 404: 46 chars
2026-01-20 18:32:15 | edumind.text_chunker | DEBUG    | text_chunker.py:95 | Created chunk 405: 44 chars
2026-01-20 18:32:15 | edumind.text_chunker | DEBUG    | text_chunker.py:95 | Created chunk 406: 49 chars
2026-01-20 18:32:15 | edumind.text_chunker | DEBUG    | text_chunker.py:95 | Created chunk 407: 48 chars
2026-01-20 18:32:15 | edumind.text_chunker | DEBUG    | text_chunker.py:95 | Created chunk 408: 47 chars
2026-01-20 18:32:15 | edumind.text_chunker | DEBUG    | text_chunker.py:95 | Created chunk 409: 46 chars
2026-01-20 18:32:15 | edumind.text_chunker | DEBUG    | text_chunker.py:95 | Created chunk 410: 44 chars
2026-01-20 18:32:15 | edumind.text_chunker | DEBUG    | text_chunker.py:95 | Created chunk 411: 49 chars
2026-01-20 18:32:15 | edumind.text_chunker | DEBUG    | text_chunker.py:95 | Created chunk 412: 48 chars
2026-01-20 18:32:15 | edumind.text_chunker | DEBUG    | text_chunker.py:95 | Created chunk 413: 47 chars
2026-01-20 18:32:15 | edumind.text_chunker | DEBUG    | text_chunker.py:95 | Created chunk 414: 46 chars
2026-01-20 18:32:15 | edumind.text_chunker | DEBUG    | text_chunker.py:95 | Created chunk 415: 44 chars
2026-01-20 18:32:15 | edumind.text_chunker | DEBUG    | text_chunker.py:95 | Created chunk 416: 49 chars
2026-01-20 18:32:15 | edumind.text_chunker | DEBUG    | text_chunker.py:95 | Created chunk 417: 48 chars
2026-01-20 18:32:15 | edumind.text_chunker | DEBUG    | text_chunker.py:95 | Created chunk 418: 47 chars
2026-01-20 18:32:15 | edumind.text_chunker | DEBUG    | text_chunker.py:95 | Created chunk 419: 46 chars
2026-01-20 18:32:15 | edumind.text_chunker | DEBUG    | text_chunker.py:95 | Created chunk 420: 44 chars
2026-01-20 18:32:15 | edumind.text_chunker | DEBUG    | text_chunker.py:95 | Created chunk 421: 49 chars
2026-01-20 18:32:15 | edumind.text_chunker | DEBUG    | text_chunker.py:95 | Created chunk 422: 48 chars
2026-01-20 18:32:15 | edumind.text_chunker | DEBUG    | text_chunker.py:95 | Created chunk 423: 47 chars
2026-01-20 18:32:15 | edumind.text_chunker | DEBUG    | text_chunker.py:95 | Created chunk 424: 46 chars
2026-01-20 18:32:15 | edumind.text_chunker | DEBUG    | text_chunker.py:95 | Created chunk 425: 44 chars
2026-01-20 18:32:15 | edumind.text_chunker | DEBUG    | text_chunker.py:95 | Created chunk 426: 49 chars
2026-01-20 18:32:15 | edumind.text_chunker | DEBUG    | text_chunker.py:95 | Created chunk 427: 48 chars
2026-01-20 18:32:15 | edumind.text_chunker | DEBUG    | text_chunker.py:95 | Created chunk 428: 47 chars
2026-01-20 18:32:15 | edumind.text_chunker | DEBUG    | text_chunker.py:95 | Created chunk 429: 46 chars
2026-01-20 18:32:15 | edumind.text_chunker | DEBUG    | text_chunker.py:95 | Created chunk 430: 44 chars
2026-01-20 18:32:15 | edumind.text_chunker | DEBUG    | text_chunker.py:95 | Created chunk 431: 49 chars
2026-01-20 18:32:15 | edumind.text_chunker | DEBUG    | text_chunker.py:95 | Created chunk 432: 48 chars
2026-01-20 18:32:15 | edumind.text_chunker | DEBUG    | text_chunker.py:95 | Created chunk 433: 47 chars
2026-01-20 18:32:15 | edumind.text_chunker | DEBUG    | text_chunker.py:95 | Created chunk 434: 46 chars
2026-01-20 18:32:15 | edumind.text_chunker | DEBUG    | text_chunker.py:95 | Created chunk 435: 44 chars
2026-01-20 18:32:15 | edumind.text_chunker | DEBUG    | text_chunker.py:95 | Created chunk 436: 49 chars
2026-01-20 18:32:15 | edumind.text_chunker | DEBUG    | text_chunker.py:95 | Created chunk 437: 48 chars
2026-01-20 18:32:15 | edumind.text_chunker | DEBUG    | text_chunker.py:95 | Created chunk 438: 47 chars
2026-01-20 18:32:15 | edumind.text_chunker | DEBUG    | text_chunker.py:95 | Created chunk 439: 46 chars
2026-01-20 18:32:15 | edumind.text_chunker | DEBUG    | text_chunker.py:95 | Created chunk 440: 44 chars
2026-01-20 18:32:15 | edumind.text_chunker | DEBUG    | text_chunker.py:95 | Created chunk 441: 49 chars
2026-01-20 18:32:15 | edumind.text_chunker | DEBUG    | text_chunker.py:95 | Created chunk 442: 48 chars
2026-01-20 18:32:15 | edumind.text_chunker | DEBUG    | text_chunker.py:95 | Created chunk 443: 47 chars
2026-01-20 18:32:15 | edumind.text_chunker | DEBUG    | text_chunker.py:95 | Created chunk 444: 46 chars
2026-01-20 18:32:15 | edumind.text_chunker | DEBUG    | text_chunker.py:95 | Created chunk 445: 44 chars
2026-01-20 18:32:15 | edumind.text_chunker | DEBUG    | text_chunker.py:95 | Created chunk 446: 49 chars
2026-01-20 18:32:15 | edumind.text_chunker | DEBUG    | text_chunker.py:95 | Created chunk 447: 48 chars
2026-01-20 18:32:15 | edumind.text_chunker | DEBUG    | text_chunker.py:95 | Created chunk 448: 47 chars
2026-01-20 18:32:15 | edumind.text_chunker | DEBUG    | text_chunker.py:95 | Created chunk 449: 46 chars
2026-01-20 18:32:15 | edumind.text_chunker | DEBUG    | text_chunker.py:95 | Created chunk 450: 49 chars
2026-01-20 18:32:15 | edumind.text_chunker | INFO     | text_chunker.py:103 | Split text into 450 chunks (avg: 46 chars)
2026-01-20 18:32:15 | edumind.text_chunker | DEBUG    | text_chunker.py:95 | Created chunk 1: 97 chars
2026-01-20 18:32:15 | edumind.text_chunker | DEBUG    | text_chunker.py:95 | Created chunk 2: 96 chars
2026-01-20 18:32:15 | edumind.text_chunker | DEBUG    | text_chunker.py:95 | Created chunk 3: 95 chars
2026-01-20 18:32:15 | edumind.text_chunker | DEBUG    | text_chunker.py:95 | Created chunk 4: 94 chars
2026-01-20 18:32:15 | edumind.text_chunker | DEBUG    | text_chunker.py:95 | Created chunk 5: 92 chars
2026-01-20 18:32:15 | edumind.text_chunker | DEBUG    | text_chunker.py:95 | Created chunk 6: 92 chars
2026-01-20 18:32:15 | edumind.text_chunker | DEBUG    | text_chunker.py:95 | Created chunk 7: 91 chars
2026-01-20 18:32:15 | edumind.text_chunker | DEBUG    | text_chunker.py:95 | Created chunk 8: 89 chars
2026-01-20 18:32:15 | edumind.text_chunker | DEBUG    | text_chunker.py:95 | Created chunk 9: 89 chars
2026-01-20 18:32:15 | edumind.text_chunker | DEBUG    | text_chunker.py:95 | Created chunk 10: 88 chars
2026-01-20 18:32:15 | edumind.text_chunker | DEBUG    | text_chunker.py:95 | Created chunk 11: 87 chars
2026-01-20 18:32:15 | edumind.text_chunker | DEBUG    | text_chunker.py:95 | Created chunk 12: 86 chars
2026-01-20 18:32:15 | edumind.text_chunker | DEBUG    | text_chunker.py:95 | Created chunk 13: 99 chars
2026-01-20 18:32:15 | edumind.text_chunker | DEBUG    | text_chunker.py:95 | Created chunk 14: 97 chars
2026-01-20 18:32:15 | edumind.text_chunker | DEBUG    | text_chunker.py:95 | Created chunk 15: 97 chars
2026-01-20 18:32:15 | edumind.text_chunker | DEBUG    | text_chunker.py:95 | Created chunk 16: 96 chars
2026-01-20 18:32:15 | edumind.text_chunker | DEBUG    | text_chunker.py:95 | Created chunk 17: 95 chars
2026-01-20 18:32:15 | edumind.text_chunker | DEBUG    | text_chunker.py:95 | Created chunk 18: 94 chars
2026-01-20 18:32:15 | edumind.text_chunker | DEBUG    | text_chunker.py:95 | Created chunk 19: 92 chars
2026-01-20 18:32:15 | edumind.text_chunker | DEBUG    | text_chunker.py:95 | Created chunk 20: 92 chars
2026-01-20 18:32:15 | edumind.text_chunker | DEBUG    | text_chunker.py:95 | Created chunk 21: 91 chars
2026-01-20 18:32:15 | edumind.text_chunker | DEBUG    | text_chunker.py:95 | Created chunk 22: 89 chars
2026-01-20 18:32:15 | edumind.text_chunker | DEBUG    | text_chunker.py:95 | Created chunk 23: 89 chars
2026-01-20 18:32:15 | edumind.text_chunker | DEBUG    | text_chunker.py:95 | Created chunk 24: 88 chars
2026-01-20 18:32:15 | edumind.text_chunker | DEBUG    | text_chunker.py:95 | Created chunk 25: 87 chars
2026-01-20 18:32:15 | edumind.text_chunker | DEBUG    | text_chunker.py:95 | Created chunk 26: 86 chars
2026-01-20 18:32:15 | edumind.text_chunker | DEBUG    | text_chunker.py:95 | Created chunk 27: 99 chars
2026-01-20 18:32:15 | edumind.text_chunker | DEBUG    | text_chunker.py:95 | Created chunk 28: 97 chars
2026-01-20 18:32:15 | edumind.text_chunker | DEBUG    | text_chunker.py:95 | Created chunk 29: 97 chars
2026-01-20 18:32:15 | edumind.text_chunker | DEBUG    | text_chunker.py:95 | Created chunk 30: 96 chars
2026-01-20 18:32:15 | edumind.text_chunker | DEBUG    | text_chunker.py:95 | Created chunk 31: 95 chars
2026-01-20 18:32:15 | edumind.text_chunker | DEBUG    | text_chunker.py:95 | Created chunk 32: 94 chars
2026-01-20 18:32:15 | edumind.text_chunker | DEBUG    | text_chunker.py:95 | Created chunk 33: 92 chars
2026-01-20 18:32:15 | edumind.text_chunker | DEBUG    | text_chunker.py:95 | Created chunk 34: 92 chars
2026-01-20 18:32:15 | edumind.text_chunker | DEBUG    | text_chunker.py:95 | Created chunk 35: 91 chars
2026-01-20 18:32:15 | edumind.text_chunker | DEBUG    | text_chunker.py:95 | Created chunk 36: 89 chars
2026-01-20 18:32:15 | edumind.text_chunker | DEBUG    | text_chunker.py:95 | Created chunk 37: 89 chars
2026-01-20 18:32:15 | edumind.text_chunker | DEBUG    | text_chunker.py:95 | Created chunk 38: 88 chars
2026-01-20 18:32:15 | edumind.text_chunker | DEBUG    | text_chunker.py:95 | Created chunk 39: 87 chars
2026-01-20 18:32:15 | edumind.text_chunker | DEBUG    | text_chunker.py:95 | Created chunk 40: 86 chars
2026-01-20 18:32:15 | edumind.text_chunker | DEBUG    | text_chunker.py:95 | Created chunk 41: 99 chars
2026-01-20 18:32:15 | edumind.text_chunker | DEBUG    | text_chunker.py:95 | Created chunk 42: 97 chars
2026-01-20 18:32:15 | edumind.text_chunker | DEBUG    | text_chunker.py:95 | Created chunk 43: 97 chars
2026-01-20 18:32:15 | edumind.text_chunker | DEBUG    | text_chunker.py:95 | Created chunk 44: 96 chars
2026-01-20 18:32:15 | edumind.text_chunker | DEBUG    | text_chunker.py:95 | Created chunk 45: 95 chars
2026-01-20 18:32:15 | edumind.text_chunker | DEBUG    | text_chunker.py:95 | Created chunk 46: 94 chars
2026-01-20 18:32:15 | edumind.text_chunker | DEBUG    | text_chunker.py:95 | Created chunk 47: 92 chars
2026-01-20 18:32:15 | edumind.text_chunker | DEBUG    | text_chunker.py:95 | Created chunk 48: 92 chars
2026-01-20 18:32:15 | edumind.text_chunker | DEBUG    | text_chunker.py:95 | Created chunk 49: 91 chars
2026-01-20 18:32:15 | edumind.text_chunker | DEBUG    | text_chunker.py:95 | Created chunk 50: 89 chars
2026-01-20 18:32:15 | edumind.text_chunker | DEBUG    | text_chunker.py:95 | Created chunk 51: 89 chars
2026-01-20 18:32:15 | edumind.text_chunker | DEBUG    | text_chunker.py:95 | Created chunk 52: 88 chars
2026-01-20 18:32:15 | edumind.text_chunker | DEBUG    | text_chunker.py:95 | Created chunk 53: 87 chars
2026-01-20 18:32:15 | edumind.text_chunker | DEBUG    | text_chunker.py:95 | Created chunk 54: 86 chars
2026-01-20 18:32:15 | edumind.text_chunker | DEBUG    | text_chunker.py:95 | Created chunk 55: 99 chars
2026-01-20 18:32:15 | edumind.text_chunker | DEBUG    | text_chunker.py:95 | Created chunk 56: 97 chars
2026-01-20 18:32:15 | edumind.text_chunker | DEBUG    | text_chunker.py:95 | Created chunk 57: 97 chars
2026-01-20 18:32:15 | edumind.text_chunker | DEBUG    | text_chunker.py:95 | Created chunk 58: 96 chars
2026-01-20 18:32:15 | edumind.text_chunker | DEBUG    | text_chunker.py:95 | Created chunk 59: 95 chars
2026-01-20 18:32:15 | edumind.text_chunker | DEBUG    | text_chunker.py:95 | Created chunk 60: 94 chars
2026-01-20 18:32:15 | edumind.text_chunker | DEBUG    | text_chunker.py:95 | Created chunk 61: 92 chars
2026-01-20 18:32:15 | edumind.text_chunker | DEBUG    | text_chunker.py:95 | Created chunk 62: 92 chars
2026-01-20 18:32:15 | edumind.text_chunker | DEBUG    | text_chunker.py:95 | Created chunk 63: 91 chars
2026-01-20 18:32:15 | edumind.text_chunker | DEBUG    | text_chunker.py:95 | Created chunk 64: 89 chars
2026-01-20 18:32:15 | edumind.text_chunker | DEBUG    | text_chunker.py:95 | Created chunk 65: 89 chars
2026-01-20 18:32:15 | edumind.text_chunker | DEBUG    | text_chunker.py:95 | Created chunk 66: 88 chars
2026-01-20 18:32:15 | edumind.text_chunker | DEBUG    | text_chunker.py:95 | Created chunk 67: 87 chars
2026-01-20 18:32:15 | edumind.text_chunker | DEBUG    | text_chunker.py:95 | Created chunk 68: 86 chars
2026-01-20 18:32:15 | edumind.text_chunker | DEBUG    | text_chunker.py:95 | Created chunk 69: 99 chars
2026-01-20 18:32:15 | edumind.text_chunker | DEBUG    | text_chunker.py:95 | Created chunk 70: 97 chars
2026-01-20 18:32:15 | edumind.text_chunker | DEBUG    | text_chunker.py:95 | Created chunk 71: 97 chars
2026-01-20 18:32:15 | edumind.text_chunker | DEBUG    | text_chunker.py:95 | Created chunk 72: 96 chars
2026-01-20 18:32:15 | edumind.text_chunker | DEBUG    | text_chunker.py:95 | Created chunk 73: 95 chars
2026-01-20 18:32:15 | edumind.text_chunker | DEBUG    | text_chunker.py:95 | Created chunk 74: 94 chars
2026-01-20 18:32:15 | edumind.text_chunker | DEBUG    | text_chunker.py:95 | Created chunk 75: 92 chars
2026-01-20 18:32:15 | edumind.text_chunker | DEBUG    | text_chunker.py:95 | Created chunk 76: 92 chars
2026-01-20 18:32:15 | edumind.text_chunker | DEBUG    | text_chunker.py:95 | Created chunk 77: 91 chars
2026-01-20 18:32:15 | edumind.text_chunker | DEBUG    | text_chunker.py:95 | Created chunk 78: 89 chars
2026-01-20 18:32:15 | edumind.text_chunker | DEBUG    | text_chunker.py:95 | Created chunk 79: 89 chars
2026-01-20 18:32:15 | edumind.text_chunker | DEBUG    | text_chunker.py:95 | Created chunk 80: 88 chars
2026-01-20 18:32:15 | edumind.text_chunker | DEBUG    | text_chunker.py:95 | Created chunk 81: 87 chars
2026-01-20 18:32:15 | edumind.text_chunker | DEBUG    | text_chunker.py:95 | Created chunk 82: 86 chars
2026-01-20 18:32:15 | edumind.text_chunker | DEBUG    | text_chunker.py:95 | Created chunk 83: 99 chars
2026-01-20 18:32:15 | edumind.text_chunker | DEBUG    | text_chunker.py:95 | Created chunk 84: 97 chars
2026-01-20 18:32:15 | edumind.text_chunker | DEBUG    | text_chunker.py:95 | Created chunk 85: 97 chars
2026-01-20 18:32:15 | edumind.text_chunker | DEBUG    | text_chunker.py:95 | Created chunk 86: 96 chars
2026-01-20 18:32:15 | edumind.text_chunker | DEBUG    | text_chunker.py:95 | Created chunk 87: 95 chars
2026-01-20 18:32:15 | edumind.text_chunker | DEBUG    | text_chunker.py:95 | Created chunk 88: 94 chars
2026-01-20 18:32:15 | edumind.text_chunker | DEBUG    | text_chunker.py:95 | Created chunk 89: 92 chars
2026-01-20 18:32:15 | edumind.text_chunker | DEBUG    | text_chunker.py:95 | Created chunk 90: 92 chars
2026-01-20 18:32:15 | edumind.text_chunker | DEBUG    | text_chunker.py:95 | Created chunk 91: 91 chars
2026-01-20 18:32:15 | edumind.text_chunker | DEBUG    | text_chunker.py:95 | Created chunk 92: 89 chars
2026-01-20 18:32:15 | edumind.text_chunker | DEBUG    | text_chunker.py:95 | Created chunk 93: 89 chars
2026-01-20 18:32:15 | edumind.text_chunker | DEBUG    | text_chunker.py:95 | Created chunk 94: 88 chars
2026-01-20 18:32:15 | edumind.text_chunker | DEBUG    | text_chunker.py:95 | Created chunk 95: 87 chars
2026-01-20 18:32:15 | edumind.text_chunker | DEBUG    | text_chunker.py:95 | Created chunk 96: 86 chars
2026-01-20 18:32:15 | edumind.text_chunker | DEBUG    | text_chunker.py:95 | Created chunk 97: 99 chars
2026-01-20 18:32:15 | edumind.text_chunker | DEBUG    | text_chunker.py:95 | Created chunk 98: 97 chars
2026-01-20 18:32:15 | edumind.text_chunker | DEBUG    | text_chunker.py:95 | Created chunk 99: 97 chars
2026-01-20 18:32:15 | edumind.text_chunker | DEBUG    | text_chunker.py:95 | Created chunk 100: 96 chars
2026-01-20 18:32:15 | edumind.text_chunker | DEBUG    | text_chunker.py:95 | Created chunk 101: 95 chars
2026-01-20 18:32:15 | edumind.text_chunker | DEBUG    | text_chunker.py:95 | Created chunk 102: 94 chars
2026-01-20 18:32:15 | edumind.text_chunker | DEBUG    | text_chunker.py:95 | Created chunk 103: 92 chars
2026-01-20 18:32:15 | edumind.text_chunker | DEBUG    | text_chunker.py:95 | Created chunk 104: 92 chars
2026-01-20 18:32:15 | edumind.text_chunker | DEBUG    | text_chunker.py:95 | Created chunk 105: 91 chars
2026-01-20 18:32:15 | edumind.text_chunker | DEBUG    | text_chunker.py:95 | Created chunk 106: 89 chars
2026-01-20 18:32:15 | edumind.text_chunker | DEBUG    | text_chunker.py:95 | Created chunk 107: 89 chars
2026-01-20 18:32:15 | edumind.text_chunker | DEBUG    | text_chunker.py:95 | Created chunk 108: 88 chars
2026-01-20 18:32:15 | edumind.text_chunker | DEBUG    | text_chunker.py:95 | Created chunk 109: 87 chars
2026-01-20 18:32:15 | edumind.text_chunker | DEBUG    | text_chunker.py:95 | Created chunk 110: 86 chars
2026-01-20 18:32:15 | edumind.text_chunker | DEBUG    | text_chunker.py:95 | Created chunk 111: 99 chars
2026-01-20 18:32:15 | edumind.text_chunker | DEBUG    | text_chunker.py:95 | Created chunk 112: 97 chars
2026-01-20 18:32:15 | edumind.text_chunker | DEBUG    | text_chunker.py:95 | Created chunk 113: 97 chars
2026-01-20 18:32:15 | edumind.text_chunker | DEBUG    | text_chunker.py:95 | Created chunk 114: 96 chars
2026-01-20 18:32:15 | edumind.text_chunker | DEBUG    | text_chunker.py:95 | Created chunk 115: 95 chars
2026-01-20 18:32:15 | edumind.text_chunker | DEBUG    | text_chunker.py:95 | Created chunk 116: 94 chars
2026-01-20 18:32:15 | edumind.text_chunker | DEBUG    | text_chunker.py:95 | Created chunk 117: 92 chars
2026-01-20 18:32:15 | edumind.text_chunker | DEBUG    | text_chunker.py:95 | Created chunk 118: 92 chars
2026-01-20 18:32:15 | edumind.text_chunker | DEBUG    | text_chunker.py:95 | Created chunk 119: 91 chars
2026-01-20 18:32:15 | edumind.text_chunker | DEBUG    | text_chunker.py:95 | Created chunk 120: 89 chars
2026-01-20 18:32:15 | edumind.text_chunker | DEBUG    | text_chunker.py:95 | Created chunk 121: 89 chars
2026-01-20 18:32:15 | edumind.text_chunker | DEBUG    | text_chunker.py:95 | Created chunk 122: 88 chars
2026-01-20 18:32:15 | edumind.text_chunker | DEBUG    | text_chunker.py:95 | Created chunk 123: 87 chars
2026-01-20 18:32:15 | edumind.text_chunker | DEBUG    | text_chunker.py:95 | Created chunk 124: 86 chars
2026-01-20 18:32:15 | edumind.text_chunker | DEBUG    | text_chunker.py:95 | Created chunk 125: 99 chars
2026-01-20 18:32:15 | edumind.text_chunker | DEBUG    | text_chunker.py:95 | Created chunk 126: 97 chars
2026-01-20 18:32:15 | edumind.text_chunker | DEBUG    | text_chunker.py:95 | Created chunk 127: 97 chars
2026-01-20 18:32:15 | edumind.text_chunker | DEBUG    | text_chunker.py:95 | Created chunk 128: 96 chars
2026-01-20 18:32:15 | edumind.text_chunker | DEBUG    | text_chunker.py:95 | Created chunk 129: 95 chars
2026-01-20 18:32:15 | edumind.text_chunker | DEBUG    | text_chunker.py:95 | Created chunk 130: 94 chars
2026-01-20 18:32:15 | edumind.text_chunker | DEBUG    | text_chunker.py:95 | Created chunk 131: 92 chars
2026-01-20 18:32:15 | edumind.text_chunker | DEBUG    | text_chunker.py:95 | Created chunk 132: 92 chars
2026-01-20 18:32:15 | edumind.text_chunker | DEBUG    | text_chunker.py:95 | Created chunk 133: 91 chars
2026-01-20 18:32:15 | edumind.text_chunker | DEBUG    | text_chunker.py:95 | Created chunk 134: 89 chars
2026-01-20 18:32:15 | edumind.text_chunker | DEBUG    | text_chunker.py:95 | Created chunk 135: 89 chars
2026-01-20 18:32:15 | edumind.text_chunker | DEBUG    | text_chunker.py:95 | Created chunk 136: 88 chars
2026-01-20 18:32:15 | edumind.text_chunker | DEBUG    | text_chunker.py:95 | Created chunk 137: 87 chars
2026-01-20 18:32:15 | edumind.text_chunker | DEBUG    | text_chunker.py:95 | Created chunk 138: 86 chars
2026-01-20 18:32:15 | edumind.text_chunker | DEBUG    | text_chunker.py:95 | Created chunk 139: 99 chars
2026-01-20 18:32:15 | edumind.text_chunker | DEBUG    | text_chunker.py:95 | Created chunk 140: 97 chars
2026-01-20 18:32:15 | edumind.text_chunker | DEBUG    | text_chunker.py:95 | Created chunk 141: 97 chars
2026-01-20 18:32:15 | edumind.text_chunker | DEBUG    | text_chunker.py:95 | Created chunk 142: 96 chars
2026-01-20 18:32:15 | edumind.text_chunker | DEBUG    | text_chunker.py:95 | Created chunk 143: 95 chars
2026-01-20 18:32:15 | edumind.text_chunker | DEBUG    | text_chunker.py:95 | Created chunk 144: 94 chars
2026-01-20 18:32:15 | edumind.text_chunker | DEBUG    | text_chunker.py:95 | Created chunk 145: 92 chars
2026-01-20 18:32:15 | edumind.text_chunker | DEBUG    | text_chunker.py:95 | Created chunk 146: 92 chars
2026-01-20 18:32:15 | edumind.text_chunker | DEBUG    | text_chunker.py:95 | Created chunk 147: 91 chars
2026-01-20 18:32:15 | edumind.text_chunker | DEBUG    | text_chunker.py:95 | Created chunk 148: 89 chars
2026-01-20 18:32:15 | edumind.text_chunker | DEBUG    | text_chunker.py:95 | Created chunk 149: 89 chars
2026-01-20 18:32:15 | edumind.text_chunker | DEBUG    | text_chunker.py:95 | Created chunk 150: 88 chars
2026-01-20 18:32:15 | edumind.text_chunker | DEBUG    | text_chunker.py:95 | Created chunk 151: 87 chars
2026-01-20 18:32:15 | edumind.text_chunker | DEBUG    | text_chunker.py:95 | Created chunk 152: 86 chars
2026-01-20 18:32:15 | edumind.text_chunker | DEBUG    | text_chunker.py:95 | Created chunk 153: 99 chars
2026-01-20 18:32:15 | edumind.text_chunker | DEBUG    | text_chunker.py:95 | Created chunk 154: 97 chars
2026-01-20 18:32:15 | edumind.text_chunker | DEBUG    | text_chunker.py:95 | Created chunk 155: 97 chars
2026-01-20 18:32:15 | edumind.text_chunker | DEBUG    | text_chunker.py:95 | Created chunk 156: 96 chars
2026-01-20 18:32:15 | edumind.text_chunker | DEBUG    | text_chunker.py:95 | Created chunk 157: 95 chars
2026-01-20 18:32:15 | edumind.text_chunker | DEBUG    | text_chunker.py:95 | Created chunk 158: 94 chars
2026-01-20 18:32:15 | edumind.text_chunker | DEBUG    | text_chunker.py:95 | Created chunk 159: 92 chars
2026-01-20 18:32:15 | edumind.text_chunker | DEBUG    | text_chunker.py:95 | Created chunk 160: 92 chars
2026-01-20 18:32:15 | edumind.text_chunker | DEBUG    | text_chunker.py:95 | Created chunk 161: 91 chars
2026-01-20 18:32:15 | edumind.text_chunker | DEBUG    | text_chunker.py:95 | Created chunk 162: 89 chars
2026-01-20 18:32:15 | edumind.text_chunker | DEBUG    | text_chunker.py:95 | Created chunk 163: 89 chars
2026-01-20 18:32:15 | edumind.text_chunker | DEBUG    | text_chunker.py:95 | Created chunk 164: 88 chars
2026-01-20 18:32:15 | edumind.text_chunker | DEBUG    | text_chunker.py:95 | Created chunk 165: 87 chars
2026-01-20 18:32:15 | edumind.text_chunker | DEBUG    | text_chunker.py:95 | Created chunk 166: 86 chars
2026-01-20 18:32:15 | edumind.text_chunker | DEBUG    | text_chunker.py:95 | Created chunk 167: 99 chars
2026-01-20 18:32:15 | edumind.text_chunker | DEBUG    | text_chunker.py:95 | Created chunk 168: 97 chars
2026-01-20 18:32:15 | edumind.text_chunker | DEBUG    | text_chunker.py:95 | Created chunk 169: 97 chars
2026-01-20 18:32:15 | edumind.text_chunker | DEBUG    | text_chunker.py:95 | Created chunk 170: 96 chars
2026-01-20 18:32:15 | edumind.text_chunker | DEBUG    | text_chunker.py:95 | Created chunk 171: 95 chars
2026-01-20 18:32:15 | edumind.text_chunker | DEBUG    | text_chunker.py:95 | Created chunk 172: 94 chars
2026-01-20 18:32:15 | edumind.text_chunker | DEBUG    | text_chunker.py:95 | Created chunk 173: 92 chars
2026-01-20 18:32:15 | edumind.text_chunker | DEBUG    | text_chunker.py:95 | Created chunk 174: 92 chars
2026-01-20 18:32:15 | edumind.text_chunker | DEBUG    | text_chunker.py:95 | Created chunk 175: 91 chars
2026-01-20 18:32:15 | edumind.text_chunker | DEBUG    | text_chunker.py:95 | Created chunk 176: 89 chars
2026-01-20 18:32:15 | edumind.text_chunker | DEBUG    | text_chunker.py:95 | Created chunk 177: 89 chars
2026-01-20 18:32:15 | edumind.text_chunker | DEBUG    | text_chunker.py:95 | Created chunk 178: 88 chars
2026-01-20 18:32:15 | edumind.text_chunker | DEBUG    | text_chunker.py:95 | Created chunk 179: 87 chars
2026-01-20 18:32:15 | edumind.text_chunker | DEBUG    | text_chunker.py:95 | Created chunk 180: 100 chars
2026-01-20 18:32:15 | edumind.text_chunker | INFO     | text_chunker.py:103 | Split text into 180 chunks (avg: 92 chars)
2026-01-20 18:34:16 | edumind.accessibility | INFO     | accessibility.py:31 | KeyboardShortcutManager initialized
2026-01-20 18:34:16 | edumind.accessibility | DEBUG    | accessibility.py:51 | Registered shortcut: Ctrl+, -> Open settings
2026-01-20 18:34:16 | edumind.accessibility | DEBUG    | accessibility.py:51 | Registered shortcut: Ctrl+D -> Toggle dark/light theme
2026-01-20 18:34:16 | edumind.accessibility | DEBUG    | accessibility.py:51 | Registered shortcut: Ctrl+1 -> Go to Dashboard
2026-01-20 18:34:16 | edumind.accessibility | DEBUG    | accessibility.py:51 | Registered shortcut: Ctrl+2 -> Go to Study Assistant
2026-01-20 18:34:16 | edumind.accessibility | DEBUG    | accessibility.py:51 | Registered shortcut: F1 -> Show help
2026-01-20 18:34:55 | edumind.text_chunker | DEBUG    | text_chunker.py:95 | Created chunk 1: 1760 chars
2026-01-20 18:34:55 | edumind.text_chunker | DEBUG    | text_chunker.py:95 | Created chunk 2: 1792 chars
2026-01-20 18:34:55 | edumind.text_chunker | DEBUG    | text_chunker.py:95 | Created chunk 3: 931 chars
2026-01-20 18:34:55 | edumind.text_chunker | INFO     | text_chunker.py:103 | Split text into 3 chunks (avg: 1494 chars)
2026-01-20 18:39:30 | edumind.json_parser  | DEBUG    | json_parser.py:54 | Parsed JSON using direct parse
2026-01-20 18:39:30 | edumind.json_parser  | DEBUG    | json_parser.py:54 | Parsed JSON using direct parse
2026-01-20 18:39:30 | edumind.json_parser  | DEBUG    | json_parser.py:66 | Parsed JSON by extracting object
2026-01-20 18:39:30 | edumind.json_parser  | DEBUG    | json_parser.py:66 | Parsed JSON by extracting object
2026-01-20 18:39:30 | edumind.json_parser  | DEBUG    | json_parser.py:104 | Parsed JSON after fixing trailing commas
2026-01-20 18:39:30 | edumind.json_parser  | DEBUG    | json_parser.py:104 | Parsed JSON after fixing trailing commas
2026-01-20 18:39:30 | edumind.json_parser  | WARNING  | json_parser.py:43 | Empty input string
2026-01-20 18:39:30 | edumind.json_parser  | WARNING  | json_parser.py:39 | Input is not a string: <class 'int'>
2026-01-20 18:39:30 | edumind.json_parser  | ERROR    | json_parser.py:160 | Failed to parse JSON after trying: ['direct_parse', 'extract_object', 'extract_array', 'clean_markdown', 'fix_trailing_commas', 'fix_single_quotes', 'nested_markdown', 'aggressive_brackets']
2026-01-20 18:39:30 | edumind.json_parser  | DEBUG    | json_parser.py:161 | Raw input (first 500 chars): not json at all
2026-01-20 18:39:30 | edumind.json_parser  | ERROR    | json_parser.py:160 | Failed to parse JSON after trying: ['direct_parse', 'extract_object', 'extract_array', 'clean_markdown', 'fix_trailing_commas', 'fix_single_quotes', 'nested_markdown', 'aggressive_brackets']
2026-01-20 18:39:30 | edumind.json_parser  | DEBUG    | json_parser.py:161 | Raw input (first 500 chars): [1, 2]
2026-01-20 18:39:30 | edumind.json_parser  | ERROR    | json_parser.py:160 | Failed to parse JSON after trying: ['direct_parse', 'extract_object', 'extract_array', 'clean_markdown', 'fix_trailing_commas', 'fix_single_quotes', 'nested_markdown', 'aggressive_brackets']
2026-01-20 18:39:30 | edumind.json_parser  | DEBUG    | json_parser.py:161 | Raw input (first 500 chars): {"key": "value"}
2026-01-20 18:39:30 | edumind.json_parser  | ERROR    | json_parser.py:160 | Failed to parse JSON after trying: ['direct_parse', 'extract_object', 'extract_array', 'clean_markdown', 'fix_trailing_commas', 'fix_single_quotes', 'nested_markdown', 'aggressive_brackets']
2026-01-20 18:39:30 | edumind.json_parser  | DEBUG    | json_parser.py:161 | Raw input (first 500 chars): invalid
2026-01-20 18:39:30 | edumind.json_parser  | DEBUG    | json_parser.py:54 | Parsed JSON using direct parse
2026-01-20 18:39:30 | edumind.json_parser  | DEBUG    | json_parser.py:54 | Parsed JSON using direct parse
2026-01-20 18:39:30 | edumind.json_parser  | INFO     | json_parser.py:204 | Extracted 1 valid quiz questions from 1 items
2026-01-20 18:39:30 | edumind.json_parser  | DEBUG    | json_parser.py:78 | Parsed JSON by extracting array
2026-01-20 18:39:30 | edumind.json_parser  | INFO     | json_parser.py:204 | Extracted 1 valid quiz questions from 1 items
2026-01-20 18:39:30 | edumind.json_parser  | DEBUG    | json_parser.py:54 | Parsed JSON using direct parse
2026-01-20 18:39:30 | edumind.json_parser  | WARNING  | json_parser.py:202 | Quiz item 0 missing fields: ['options', 'answer']
2026-01-20 18:39:30 | edumind.json_parser  | INFO     | json_parser.py:204 | Extracted 1 valid quiz questions from 2 items
2026-01-20 18:39:30 | edumind.json_parser  | WARNING  | json_parser.py:43 | Empty input string
2026-01-20 18:39:30 | edumind.json_parser  | DEBUG    | json_parser.py:54 | Parsed JSON using direct parse
2026-01-20 18:39:30 | edumind.json_parser  | INFO     | json_parser.py:239 | Extracted 2 valid flashcards from 2 items
2026-01-20 18:39:30 | edumind.json_parser  | DEBUG    | json_parser.py:54 | Parsed JSON using direct parse
2026-01-20 18:39:30 | edumind.json_parser  | INFO     | json_parser.py:239 | Extracted 1 valid flashcards from 1 items
2026-01-20 18:39:30 | edumind.json_parser  | WARNING  | json_parser.py:43 | Empty input string
2026-01-20 18:39:30 | edumind.json_parser  | DEBUG    | json_parser.py:54 | Parsed JSON using direct parse
2026-01-20 18:39:30 | edumind.json_parser  | INFO     | json_parser.py:276 | Extracted concept map with 3 nodes and 1 edges
2026-01-20 18:39:30 | edumind.json_parser  | DEBUG    | json_parser.py:54 | Parsed JSON using direct parse
2026-01-20 18:39:30 | edumind.json_parser  | INFO     | json_parser.py:276 | Extracted concept map with 2 nodes and 0 edges
2026-01-20 18:39:30 | edumind.json_parser  | WARNING  | json_parser.py:43 | Empty input string
2026-01-20 18:39:30 | edumind.spaced_repetition | INFO     | spaced_repetition.py:98 | Spaced Repetition Service initialized
2026-01-20 18:39:30 | edumind.spaced_repetition | DEBUG    | spaced_repetition.py:118 | Reviewing card 1 with quality 4
2026-01-20 18:39:30 | edumind.spaced_repetition | INFO     | spaced_repetition.py:151 | Card 1: interval=1d, EF=2.50, next review=2026-01-21
2026-01-20 18:39:30 | edumind.spaced_repetition | INFO     | spaced_repetition.py:98 | Spaced Repetition Service initialized
2026-01-20 18:39:30 | edumind.spaced_repetition | DEBUG    | spaced_repetition.py:118 | Reviewing card 1 with quality 4
2026-01-20 18:39:30 | edumind.spaced_repetition | INFO     | spaced_repetition.py:151 | Card 1: interval=1d, EF=2.50, next review=2026-01-21
2026-01-20 18:39:30 | edumind.spaced_repetition | DEBUG    | spaced_repetition.py:118 | Reviewing card 1 with quality 4
2026-01-20 18:39:30 | edumind.spaced_repetition | INFO     | spaced_repetition.py:151 | Card 1: interval=6d, EF=2.50, next review=2026-01-26
2026-01-20 18:39:30 | edumind.spaced_repetition | INFO     | spaced_repetition.py:98 | Spaced Repetition Service initialized
2026-01-20 18:39:30 | edumind.spaced_repetition | DEBUG    | spaced_repetition.py:118 | Reviewing card 1 with quality 4
2026-01-20 18:39:30 | edumind.spaced_repetition | INFO     | spaced_repetition.py:151 | Card 1: interval=1d, EF=2.50, next review=2026-01-21
2026-01-20 18:39:30 | edumind.spaced_repetition | DEBUG    | spaced_repetition.py:118 | Reviewing card 1 with quality 4
2026-01-20 18:39:30 | edumind.spaced_repetition | INFO     | spaced_repetition.py:151 | Card 1: interval=6d, EF=2.50, next review=2026-01-26
2026-01-20 18:39:30 | edumind.spaced_repetition | DEBUG    | spaced_repetition.py:118 | Reviewing card 1 with quality 4
2026-01-20 18:39:30 | edumind.spaced_repetition | INFO     | spaced_repetition.py:151 | Card 1: interval=15d, EF=2.50, next review=2026-02-04
2026-01-20 18:39:30 | edumind.spaced_repetition | INFO     | spaced_repetition.py:98 | Spaced Repetition Service initialized
2026-01-20 18:39:30 | edumind.spaced_repetition | DEBUG    | spaced_repetition.py:118 | Reviewing card 1 with quality 4
2026-01-20 18:39:30 | edumind.spaced_repetition | INFO     | spaced_repetition.py:151 | Card 1: interval=1d, EF=2.50, next review=2026-01-21
2026-01-20 18:39:30 | edumind.spaced_repetition | DEBUG    | spaced_repetition.py:118 | Reviewing card 1 with quality 4
2026-01-20 18:39:30 | edumind.spaced_repetition | INFO     | spaced_repetition.py:151 | Card 1: interval=6d, EF=2.50, next review=2026-01-26
2026-01-20 18:39:30 | edumind.spaced_repetition | DEBUG    | spaced_repetition.py:118 | Reviewing card 1 with quality 1
2026-01-20 18:39:30 | edumind.spaced_repetition | DEBUG    | spaced_repetition.py:128 | Card 1 failed, resetting to interval 1
2026-01-20 18:39:30 | edumind.spaced_repetition | INFO     | spaced_repetition.py:151 | Card 1: interval=1d, EF=1.96, next review=2026-01-21
2026-01-20 18:39:30 | edumind.spaced_repetition | INFO     | spaced_repetition.py:98 | Spaced Repetition Service initialized
2026-01-20 18:39:30 | edumind.spaced_repetition | DEBUG    | spaced_repetition.py:118 | Reviewing card 1 with quality 5
2026-01-20 18:39:30 | edumind.spaced_repetition | INFO     | spaced_repetition.py:151 | Card 1: interval=1d, EF=2.60, next review=2026-01-21
2026-01-20 18:39:30 | edumind.spaced_repetition | INFO     | spaced_repetition.py:98 | Spaced Repetition Service initialized
2026-01-20 18:39:30 | edumind.spaced_repetition | DEBUG    | spaced_repetition.py:118 | Reviewing card 1 with quality 3
2026-01-20 18:39:30 | edumind.spaced_repetition | INFO     | spaced_repetition.py:151 | Card 1: interval=1d, EF=2.36, next review=2026-01-21
2026-01-20 18:39:30 | edumind.spaced_repetition | INFO     | spaced_repetition.py:98 | Spaced Repetition Service initialized
2026-01-20 18:39:30 | edumind.spaced_repetition | DEBUG    | spaced_repetition.py:118 | Reviewing card 1 with quality 3
2026-01-20 18:39:30 | edumind.spaced_repetition | INFO     | spaced_repetition.py:151 | Card 1: interval=1d, EF=2.36, next review=2026-01-21
2026-01-20 18:39:30 | edumind.spaced_repetition | DEBUG    | spaced_repetition.py:118 | Reviewing card 1 with quality 3
2026-01-20 18:39:30 | edumind.spaced_repetition | INFO     | spaced_repetition.py:151 | Card 1: interval=6d, EF=2.22, next review=2026-01-26
2026-01-20 18:39:30 | edumind.spaced_repetition | DEBUG    | spaced_repetition.py:118 | Reviewing card 1 with quality 3
2026-01-20 18:39:30 | edumind.spaced_repetition | INFO     | spaced_repetition.py:151 | Card 1: interval=13d, EF=2.08, next review=2026-02-02
2026-01-20 18:39:30 | edumind.spaced_repetition | DEBUG    | spaced_repetition.py:118 | Reviewing card 1 with quality 3
2026-01-20 18:39:30 | edumind.spaced_repetition | INFO     | spaced_repetition.py:151 | Card 1: interval=27d, EF=1.94, next review=2026-02-16
2026-01-20 18:39:30 | edumind.spaced_repetition | DEBUG    | spaced_repetition.py:118 | Reviewing card 1 with quality 3
2026-01-20 18:39:30 | edumind.spaced_repetition | INFO     | spaced_repetition.py:151 | Card 1: interval=52d, EF=1.80, next review=2026-03-13
2026-01-20 18:39:30 | edumind.spaced_repetition | DEBUG    | spaced_repetition.py:118 | Reviewing card 1 with quality 3
2026-01-20 18:39:30 | edumind.spaced_repetition | INFO     | spaced_repetition.py:151 | Card 1: interval=94d, EF=1.66, next review=2026-04-24
2026-01-20 18:39:30 | edumind.spaced_repetition | DEBUG    | spaced_repetition.py:118 | Reviewing card 1 with quality 3
2026-01-20 18:39:30 | edumind.spaced_repetition | INFO     | spaced_repetition.py:151 | Card 1: interval=156d, EF=1.52, next review=2026-06-25
2026-01-20 18:39:30 | edumind.spaced_repetition | DEBUG    | spaced_repetition.py:118 | Reviewing card 1 with quality 3
2026-01-20 18:39:30 | edumind.spaced_repetition | INFO     | spaced_repetition.py:151 | Card 1: interval=237d, EF=1.38, next review=2026-09-14
2026-01-20 18:39:30 | edumind.spaced_repetition | DEBUG    | spaced_repetition.py:118 | Reviewing card 1 with quality 3
2026-01-20 18:39:30 | edumind.spaced_repetition | INFO     | spaced_repetition.py:151 | Card 1: interval=327d, EF=1.30, next review=2026-12-13
2026-01-20 18:39:30 | edumind.spaced_repetition | DEBUG    | spaced_repetition.py:118 | Reviewing card 1 with quality 3
2026-01-20 18:39:30 | edumind.spaced_repetition | INFO     | spaced_repetition.py:151 | Card 1: interval=425d, EF=1.30, next review=2027-03-21
2026-01-20 18:39:30 | edumind.spaced_repetition | DEBUG    | spaced_repetition.py:118 | Reviewing card 1 with quality 3
2026-01-20 18:39:30 | edumind.spaced_repetition | INFO     | spaced_repetition.py:151 | Card 1: interval=552d, EF=1.30, next review=2027-07-26
2026-01-20 18:39:30 | edumind.spaced_repetition | DEBUG    | spaced_repetition.py:118 | Reviewing card 1 with quality 3
2026-01-20 18:39:30 | edumind.spaced_repetition | INFO     | spaced_repetition.py:151 | Card 1: interval=718d, EF=1.30, next review=2028-01-08
2026-01-20 18:39:30 | edumind.spaced_repetition | DEBUG    | spaced_repetition.py:118 | Reviewing card 1 with quality 3
2026-01-20 18:39:30 | edumind.spaced_repetition | INFO     | spaced_repetition.py:151 | Card 1: interval=933d, EF=1.30, next review=2028-08-10
2026-01-20 18:39:30 | edumind.spaced_repetition | DEBUG    | spaced_repetition.py:118 | Reviewing card 1 with quality 3
2026-01-20 18:39:30 | edumind.spaced_repetition | INFO     | spaced_repetition.py:151 | Card 1: interval=1213d, EF=1.30, next review=2029-05-17
2026-01-20 18:39:30 | edumind.spaced_repetition | DEBUG    | spaced_repetition.py:118 | Reviewing card 1 with quality 3
2026-01-20 18:39:30 | edumind.spaced_repetition | INFO     | spaced_repetition.py:151 | Card 1: interval=1577d, EF=1.30, next review=2030-05-16
2026-01-20 18:39:30 | edumind.spaced_repetition | DEBUG    | spaced_repetition.py:118 | Reviewing card 1 with quality 3
2026-01-20 18:39:30 | edumind.spaced_repetition | INFO     | spaced_repetition.py:151 | Card 1: interval=2050d, EF=1.30, next review=2031-09-01
2026-01-20 18:39:30 | edumind.spaced_repetition | DEBUG    | spaced_repetition.py:118 | Reviewing card 1 with quality 3
2026-01-20 18:39:30 | edumind.spaced_repetition | INFO     | spaced_repetition.py:151 | Card 1: interval=2665d, EF=1.30, next review=2033-05-08
2026-01-20 18:39:30 | edumind.spaced_repetition | DEBUG    | spaced_repetition.py:118 | Reviewing card 1 with quality 3
2026-01-20 18:39:30 | edumind.spaced_repetition | INFO     | spaced_repetition.py:151 | Card 1: interval=3464d, EF=1.30, next review=2035-07-16
2026-01-20 18:39:30 | edumind.spaced_repetition | DEBUG    | spaced_repetition.py:118 | Reviewing card 1 with quality 3
2026-01-20 18:39:30 | edumind.spaced_repetition | INFO     | spaced_repetition.py:151 | Card 1: interval=4503d, EF=1.30, next review=2038-05-20
2026-01-20 18:39:30 | edumind.spaced_repetition | DEBUG    | spaced_repetition.py:118 | Reviewing card 1 with quality 3
2026-01-20 18:39:30 | edumind.spaced_repetition | INFO     | spaced_repetition.py:151 | Card 1: interval=5854d, EF=1.30, next review=2042-01-30
2026-01-20 18:39:31 | edumind.spaced_repetition | INFO     | spaced_repetition.py:98 | Spaced Repetition Service initialized
2026-01-20 18:39:31 | edumind.spaced_repetition | DEBUG    | spaced_repetition.py:118 | Reviewing card 1 with quality 4
2026-01-20 18:39:31 | edumind.spaced_repetition | INFO     | spaced_repetition.py:151 | Card 1: interval=1d, EF=2.50, next review=2026-01-21
2026-01-20 18:39:31 | edumind.spaced_repetition | INFO     | spaced_repetition.py:98 | Spaced Repetition Service initialized
2026-01-20 18:39:31 | edumind.spaced_repetition | INFO     | spaced_repetition.py:172 | Found 2 cards due for review
2026-01-20 18:39:31 | edumind.spaced_repetition | INFO     | spaced_repetition.py:98 | Spaced Repetition Service initialized
2026-01-20 18:39:31 | edumind.spaced_repetition | INFO     | spaced_repetition.py:98 | Spaced Repetition Service initialized
2026-01-20 18:39:31 | edumind.spaced_repetition | DEBUG    | spaced_repetition.py:118 | Reviewing card 1 with quality 0
2026-01-20 18:39:31 | edumind.spaced_repetition | DEBUG    | spaced_repetition.py:128 | Card 1 failed, resetting to interval 1
2026-01-20 18:39:31 | edumind.spaced_repetition | INFO     | spaced_repetition.py:151 | Card 1: interval=1d, EF=1.70, next review=2026-01-21
2026-01-20 18:39:31 | edumind.spaced_repetition | DEBUG    | spaced_repetition.py:118 | Reviewing card 1 with quality 3
2026-01-20 18:39:31 | edumind.spaced_repetition | INFO     | spaced_repetition.py:151 | Card 1: interval=15d, EF=2.36, next review=2026-02-04
2026-01-20 18:39:31 | edumind.spaced_repetition | DEBUG    | spaced_repetition.py:118 | Reviewing card 1 with quality 4
2026-01-20 18:39:31 | edumind.spaced_repetition | INFO     | spaced_repetition.py:151 | Card 1: interval=15d, EF=2.50, next review=2026-02-04
2026-01-20 18:39:31 | edumind.spaced_repetition | DEBUG    | spaced_repetition.py:118 | Reviewing card 1 with quality 5
2026-01-20 18:39:31 | edumind.spaced_repetition | INFO     | spaced_repetition.py:151 | Card 1: interval=15d, EF=2.60, next review=2026-02-04
2026-01-20 18:39:31 | edumind.text_chunker | DEBUG    | text_chunker.py:69 | Text fits in single chunk (21 chars)
2026-01-20 18:39:31 | edumind.text_chunker | WARNING  | text_chunker.py:57 | Empty text provided for chunking
2026-01-20 18:39:31 | edumind.text_chunker | WARNING  | text_chunker.py:64 | Only whitespace provided for chunking
2026-01-20 18:39:31 | edumind.text_chunker | DEBUG    | text_chunker.py:95 | Created chunk 1: 199 chars
2026-01-20 18:39:31 | edumind.text_chunker | DEBUG    | text_chunker.py:95 | Created chunk 2: 199 chars
2026-01-20 18:39:31 | edumind.text_chunker | DEBUG    | text_chunker.py:95 | Created chunk 3: 199 chars
2026-01-20 18:39:31 | edumind.text_chunker | DEBUG    | text_chunker.py:95 | Created chunk 4: 199 chars
2026-01-20 18:39:31 | edumind.text_chunker | DEBUG    | text_chunker.py:95 | Created chunk 5: 199 chars
2026-01-20 18:39:31 | edumind.text_chunker | DEBUG    | text_chunker.py:95 | Created chunk 6: 199 chars
2026-01-20 18:39:31 | edumind.text_chunker | DEBUG    | text_chunker.py:95 | Created chunk 7: 199 chars
2026-01-20 18:39:31 | edumind.text_chunker | DEBUG    | text_chunker.py:95 | Created chunk 8: 199 chars
2026-01-20 18:39:31 | edumind.text_chunker | DEBUG    | text_chunker.py:95 | Created chunk 9: 199 chars
2026-01-20 18:39:31 | edumind.text_chunker | INFO     | text_chunker.py:103 | Split text into 9 chunks (avg: 199 chars)
2026-01-20 18:39:31 | edumind.text_chunker | DEBUG    | text_chunker.py:95 | Created chunk 1: 32 chars
2026-01-20 18:39:31 | edumind.text_chunker | DEBUG    | text_chunker.py:95 | Created chunk 2: 31 chars
2026-01-20 18:39:31 | edumind.text_chunker | DEBUG    | text_chunker.py:95 | Created chunk 3: 30 chars
2026-01-20 18:39:31 | edumind.text_chunker | DEBUG    | text_chunker.py:95 | Created chunk 4: 29 chars
2026-01-20 18:39:31 | edumind.text_chunker | DEBUG    | text_chunker.py:95 | Created chunk 5: 28 chars
2026-01-20 18:39:31 | edumind.text_chunker | DEBUG    | text_chunker.py:95 | Created chunk 6: 26 chars
2026-01-20 18:39:31 | edumind.text_chunker | DEBUG    | text_chunker.py:95 | Created chunk 7: 26 chars
2026-01-20 18:39:31 | edumind.text_chunker | DEBUG    | text_chunker.py:95 | Created chunk 8: 25 chars
2026-01-20 18:39:31 | edumind.text_chunker | DEBUG    | text_chunker.py:95 | Created chunk 9: 24 chars
2026-01-20 18:39:31 | edumind.text_chunker | DEBUG    | text_chunker.py:95 | Created chunk 10: 39 chars
2026-01-20 18:39:31 | edumind.text_chunker | DEBUG    | text_chunker.py:95 | Created chunk 11: 38 chars
2026-01-20 18:39:31 | edumind.text_chunker | DEBUG    | text_chunker.py:95 | Created chunk 12: 37 chars
2026-01-20 18:39:31 | edumind.text_chunker | DEBUG    | text_chunker.py:95 | Created chunk 13: 36 chars
2026-01-20 18:39:31 | edumind.text_chunker | DEBUG    | text_chunker.py:95 | Created chunk 14: 35 chars
2026-01-20 18:39:31 | edumind.text_chunker | DEBUG    | text_chunker.py:95 | Created chunk 15: 34 chars
2026-01-20 18:39:31 | edumind.text_chunker | DEBUG    | text_chunker.py:95 | Created chunk 16: 32 chars
2026-01-20 18:39:31 | edumind.text_chunker | DEBUG    | text_chunker.py:95 | Created chunk 17: 32 chars
2026-01-20 18:39:31 | edumind.text_chunker | DEBUG    | text_chunker.py:95 | Created chunk 18: 31 chars
2026-01-20 18:39:31 | edumind.text_chunker | DEBUG    | text_chunker.py:95 | Created chunk 19: 30 chars
2026-01-20 18:39:31 | edumind.text_chunker | DEBUG    | text_chunker.py:95 | Created chunk 20: 29 chars
2026-01-20 18:39:31 | edumind.text_chunker | DEBUG    | text_chunker.py:95 | Created chunk 21: 28 chars
2026-01-20 18:39:31 | edumind.text_chunker | DEBUG    | text_chunker.py:95 | Created chunk 22: 27 chars
2026-01-20 18:39:31 | edumind.text_chunker | DEBUG    | text_chunker.py:95 | Created chunk 23: 25 chars
2026-01-20 18:39:31 | edumind.text_chunker | DEBUG    | text_chunker.py:95 | Created chunk 24: 25 chars
2026-01-20 18:39:31 | edumind.text_chunker | DEBUG    | text_chunker.py:95 | Created chunk 25: 24 chars
2026-01-20 18:39:31 | edumind.text_chunker | DEBUG    | text_chunker.py:95 | Created chunk 26: 40 chars
2026-01-20 18:39:31 | edumind.text_chunker | INFO     | text_chunker.py:103 | Split text into 26 chunks (avg: 30 chars)
2026-01-20 18:39:31 | edumind.text_chunker | DEBUG    | text_chunker.py:95 | Created chunk 1: 27 chars
2026-01-20 18:39:31 | edumind.text_chunker | DEBUG    | text_chunker.py:95 | Created chunk 2: 26 chars
2026-01-20 18:39:31 | edumind.text_chunker | DEBUG    | text_chunker.py:95 | Created chunk 3: 25 chars
2026-01-20 18:39:31 | edumind.text_chunker | DEBUG    | text_chunker.py:95 | Created chunk 4: 24 chars
2026-01-20 18:39:31 | edumind.text_chunker | DEBUG    | text_chunker.py:95 | Created chunk 5: 43 chars
2026-01-20 18:39:31 | edumind.text_chunker | DEBUG    | text_chunker.py:95 | Created chunk 6: 42 chars
2026-01-20 18:39:31 | edumind.text_chunker | DEBUG    | text_chunker.py:95 | Created chunk 7: 41 chars
2026-01-20 18:39:31 | edumind.text_chunker | DEBUG    | text_chunker.py:95 | Created chunk 8: 49 chars
2026-01-20 18:39:31 | edumind.text_chunker | DEBUG    | text_chunker.py:95 | Created chunk 9: 48 chars
2026-01-20 18:39:31 | edumind.text_chunker | DEBUG    | text_chunker.py:95 | Created chunk 10: 46 chars
2026-01-20 18:39:31 | edumind.text_chunker | DEBUG    | text_chunker.py:95 | Created chunk 11: 46 chars
2026-01-20 18:39:31 | edumind.text_chunker | DEBUG    | text_chunker.py:95 | Created chunk 12: 45 chars
2026-01-20 18:39:31 | edumind.text_chunker | DEBUG    | text_chunker.py:95 | Created chunk 13: 44 chars
2026-01-20 18:39:31 | edumind.text_chunker | DEBUG    | text_chunker.py:95 | Created chunk 14: 42 chars
2026-01-20 18:39:31 | edumind.text_chunker | DEBUG    | text_chunker.py:95 | Created chunk 15: 42 chars
2026-01-20 18:39:31 | edumind.text_chunker | DEBUG    | text_chunker.py:95 | Created chunk 16: 41 chars
2026-01-20 18:39:31 | edumind.text_chunker | DEBUG    | text_chunker.py:95 | Created chunk 17: 40 chars
2026-01-20 18:39:31 | edumind.text_chunker | DEBUG    | text_chunker.py:95 | Created chunk 18: 39 chars
2026-01-20 18:39:31 | edumind.text_chunker | DEBUG    | text_chunker.py:95 | Created chunk 19: 37 chars
2026-01-20 18:39:31 | edumind.text_chunker | DEBUG    | text_chunker.py:95 | Created chunk 20: 37 chars
2026-01-20 18:39:31 | edumind.text_chunker | DEBUG    | text_chunker.py:95 | Created chunk 21: 36 chars
2026-01-20 18:39:31 | edumind.text_chunker | DEBUG    | text_chunker.py:95 | Created chunk 22: 35 chars
2026-01-20 18:39:31 | edumind.text_chunker | DEBUG    | text_chunker.py:95 | Created chunk 23: 34 chars
2026-01-20 18:39:31 | edumind.text_chunker | DEBUG    | text_chunker.py:95 | Created chunk 24: 33 chars
2026-01-20 18:39:31 | edumind.text_chunker | DEBUG    | text_chunker.py:95 | Created chunk 25: 50 chars
2026-01-20 18:39:31 | edumind.text_chunker | INFO     | text_chunker.py:103 | Split text into 25 chunks (avg: 38 chars)
2026-01-20 18:39:31 | edumind.text_chunker | DEBUG    | text_chunker.py:95 | Created chunk 1: 49 chars
2026-01-20 18:39:31 | edumind.text_chunker | DEBUG    | text_chunker.py:95 | Created chunk 2: 48 chars
2026-01-20 18:39:31 | edumind.text_chunker | DEBUG    | text_chunker.py:95 | Created chunk 3: 47 chars
2026-01-20 18:39:31 | edumind.text_chunker | DEBUG    | text_chunker.py:95 | Created chunk 4: 46 chars
2026-01-20 18:39:31 | edumind.text_chunker | DEBUG    | text_chunker.py:95 | Created chunk 5: 44 chars
2026-01-20 18:39:31 | edumind.text_chunker | DEBUG    | text_chunker.py:95 | Created chunk 6: 49 chars
2026-01-20 18:39:31 | edumind.text_chunker | DEBUG    | text_chunker.py:95 | Created chunk 7: 48 chars
2026-01-20 18:39:31 | edumind.text_chunker | DEBUG    | text_chunker.py:95 | Created chunk 8: 47 chars
2026-01-20 18:39:31 | edumind.text_chunker | DEBUG    | text_chunker.py:95 | Created chunk 9: 46 chars
2026-01-20 18:39:31 | edumind.text_chunker | DEBUG    | text_chunker.py:95 | Created chunk 10: 44 chars
2026-01-20 18:39:31 | edumind.text_chunker | DEBUG    | text_chunker.py:95 | Created chunk 11: 49 chars
2026-01-20 18:39:31 | edumind.text_chunker | DEBUG    | text_chunker.py:95 | Created chunk 12: 48 chars
2026-01-20 18:39:31 | edumind.text_chunker | DEBUG    | text_chunker.py:95 | Created chunk 13: 47 chars
2026-01-20 18:39:31 | edumind.text_chunker | DEBUG    | text_chunker.py:95 | Created chunk 14: 46 chars
2026-01-20 18:39:31 | edumind.text_chunker | DEBUG    | text_chunker.py:95 | Created chunk 15: 44 chars
2026-01-20 18:39:31 | edumind.text_chunker | DEBUG    | text_chunker.py:95 | Created chunk 16: 49 chars
2026-01-20 18:39:31 | edumind.text_chunker | DEBUG    | text_chunker.py:95 | Created chunk 17: 48 chars
2026-01-20 18:39:31 | edumind.text_chunker | DEBUG    | text_chunker.py:95 | Created chunk 18: 47 chars
2026-01-20 18:39:31 | edumind.text_chunker | DEBUG    | text_chunker.py:95 | Created chunk 19: 46 chars
2026-01-20 18:39:31 | edumind.text_chunker | DEBUG    | text_chunker.py:95 | Created chunk 20: 44 chars
2026-01-20 18:39:31 | edumind.text_chunker | DEBUG    | text_chunker.py:95 | Created chunk 21: 49 chars
2026-01-20 18:39:31 | edumind.text_chunker | DEBUG    | text_chunker.py:95 | Created chunk 22: 48 chars
2026-01-20 18:39:31 | edumind.text_chunker | DEBUG    | text_chunker.py:95 | Created chunk 23: 47 chars
2026-01-20 18:39:31 | edumind.text_chunker | DEBUG    | text_chunker.py:95 | Created chunk 24: 46 chars
2026-01-20 18:39:31 | edumind.text_chunker | DEBUG    | text_chunker.py:95 | Created chunk 25: 44 chars
2026-01-20 18:39:31 | edumind.text_chunker | DEBUG    | text_chunker.py:95 | Created chunk 26: 49 chars
2026-01-20 18:39:31 | edumind.text_chunker | DEBUG    | text_chunker.py:95 | Created chunk 27: 48 chars
2026-01-20 18:39:31 | edumind.text_chunker | DEBUG    | text_chunker.py:95 | Created chunk 28: 47 chars
2026-01-20 18:39:31 | edumind.text_chunker | DEBUG    | text_chunker.py:95 | Created chunk 29: 46 chars
2026-01-20 18:39:31 | edumind.text_chunker | DEBUG    | text_chunker.py:95 | Created chunk 30: 44 chars
2026-01-20 18:39:31 | edumind.text_chunker | DEBUG    | text_chunker.py:95 | Created chunk 31: 49 chars
2026-01-20 18:39:31 | edumind.text_chunker | DEBUG    | text_chunker.py:95 | Created chunk 32: 48 chars
2026-01-20 18:39:31 | edumind.text_chunker | DEBUG    | text_chunker.py:95 | Created chunk 33: 47 chars
2026-01-20 18:39:31 | edumind.text_chunker | DEBUG    | text_chunker.py:95 | Created chunk 34: 46 chars
2026-01-20 18:39:31 | edumind.text_chunker | DEBUG    | text_chunker.py:95 | Created chunk 35: 44 chars
2026-01-20 18:39:31 | edumind.text_chunker | DEBUG    | text_chunker.py:95 | Created chunk 36: 49 chars
2026-01-20 18:39:31 | edumind.text_chunker | DEBUG    | text_chunker.py:95 | Created chunk 37: 48 chars
2026-01-20 18:39:31 | edumind.text_chunker | DEBUG    | text_chunker.py:95 | Created chunk 38: 47 chars
2026-01-20 18:39:31 | edumind.text_chunker | DEBUG    | text_chunker.py:95 | Created chunk 39: 46 chars
2026-01-20 18:39:31 | edumind.text_chunker | DEBUG    | text_chunker.py:95 | Created chunk 40: 44 chars
2026-01-20 18:39:31 | edumind.text_chunker | DEBUG    | text_chunker.py:95 | Created chunk 41: 49 chars
2026-01-20 18:39:31 | edumind.text_chunker | DEBUG    | text_chunker.py:95 | Created chunk 42: 48 chars
2026-01-20 18:39:31 | edumind.text_chunker | DEBUG    | text_chunker.py:95 | Created chunk 43: 47 chars
2026-01-20 18:39:31 | edumind.text_chunker | DEBUG    | text_chunker.py:95 | Created chunk 44: 46 chars
2026-01-20 18:39:31 | edumind.text_chunker | DEBUG    | text_chunker.py:95 | Created chunk 45: 44 chars
2026-01-20 18:39:31 | edumind.text_chunker | DEBUG    | text_chunker.py:95 | Created chunk 46: 49 chars
2026-01-20 18:39:31 | edumind.text_chunker | DEBUG    | text_chunker.py:95 | Created chunk 47: 48 chars
2026-01-20 18:39:31 | edumind.text_chunker | DEBUG    | text_chunker.py:95 | Created chunk 48: 47 chars
2026-01-20 18:39:31 | edumind.text_chunker | DEBUG    | text_chunker.py:95 | Created chunk 49: 46 chars
2026-01-20 18:39:31 | edumind.text_chunker | DEBUG    | text_chunker.py:95 | Created chunk 50: 44 chars
2026-01-20 18:39:31 | edumind.text_chunker | DEBUG    | text_chunker.py:95 | Created chunk 51: 49 chars
2026-01-20 18:39:31 | edumind.text_chunker | DEBUG    | text_chunker.py:95 | Created chunk 52: 48 chars
2026-01-20 18:39:31 | edumind.text_chunker | DEBUG    | text_chunker.py:95 | Created chunk 53: 47 chars
2026-01-20 18:39:31 | edumind.text_chunker | DEBUG    | text_chunker.py:95 | Created chunk 54: 46 chars
2026-01-20 18:39:31 | edumind.text_chunker | DEBUG    | text_chunker.py:95 | Created chunk 55: 44 chars
2026-01-20 18:39:31 | edumind.text_chunker | DEBUG    | text_chunker.py:95 | Created chunk 56: 49 chars
2026-01-20 18:39:31 | edumind.text_chunker | DEBUG    | text_chunker.py:95 | Created chunk 57: 48 chars
2026-01-20 18:39:31 | edumind.text_chunker | DEBUG    | text_chunker.py:95 | Created chunk 58: 47 chars
2026-01-20 18:39:31 | edumind.text_chunker | DEBUG    | text_chunker.py:95 | Created chunk 59: 46 chars
2026-01-20 18:39:31 | edumind.text_chunker | DEBUG    | text_chunker.py:95 | Created chunk 60: 44 chars
2026-01-20 18:39:31 | edumind.text_chunker | DEBUG    | text_chunker.py:95 | Created chunk 61: 49 chars
2026-01-20 18:39:31 | edumind.text_chunker | DEBUG    | text_chunker.py:95 | Created chunk 62: 48 chars
2026-01-20 18:39:31 | edumind.text_chunker | DEBUG    | text_chunker.py:95 | Created chunk 63: 47 chars
2026-01-20 18:39:31 | edumind.text_chunker | DEBUG    | text_chunker.py:95 | Created chunk 64: 46 chars
2026-01-20 18:39:31 | edumind.text_chunker | DEBUG    | text_chunker.py:95 | Created chunk 65: 44 chars
2026-01-20 18:39:31 | edumind.text_chunker | DEBUG    | text_chunker.py:95 | Created chunk 66: 49 chars
2026-01-20 18:39:31 | edumind.text_chunker | DEBUG    | text_chunker.py:95 | Created chunk 67: 48 chars
2026-01-20 18:39:31 | edumind.text_chunker | DEBUG    | text_chunker.py:95 | Created chunk 68: 47 chars
2026-01-20 18:39:31 | edumind.text_chunker | DEBUG    | text_chunker.py:95 | Created chunk 69: 46 chars
2026-01-20 18:39:31 | edumind.text_chunker | DEBUG    | text_chunker.py:95 | Created chunk 70: 44 chars
2026-01-20 18:39:31 | edumind.text_chunker | DEBUG    | text_chunker.py:95 | Created chunk 71: 49 chars
2026-01-20 18:39:31 | edumind.text_chunker | DEBUG    | text_chunker.py:95 | Created chunk 72: 48 chars
2026-01-20 18:39:31 | edumind.text_chunker | DEBUG    | text_chunker.py:95 | Created chunk 73: 47 chars
2026-01-20 18:39:31 | edumind.text_chunker | DEBUG    | text_chunker.py:95 | Created chunk 74: 46 chars
2026-01-20 18:39:31 | edumind.text_chunker | DEBUG    | text_chunker.py:95 | Created chunk 75: 44 chars
2026-01-20 18:39:31 | edumind.text_chunker | DEBUG    | text_chunker.py:95 | Created chunk 76: 49 chars
2026-01-20 18:39:31 | edumind.text_chunker | DEBUG    | text_chunker.py:95 | Created chunk 77: 48 chars
2026-01-20 18:39:31 | edumind.text_chunker | DEBUG    | text_chunker.py:95 | Created chunk 78: 47 chars
2026-01-20 18:39:31 | edumind.text_chunker | DEBUG    | text_chunker.py:95 | Created chunk 79: 46 chars
2026-01-20 18:39:31 | edumind.text_chunker | DEBUG    | text_chunker.py:95 | Created chunk 80: 44 chars
2026-01-20 18:39:31 | edumind.text_chunker | DEBUG    | text_chunker.py:95 | Created chunk 81: 49 chars
2026-01-20 18:39:31 | edumind.text_chunker | DEBUG    | text_chunker.py:95 | Created chunk 82: 48 chars
2026-01-20 18:39:31 | edumind.text_chunker | DEBUG    | text_chunker.py:95 | Created chunk 83: 47 chars
2026-01-20 18:39:31 | edumind.text_chunker | DEBUG    | text_chunker.py:95 | Created chunk 84: 46 chars
2026-01-20 18:39:31 | edumind.text_chunker | DEBUG    | text_chunker.py:95 | Created chunk 85: 44 chars
2026-01-20 18:39:31 | edumind.text_chunker | DEBUG    | text_chunker.py:95 | Created chunk 86: 49 chars
2026-01-20 18:39:31 | edumind.text_chunker | DEBUG    | text_chunker.py:95 | Created chunk 87: 48 chars
2026-01-20 18:39:31 | edumind.text_chunker | DEBUG    | text_chunker.py:95 | Created chunk 88: 47 chars
2026-01-20 18:39:31 | edumind.text_chunker | DEBUG    | text_chunker.py:95 | Created chunk 89: 46 chars
2026-01-20 18:39:31 | edumind.text_chunker | DEBUG    | text_chunker.py:95 | Created chunk 90: 44 chars
2026-01-20 18:39:31 | edumind.text_chunker | DEBUG    | text_chunker.py:95 | Created chunk 91: 49 chars
2026-01-20 18:39:31 | edumind.text_chunker | DEBUG    | text_chunker.py:95 | Created chunk 92: 48 chars
2026-01-20 18:39:31 | edumind.text_chunker | DEBUG    | text_chunker.py:95 | Created chunk 93: 47 chars
2026-01-20 18:39:31 | edumind.text_chunker | DEBUG    | text_chunker.py:95 | Created chunk 94: 46 chars
2026-01-20 18:39:31 | edumind.text_chunker | DEBUG    | text_chunker.py:95 | Created chunk 95: 44 chars
2026-01-20 18:39:31 | edumind.text_chunker | DEBUG    | text_chunker.py:95 | Created chunk 96: 49 chars
2026-01-20 18:39:31 | edumind.text_chunker | DEBUG    | text_chunker.py:95 | Created chunk 97: 48 chars
2026-01-20 18:39:31 | edumind.text_chunker | DEBUG    | text_chunker.py:95 | Created chunk 98: 47 chars
2026-01-20 18:39:31 | edumind.text_chunker | DEBUG    | text_chunker.py:95 | Created chunk 99: 46 chars
2026-01-20 18:39:31 | edumind.text_chunker | DEBUG    | text_chunker.py:95 | Created chunk 100: 44 chars
2026-01-20 18:39:31 | edumind.text_chunker | DEBUG    | text_chunker.py:95 | Created chunk 101: 49 chars
2026-01-20 18:39:31 | edumind.text_chunker | DEBUG    | text_chunker.py:95 | Created chunk 102: 48 chars
2026-01-20 18:39:31 | edumind.text_chunker | DEBUG    | text_chunker.py:95 | Created chunk 103: 47 chars
2026-01-20 18:39:31 | edumind.text_chunker | DEBUG    | text_chunker.py:95 | Created chunk 104: 46 chars
2026-01-20 18:39:31 | edumind.text_chunker | DEBUG    | text_chunker.py:95 | Created chunk 105: 44 chars
2026-01-20 18:39:31 | edumind.text_chunker | DEBUG    | text_chunker.py:95 | Created chunk 106: 49 chars
2026-01-20 18:39:31 | edumind.text_chunker | DEBUG    | text_chunker.py:95 | Created chunk 107: 48 chars
2026-01-20 18:39:31 | edumind.text_chunker | DEBUG    | text_chunker.py:95 | Created chunk 108: 47 chars
2026-01-20 18:39:31 | edumind.text_chunker | DEBUG    | text_chunker.py:95 | Created chunk 109: 46 chars
2026-01-20 18:39:31 | edumind.text_chunker | DEBUG    | text_chunker.py:95 | Created chunk 110: 44 chars
2026-01-20 18:39:31 | edumind.text_chunker | DEBUG    | text_chunker.py:95 | Created chunk 111: 49 chars
2026-01-20 18:39:31 | edumind.text_chunker | DEBUG    | text_chunker.py:95 | Created chunk 112: 48 chars
2026-01-20 18:39:31 | edumind.text_chunker | DEBUG    | text_chunker.py:95 | Created chunk 113: 47 chars
2026-01-20 18:39:31 | edumind.text_chunker | DEBUG    | text_chunker.py:95 | Created chunk 114: 46 chars
2026-01-20 18:39:31 | edumind.text_chunker | DEBUG    | text_chunker.py:95 | Created chunk 115: 44 chars
2026-01-20 18:39:31 | edumind.text_chunker | DEBUG    | text_chunker.py:95 | Created chunk 116: 49 chars
2026-01-20 18:39:31 | edumind.text_chunker | DEBUG    | text_chunker.py:95 | Created chunk 117: 48 chars
2026-01-20 18:39:31 | edumind.text_chunker | DEBUG    | text_chunker.py:95 | Created chunk 118: 47 chars
2026-01-20 18:39:31 | edumind.text_chunker | DEBUG    | text_chunker.py:95 | Created chunk 119: 46 chars
2026-01-20 18:39:31 | edumind.text_chunker | DEBUG    | text_chunker.py:95 | Created chunk 120: 44 chars
2026-01-20 18:39:31 | edumind.text_chunker | DEBUG    | text_chunker.py:95 | Created chunk 121: 49 chars
2026-01-20 18:39:31 | edumind.text_chunker | DEBUG    | text_chunker.py:95 | Created chunk 122: 48 chars
2026-01-20 18:39:31 | edumind.text_chunker | DEBUG    | text_chunker.py:95 | Created chunk 123: 47 chars
2026-01-20 18:39:31 | edumind.text_chunker | DEBUG    | text_chunker.py:95 | Created chunk 124: 46 chars
2026-01-20 18:39:31 | edumind.text_chunker | DEBUG    | text_chunker.py:95 | Created chunk 125: 44 chars
2026-01-20 18:39:31 | edumind.text_chunker | DEBUG    | text_chunker.py:95 | Created chunk 126: 49 chars
2026-01-20 18:39:31 | edumind.text_chunker | DEBUG    | text_chunker.py:95 | Created chunk 127: 48 chars
2026-01-20 18:39:31 | edumind.text_chunker | DEBUG    | text_chunker.py:95 | Created chunk 128: 47 chars
2026-01-20 18:39:31 | edumind.text_chunker | DEBUG    | text_chunker.py:95 | Created chunk 129: 46 chars
2026-01-20 18:39:31 | edumind.text_chunker | DEBUG    | text_chunker.py:95 | Created chunk 130: 44 chars
2026-01-20 18:39:31 | edumind.text_chunker | DEBUG    | text_chunker.py:95 | Created chunk 131: 49 chars
2026-01-20 18:39:31 | edumind.text_chunker | DEBUG    | text_chunker.py:95 | Created chunk 132: 48 chars
2026-01-20 18:39:31 | edumind.text_chunker | DEBUG    | text_chunker.py:95 | Created chunk 133: 47 chars
2026-01-20 18:39:31 | edumind.text_chunker | DEBUG    | text_chunker.py:95 | Created chunk 134: 46 chars
2026-01-20 18:39:31 | edumind.text_chunker | DEBUG    | text_chunker.py:95 | Created chunk 135: 44 chars
2026-01-20 18:39:31 | edumind.text_chunker | DEBUG    | text_chunker.py:95 | Created chunk 136: 49 chars
2026-01-20 18:39:31 | edumind.text_chunker | DEBUG    | text_chunker.py:95 | Created chunk 137: 48 chars
2026-01-20 18:39:31 | edumind.text_chunker | DEBUG    | text_chunker.py:95 | Created chunk 138: 47 chars
2026-01-20 18:39:31 | edumind.text_chunker | DEBUG    | text_chunker.py:95 | Created chunk 139: 46 chars
2026-01-20 18:39:31 | edumind.text_chunker | DEBUG    | text_chunker.py:95 | Created chunk 140: 44 chars
2026-01-20 18:39:31 | edumind.text_chunker | DEBUG    | text_chunker.py:95 | Created chunk 141: 49 chars
2026-01-20 18:39:31 | edumind.text_chunker | DEBUG    | text_chunker.py:95 | Created chunk 142: 48 chars
2026-01-20 18:39:31 | edumind.text_chunker | DEBUG    | text_chunker.py:95 | Created chunk 143: 47 chars
2026-01-20 18:39:31 | edumind.text_chunker | DEBUG    | text_chunker.py:95 | Created chunk 144: 46 chars
2026-01-20 18:39:31 | edumind.text_chunker | DEBUG    | text_chunker.py:95 | Created chunk 145: 44 chars
2026-01-20 18:39:31 | edumind.text_chunker | DEBUG    | text_chunker.py:95 | Created chunk 146: 49 chars
2026-01-20 18:39:31 | edumind.text_chunker | DEBUG    | text_chunker.py:95 | Created chunk 147: 48 chars
2026-01-20 18:39:31 | edumind.text_chunker | DEBUG    | text_chunker.py:95 | Created chunk 148: 47 chars
2026-01-20 18:39:31 | edumind.text_chunker | DEBUG    | text_chunker.py:95 | Created chunk 149: 46 chars
2026-01-20 18:39:31 | edumind.text_chunker | DEBUG    | text_chunker.py:95 | Created chunk 150: 44 chars
2026-01-20 18:39:31 | edumind.text_chunker | DEBUG    | text_chunker.py:95 | Created chunk 151: 49 chars
2026-01-20 18:39:31 | edumind.text_chunker | DEBUG    | text_chunker.py:95 | Created chunk 152: 48 chars
2026-01-20 18:39:31 | edumind.text_chunker | DEBUG    | text_chunker.py:95 | Created chunk 153: 47 chars
2026-01-20 18:39:31 | edumind.text_chunker | DEBUG    | text_chunker.py:95 | Created chunk 154: 46 chars
2026-01-20 18:39:31 | edumind.text_chunker | DEBUG    | text_chunker.py:95 | Created chunk 155: 44 chars
2026-01-20 18:39:31 | edumind.text_chunker | DEBUG    | text_chunker.py:95 | Created chunk 156: 49 chars
2026-01-20 18:39:31 | edumind.text_chunker | DEBUG    | text_chunker.py:95 | Created chunk 157: 48 chars
2026-01-20 18:39:31 | edumind.text_chunker | DEBUG    | text_chunker.py:95 | Created chunk 158: 47 chars
2026-01-20 18:39:31 | edumind.text_chunker | DEBUG    | text_chunker.py:95 | Created chunk 159: 46 chars
2026-01-20 18:39:31 | edumind.text_chunker | DEBUG    | text_chunker.py:95 | Created chunk 160: 44 chars
2026-01-20 18:39:31 | edumind.text_chunker | DEBUG    | text_chunker.py:95 | Created chunk 161: 49 chars
2026-01-20 18:39:31 | edumind.text_chunker | DEBUG    | text_chunker.py:95 | Created chunk 162: 48 chars
2026-01-20 18:39:31 | edumind.text_chunker | DEBUG    | text_chunker.py:95 | Created chunk 163: 47 chars
2026-01-20 18:39:31 | edumind.text_chunker | DEBUG    | text_chunker.py:95 | Created chunk 164: 46 chars
2026-01-20 18:39:31 | edumind.text_chunker | DEBUG    | text_chunker.py:95 | Created chunk 165: 44 chars
2026-01-20 18:39:31 | edumind.text_chunker | DEBUG    | text_chunker.py:95 | Created chunk 166: 49 chars
2026-01-20 18:39:31 | edumind.text_chunker | DEBUG    | text_chunker.py:95 | Created chunk 167: 48 chars
2026-01-20 18:39:31 | edumind.text_chunker | DEBUG    | text_chunker.py:95 | Created chunk 168: 47 chars
2026-01-20 18:39:31 | edumind.text_chunker | DEBUG    | text_chunker.py:95 | Created chunk 169: 46 chars
2026-01-20 18:39:31 | edumind.text_chunker | DEBUG    | text_chunker.py:95 | Created chunk 170: 44 chars
2026-01-20 18:39:31 | edumind.text_chunker | DEBUG    | text_chunker.py:95 | Created chunk 171: 49 chars
2026-01-20 18:39:31 | edumind.text_chunker | DEBUG    | text_chunker.py:95 | Created chunk 172: 48 chars
2026-01-20 18:39:31 | edumind.text_chunker | DEBUG    | text_chunker.py:95 | Created chunk 173: 47 chars
2026-01-20 18:39:31 | edumind.text_chunker | DEBUG    | text_chunker.py:95 | Created chunk 174: 46 chars
2026-01-20 18:39:31 | edumind.text_chunker | DEBUG    | text_chunker.py:95 | Created chunk 175: 44 chars
2026-01-20 18:39:31 | edumind.text_chunker | DEBUG    | text_chunker.py:95 | Created chunk 176: 49 chars
2026-01-20 18:39:31 | edumind.text_chunker | DEBUG    | text_chunker.py:95 | Created chunk 177: 48 chars
2026-01-20 18:39:31 | edumind.text_chunker | DEBUG    | text_chunker.py:95 | Created chunk 178: 47 chars
2026-01-20 18:39:31 | edumind.text_chunker | DEBUG    | text_chunker.py:95 | Created chunk 179: 46 chars
2026-01-20 18:39:31 | edumind.text_chunker | DEBUG    | text_chunker.py:95 | Created chunk 180: 44 chars
2026-01-20 18:39:31 | edumind.text_chunker | DEBUG    | text_chunker.py:95 | Created chunk 181: 49 chars
2026-01-20 18:39:31 | edumind.text_chunker | DEBUG    | text_chunker.py:95 | Created chunk 182: 48 chars
2026-01-20 18:39:31 | edumind.text_chunker | DEBUG    | text_chunker.py:95 | Created chunk 183: 47 chars
2026-01-20 18:39:31 | edumind.text_chunker | DEBUG    | text_chunker.py:95 | Created chunk 184: 46 chars
2026-01-20 18:39:31 | edumind.text_chunker | DEBUG    | text_chunker.py:95 | Created chunk 185: 44 chars
2026-01-20 18:39:31 | edumind.text_chunker | DEBUG    | text_chunker.py:95 | Created chunk 186: 49 chars
2026-01-20 18:39:31 | edumind.text_chunker | DEBUG    | text_chunker.py:95 | Created chunk 187: 48 chars
2026-01-20 18:39:31 | edumind.text_chunker | DEBUG    | text_chunker.py:95 | Created chunk 188: 47 chars
2026-01-20 18:39:31 | edumind.text_chunker | DEBUG    | text_chunker.py:95 | Created chunk 189: 46 chars
2026-01-20 18:39:31 | edumind.text_chunker | DEBUG    | text_chunker.py:95 | Created chunk 190: 44 chars
2026-01-20 18:39:31 | edumind.text_chunker | DEBUG    | text_chunker.py:95 | Created chunk 191: 49 chars
2026-01-20 18:39:31 | edumind.text_chunker | DEBUG    | text_chunker.py:95 | Created chunk 192: 48 chars
2026-01-20 18:39:31 | edumind.text_chunker | DEBUG    | text_chunker.py:95 | Created chunk 193: 47 chars
2026-01-20 18:39:31 | edumind.text_chunker | DEBUG    | text_chunker.py:95 | Created chunk 194: 46 chars
2026-01-20 18:39:31 | edumind.text_chunker | DEBUG    | text_chunker.py:95 | Created chunk 195: 44 chars
2026-01-20 18:39:31 | edumind.text_chunker | DEBUG    | text_chunker.py:95 | Created chunk 196: 49 chars
2026-01-20 18:39:31 | edumind.text_chunker | DEBUG    | text_chunker.py:95 | Created chunk 197: 48 chars
2026-01-20 18:39:31 | edumind.text_chunker | DEBUG    | text_chunker.py:95 | Created chunk 198: 47 chars
2026-01-20 18:39:31 | edumind.text_chunker | DEBUG    | text_chunker.py:95 | Created chunk 199: 46 chars
2026-01-20 18:39:31 | edumind.text_chunker | DEBUG    | text_chunker.py:95 | Created chunk 200: 44 chars
2026-01-20 18:39:31 | edumind.text_chunker | DEBUG    | text_chunker.py:95 | Created chunk 201: 49 chars
2026-01-20 18:39:31 | edumind.text_chunker | DEBUG    | text_chunker.py:95 | Created chunk 202: 48 chars
2026-01-20 18:39:31 | edumind.text_chunker | DEBUG    | text_chunker.py:95 | Created chunk 203: 47 chars
2026-01-20 18:39:31 | edumind.text_chunker | DEBUG    | text_chunker.py:95 | Created chunk 204: 46 chars
2026-01-20 18:39:31 | edumind.text_chunker | DEBUG    | text_chunker.py:95 | Created chunk 205: 44 chars
2026-01-20 18:39:31 | edumind.text_chunker | DEBUG    | text_chunker.py:95 | Created chunk 206: 49 chars
2026-01-20 18:39:31 | edumind.text_chunker | DEBUG    | text_chunker.py:95 | Created chunk 207: 48 chars
2026-01-20 18:39:31 | edumind.text_chunker | DEBUG    | text_chunker.py:95 | Created chunk 208: 47 chars
2026-01-20 18:39:31 | edumind.text_chunker | DEBUG    | text_chunker.py:95 | Created chunk 209: 46 chars
2026-01-20 18:39:31 | edumind.text_chunker | DEBUG    | text_chunker.py:95 | Created chunk 210: 44 chars
2026-01-20 18:39:31 | edumind.text_chunker | DEBUG    | text_chunker.py:95 | Created chunk 211: 49 chars
2026-01-20 18:39:31 | edumind.text_chunker | DEBUG    | text_chunker.py:95 | Created chunk 212: 48 chars
2026-01-20 18:39:31 | edumind.text_chunker | DEBUG    | text_chunker.py:95 | Created chunk 213: 47 chars
2026-01-20 18:39:31 | edumind.text_chunker | DEBUG    | text_chunker.py:95 | Created chunk 214: 46 chars
2026-01-20 18:39:31 | edumind.text_chunker | DEBUG    | text_chunker.py:95 | Created chunk 215: 44 chars
2026-01-20 18:39:31 | edumind.text_chunker | DEBUG    | text_chunker.py:95 | Created chunk 216: 49 chars
2026-01-20 18:39:31 | edumind.text_chunker | DEBUG    | text_chunker.py:95 | Created chunk 217: 48 chars
2026-01-20 18:39:31 | edumind.text_chunker | DEBUG    | text_chunker.py:95 | Created chunk 218: 47 chars
2026-01-20 18:39:31 | edumind.text_chunker | DEBUG    | text_chunker.py:95 | Created chunk 219: 46 chars
2026-01-20 18:39:31 | edumind.text_chunker | DEBUG    | text_chunker.py:95 | Created chunk 220: 44 chars
2026-01-20 18:39:31 | edumind.text_chunker | DEBUG    | text_chunker.py:95 | Created chunk 221: 49 chars
2026-01-20 18:39:31 | edumind.text_chunker | DEBUG    | text_chunker.py:95 | Created chunk 222: 48 chars
2026-01-20 18:39:31 | edumind.text_chunker | DEBUG    | text_chunker.py:95 | Created chunk 223: 47 chars
2026-01-20 18:39:31 | edumind.text_chunker | DEBUG    | text_chunker.py:95 | Created chunk 224: 46 chars
2026-01-20 18:39:31 | edumind.text_chunker | DEBUG    | text_chunker.py:95 | Created chunk 225: 44 chars
2026-01-20 18:39:31 | edumind.text_chunker | DEBUG    | text_chunker.py:95 | Created chunk 226: 49 chars
2026-01-20 18:39:31 | edumind.text_chunker | DEBUG    | text_chunker.py:95 | Created chunk 227: 48 chars
2026-01-20 18:39:31 | edumind.text_chunker | DEBUG    | text_chunker.py:95 | Created chunk 228: 47 chars
2026-01-20 18:39:31 | edumind.text_chunker | DEBUG    | text_chunker.py:95 | Created chunk 229: 46 chars
2026-01-20 18:39:31 | edumind.text_chunker | DEBUG    | text_chunker.py:95 | Created chunk 230: 44 chars
2026-01-20 18:39:31 | edumind.text_chunker | DEBUG    | text_chunker.py:95 | Created chunk 231: 49 chars
2026-01-20 18:39:31 | edumind.text_chunker | DEBUG    | text_chunker.py:95 | Created chunk 232: 48 chars
2026-01-20 18:39:31 | edumind.text_chunker | DEBUG    | text_chunker.py:95 | Created chunk 233: 47 chars
2026-01-20 18:39:31 | edumind.text_chunker | DEBUG    | text_chunker.py:95 | Created chunk 234: 46 chars
2026-01-20 18:39:31 | edumind.text_chunker | DEBUG    | text_chunker.py:95 | Created chunk 235: 44 chars
2026-01-20 18:39:31 | edumind.text_chunker | DEBUG    | text_chunker.py:95 | Created chunk 236: 49 chars
2026-01-20 18:39:31 | edumind.text_chunker | DEBUG    | text_chunker.py:95 | Created chunk 237: 48 chars
2026-01-20 18:39:31 | edumind.text_chunker | DEBUG    | text_chunker.py:95 | Created chunk 238: 47 chars
2026-01-20 18:39:31 | edumind.text_chunker | DEBUG    | text_chunker.py:95 | Created chunk 239: 46 chars
2026-01-20 18:39:31 | edumind.text_chunker | DEBUG    | text_chunker.py:95 | Created chunk 240: 44 chars
2026-01-20 18:39:31 | edumind.text_chunker | DEBUG    | text_chunker.py:95 | Created chunk 241: 49 chars
2026-01-20 18:39:31 | edumind.text_chunker | DEBUG    | text_chunker.py:95 | Created chunk 242: 48 chars
2026-01-20 18:39:31 | edumind.text_chunker | DEBUG    | text_chunker.py:95 | Created chunk 243: 47 chars
2026-01-20 18:39:31 | edumind.text_chunker | DEBUG    | text_chunker.py:95 | Created chunk 244: 46 chars
2026-01-20 18:39:31 | edumind.text_chunker | DEBUG    | text_chunker.py:95 | Created chunk 245: 44 chars
2026-01-20 18:39:31 | edumind.text_chunker | DEBUG    | text_chunker.py:95 | Created chunk 246: 49 chars
2026-01-20 18:39:31 | edumind.text_chunker | DEBUG    | text_chunker.py:95 | Created chunk 247: 48 chars
2026-01-20 18:39:31 | edumind.text_chunker | DEBUG    | text_chunker.py:95 | Created chunk 248: 47 chars
2026-01-20 18:39:31 | edumind.text_chunker | DEBUG    | text_chunker.py:95 | Created chunk 249: 46 chars
2026-01-20 18:39:31 | edumind.text_chunker | DEBUG    | text_chunker.py:95 | Created chunk 250: 44 chars
2026-01-20 18:39:31 | edumind.text_chunker | DEBUG    | text_chunker.py:95 | Created chunk 251: 49 chars
2026-01-20 18:39:31 | edumind.text_chunker | DEBUG    | text_chunker.py:95 | Created chunk 252: 48 chars
2026-01-20 18:39:31 | edumind.text_chunker | DEBUG    | text_chunker.py:95 | Created chunk 253: 47 chars
2026-01-20 18:39:31 | edumind.text_chunker | DEBUG    | text_chunker.py:95 | Created chunk 254: 46 chars
2026-01-20 18:39:31 | edumind.text_chunker | DEBUG    | text_chunker.py:95 | Created chunk 255: 44 chars
2026-01-20 18:39:31 | edumind.text_chunker | DEBUG    | text_chunker.py:95 | Created chunk 256: 49 chars
2026-01-20 18:39:31 | edumind.text_chunker | DEBUG    | text_chunker.py:95 | Created chunk 257: 48 chars
2026-01-20 18:39:31 | edumind.text_chunker | DEBUG    | text_chunker.py:95 | Created chunk 258: 47 chars
2026-01-20 18:39:31 | edumind.text_chunker | DEBUG    | text_chunker.py:95 | Created chunk 259: 46 chars
2026-01-20 18:39:31 | edumind.text_chunker | DEBUG    | text_chunker.py:95 | Created chunk 260: 44 chars
2026-01-20 18:39:31 | edumind.text_chunker | DEBUG    | text_chunker.py:95 | Created chunk 261: 49 chars
2026-01-20 18:39:31 | edumind.text_chunker | DEBUG    | text_chunker.py:95 | Created chunk 262: 48 chars
2026-01-20 18:39:31 | edumind.text_chunker | DEBUG    | text_chunker.py:95 | Created chunk 263: 47 chars
2026-01-20 18:39:31 | edumind.text_chunker | DEBUG    | text_chunker.py:95 | Created chunk 264: 46 chars
2026-01-20 18:39:31 | edumind.text_chunker | DEBUG    | text_chunker.py:95 | Created chunk 265: 44 chars
2026-01-20 18:39:31 | edumind.text_chunker | DEBUG    | text_chunker.py:95 | Created chunk 266: 49 chars
2026-01-20 18:39:31 | edumind.text_chunker | DEBUG    | text_chunker.py:95 | Created chunk 267: 48 chars
2026-01-20 18:39:31 | edumind.text_chunker | DEBUG    | text_chunker.py:95 | Created chunk 268: 47 chars
2026-01-20 18:39:31 | edumind.text_chunker | DEBUG    | text_chunker.py:95 | Created chunk 269: 46 chars
2026-01-20 18:39:31 | edumind.text_chunker | DEBUG    | text_chunker.py:95 | Created chunk 270: 44 chars
2026-01-20 18:39:31 | edumind.text_chunker | DEBUG    | text_chunker.py:95 | Created chunk 271: 49 chars
2026-01-20 18:39:31 | edumind.text_chunker | DEBUG    | text_chunker.py:95 | Created chunk 272: 48 chars
2026-01-20 18:39:31 | edumind.text_chunker | DEBUG    | text_chunker.py:95 | Created chunk 273: 47 chars
2026-01-20 18:39:31 | edumind.text_chunker | DEBUG    | text_chunker.py:95 | Created chunk 274: 46 chars
2026-01-20 18:39:31 | edumind.text_chunker | DEBUG    | text_chunker.py:95 | Created chunk 275: 44 chars
2026-01-20 18:39:31 | edumind.text_chunker | DEBUG    | text_chunker.py:95 | Created chunk 276: 49 chars
2026-01-20 18:39:31 | edumind.text_chunker | DEBUG    | text_chunker.py:95 | Created chunk 277: 48 chars
2026-01-20 18:39:31 | edumind.text_chunker | DEBUG    | text_chunker.py:95 | Created chunk 278: 47 chars
2026-01-20 18:39:31 | edumind.text_chunker | DEBUG    | text_chunker.py:95 | Created chunk 279: 46 chars
2026-01-20 18:39:31 | edumind.text_chunker | DEBUG    | text_chunker.py:95 | Created chunk 280: 44 chars
2026-01-20 18:39:31 | edumind.text_chunker | DEBUG    | text_chunker.py:95 | Created chunk 281: 49 chars
2026-01-20 18:39:31 | edumind.text_chunker | DEBUG    | text_chunker.py:95 | Created chunk 282: 48 chars
2026-01-20 18:39:31 | edumind.text_chunker | DEBUG    | text_chunker.py:95 | Created chunk 283: 47 chars
2026-01-20 18:39:31 | edumind.text_chunker | DEBUG    | text_chunker.py:95 | Created chunk 284: 46 chars
2026-01-20 18:39:31 | edumind.text_chunker | DEBUG    | text_chunker.py:95 | Created chunk 285: 44 chars
2026-01-20 18:39:31 | edumind.text_chunker | DEBUG    | text_chunker.py:95 | Created chunk 286: 49 chars
2026-01-20 18:39:31 | edumind.text_chunker | DEBUG    | text_chunker.py:95 | Created chunk 287: 48 chars
2026-01-20 18:39:31 | edumind.text_chunker | DEBUG    | text_chunker.py:95 | Created chunk 288: 47 chars
2026-01-20 18:39:31 | edumind.text_chunker | DEBUG    | text_chunker.py:95 | Created chunk 289: 46 chars
2026-01-20 18:39:31 | edumind.text_chunker | DEBUG    | text_chunker.py:95 | Created chunk 290: 44 chars
2026-01-20 18:39:31 | edumind.text_chunker | DEBUG    | text_chunker.py:95 | Created chunk 291: 49 chars
2026-01-20 18:39:31 | edumind.text_chunker | DEBUG    | text_chunker.py:95 | Created chunk 292: 48 chars
2026-01-20 18:39:31 | edumind.text_chunker | DEBUG    | text_chunker.py:95 | Created chunk 293: 47 chars
2026-01-20 18:39:31 | edumind.text_chunker | DEBUG    | text_chunker.py:95 | Created chunk 294: 46 chars
2026-01-20 18:39:31 | edumind.text_chunker | DEBUG    | text_chunker.py:95 | Created chunk 295: 44 chars
2026-01-20 18:39:31 | edumind.text_chunker | DEBUG    | text_chunker.py:95 | Created chunk 296: 49 chars
2026-01-20 18:39:31 | edumind.text_chunker | DEBUG    | text_chunker.py:95 | Created chunk 297: 48 chars
2026-01-20 18:39:31 | edumind.text_chunker | DEBUG    | text_chunker.py:95 | Created chunk 298: 47 chars
2026-01-20 18:39:31 | edumind.text_chunker | DEBUG    | text_chunker.py:95 | Created chunk 299: 46 chars
2026-01-20 18:39:31 | edumind.text_chunker | DEBUG    | text_chunker.py:95 | Created chunk 300: 44 chars
2026-01-20 18:39:31 | edumind.text_chunker | DEBUG    | text_chunker.py:95 | Created chunk 301: 49 chars
2026-01-20 18:39:31 | edumind.text_chunker | DEBUG    | text_chunker.py:95 | Created chunk 302: 48 chars
2026-01-20 18:39:31 | edumind.text_chunker | DEBUG    | text_chunker.py:95 | Created chunk 303: 47 chars
2026-01-20 18:39:31 | edumind.text_chunker | DEBUG    | text_chunker.py:95 | Created chunk 304: 46 chars
2026-01-20 18:39:31 | edumind.text_chunker | DEBUG    | text_chunker.py:95 | Created chunk 305: 44 chars
2026-01-20 18:39:31 | edumind.text_chunker | DEBUG    | text_chunker.py:95 | Created chunk 306: 49 chars
2026-01-20 18:39:31 | edumind.text_chunker | DEBUG    | text_chunker.py:95 | Created chunk 307: 48 chars
2026-01-20 18:39:31 | edumind.text_chunker | DEBUG    | text_chunker.py:95 | Created chunk 308: 47 chars
2026-01-20 18:39:31 | edumind.text_chunker | DEBUG    | text_chunker.py:95 | Created chunk 309: 46 chars
2026-01-20 18:39:31 | edumind.text_chunker | DEBUG    | text_chunker.py:95 | Created chunk 310: 44 chars
2026-01-20 18:39:31 | edumind.text_chunker | DEBUG    | text_chunker.py:95 | Created chunk 311: 49 chars
2026-01-20 18:39:31 | edumind.text_chunker | DEBUG    | text_chunker.py:95 | Created chunk 312: 48 chars
2026-01-20 18:39:31 | edumind.text_chunker | DEBUG    | text_chunker.py:95 | Created chunk 313: 47 chars
2026-01-20 18:39:31 | edumind.text_chunker | DEBUG    | text_chunker.py:95 | Created chunk 314: 46 chars
2026-01-20 18:39:31 | edumind.text_chunker | DEBUG    | text_chunker.py:95 | Created chunk 315: 44 chars
2026-01-20 18:39:31 | edumind.text_chunker | DEBUG    | text_chunker.py:95 | Created chunk 316: 49 chars
2026-01-20 18:39:31 | edumind.text_chunker | DEBUG    | text_chunker.py:95 | Created chunk 317: 48 chars
2026-01-20 18:39:31 | edumind.text_chunker | DEBUG    | text_chunker.py:95 | Created chunk 318: 47 chars
2026-01-20 18:39:31 | edumind.text_chunker | DEBUG    | text_chunker.py:95 | Created chunk 319: 46 chars
2026-01-20 18:39:31 | edumind.text_chunker | DEBUG    | text_chunker.py:95 | Created chunk 320: 44 chars
2026-01-20 18:39:31 | edumind.text_chunker | DEBUG    | text_chunker.py:95 | Created chunk 321: 49 chars
2026-01-20 18:39:31 | edumind.text_chunker | DEBUG    | text_chunker.py:95 | Created chunk 322: 48 chars
2026-01-20 18:39:31 | edumind.text_chunker | DEBUG    | text_chunker.py:95 | Created chunk 323: 47 chars
2026-01-20 18:39:31 | edumind.text_chunker | DEBUG    | text_chunker.py:95 | Created chunk 324: 46 chars
2026-01-20 18:39:31 | edumind.text_chunker | DEBUG    | text_chunker.py:95 | Created chunk 325: 44 chars
2026-01-20 18:39:31 | edumind.text_chunker | DEBUG    | text_chunker.py:95 | Created chunk 326: 49 chars
2026-01-20 18:39:31 | edumind.text_chunker | DEBUG    | text_chunker.py:95 | Created chunk 327: 48 chars
2026-01-20 18:39:31 | edumind.text_chunker | DEBUG    | text_chunker.py:95 | Created chunk 328: 47 chars
2026-01-20 18:39:31 | edumind.text_chunker | DEBUG    | text_chunker.py:95 | Created chunk 329: 46 chars
2026-01-20 18:39:31 | edumind.text_chunker | DEBUG    | text_chunker.py:95 | Created chunk 330: 44 chars
2026-01-20 18:39:31 | edumind.text_chunker | DEBUG    | text_chunker.py:95 | Created chunk 331: 49 chars
2026-01-20 18:39:31 | edumind.text_chunker | DEBUG    | text_chunker.py:95 | Created chunk 332: 48 chars
2026-01-20 18:39:31 | edumind.text_chunker | DEBUG    | text_chunker.py:95 | Created chunk 333: 47 chars
2026-01-20 18:39:31 | edumind.text_chunker | DEBUG    | text_chunker.py:95 | Created chunk 334: 46 chars
2026-01-20 18:39:31 | edumind.text_chunker | DEBUG    | text_chunker.py:95 | Created chunk 335: 44 chars
2026-01-20 18:39:31 | edumind.text_chunker | DEBUG    | text_chunker.py:95 | Created chunk 336: 49 chars
2026-01-20 18:39:31 | edumind.text_chunker | DEBUG    | text_chunker.py:95 | Created chunk 337: 48 chars
2026-01-20 18:39:31 | edumind.text_chunker | DEBUG    | text_chunker.py:95 | Created chunk 338: 47 chars
2026-01-20 18:39:31 | edumind.text_chunker | DEBUG    | text_chunker.py:95 | Created chunk 339: 46 chars
2026-01-20 18:39:31 | edumind.text_chunker | DEBUG    | text_chunker.py:95 | Created chunk 340: 44 chars
2026-01-20 18:39:31 | edumind.text_chunker | DEBUG    | text_chunker.py:95 | Created chunk 341: 49 chars
2026-01-20 18:39:31 | edumind.text_chunker | DEBUG    | text_chunker.py:95 | Created chunk 342: 48 chars
2026-01-20 18:39:31 | edumind.text_chunker | DEBUG    | text_chunker.py:95 | Created chunk 343: 47 chars
2026-01-20 18:39:31 | edumind.text_chunker | DEBUG    | text_chunker.py:95 | Created chunk 344: 46 chars
2026-01-20 18:39:31 | edumind.text_chunker | DEBUG    | text_chunker.py:95 | Created chunk 345: 44 chars
2026-01-20 18:39:31 | edumind.text_chunker | DEBUG    | text_chunker.py:95 | Created chunk 346: 49 chars
2026-01-20 18:39:31 | edumind.text_chunker | DEBUG    | text_chunker.py:95 | Created chunk 347: 48 chars
2026-01-20 18:39:31 | edumind.text_chunker | DEBUG    | text_chunker.py:95 | Created chunk 348: 47 chars
2026-01-20 18:39:31 | edumind.text_chunker | DEBUG    | text_chunker.py:95 | Created chunk 349: 46 chars
2026-01-20 18:39:31 | edumind.text_chunker | DEBUG    | text_chunker.py:95 | Created chunk 350: 44 chars
2026-01-20 18:39:31 | edumind.text_chunker | DEBUG    | text_chunker.py:95 | Created chunk 351: 49 chars
2026-01-20 18:39:31 | edumind.text_chunker | DEBUG    | text_chunker.py:95 | Created chunk 352: 48 chars
2026-01-20 18:39:31 | edumind.text_chunker | DEBUG    | text_chunker.py:95 | Created chunk 353: 47 chars
2026-01-20 18:39:31 | edumind.text_chunker | DEBUG    | text_chunker.py:95 | Created chunk 354: 46 chars
2026-01-20 18:39:31 | edumind.text_chunker | DEBUG    | text_chunker.py:95 | Created chunk 355: 44 chars
2026-01-20 18:39:31 | edumind.text_chunker | DEBUG    | text_chunker.py:95 | Created chunk 356: 49 chars
2026-01-20 18:39:31 | edumind.text_chunker | DEBUG    | text_chunker.py:95 | Created chunk 357: 48 chars
2026-01-20 18:39:31 | edumind.text_chunker | DEBUG    | text_chunker.py:95 | Created chunk 358: 47 chars
2026-01-20 18:39:31 | edumind.text_chunker | DEBUG    | text_chunker.py:95 | Created chunk 359: 46 chars
2026-01-20 18:39:31 | edumind.text_chunker | DEBUG    | text_chunker.py:95 | Created chunk 360: 44 chars
2026-01-20 18:39:31 | edumind.text_chunker | DEBUG    | text_chunker.py:95 | Created chunk 361: 49 chars
2026-01-20 18:39:31 | edumind.text_chunker | DEBUG    | text_chunker.py:95 | Created chunk 362: 48 chars
2026-01-20 18:39:31 | edumind.text_chunker | DEBUG    | text_chunker.py:95 | Created chunk 363: 47 chars
2026-01-20 18:39:31 | edumind.text_chunker | DEBUG    | text_chunker.py:95 | Created chunk 364: 46 chars
2026-01-20 18:39:31 | edumind.text_chunker | DEBUG    | text_chunker.py:95 | Created chunk 365: 44 chars
2026-01-20 18:39:31 | edumind.text_chunker | DEBUG    | text_chunker.py:95 | Created chunk 366: 49 chars
2026-01-20 18:39:31 | edumind.text_chunker | DEBUG    | text_chunker.py:95 | Created chunk 367: 48 chars
2026-01-20 18:39:31 | edumind.text_chunker | DEBUG    | text_chunker.py:95 | Created chunk 368: 47 chars
2026-01-20 18:39:31 | edumind.text_chunker | DEBUG    | text_chunker.py:95 | Created chunk 369: 46 chars
2026-01-20 18:39:31 | edumind.text_chunker | DEBUG    | text_chunker.py:95 | Created chunk 370: 44 chars
2026-01-20 18:39:31 | edumind.text_chunker | DEBUG    | text_chunker.py:95 | Created chunk 371: 49 chars
2026-01-20 18:39:31 | edumind.text_chunker | DEBUG    | text_chunker.py:95 | Created chunk 372: 48 chars
2026-01-20 18:39:31 | edumind.text_chunker | DEBUG    | text_chunker.py:95 | Created chunk 373: 47 chars
2026-01-20 18:39:31 | edumind.text_chunker | DEBUG    | text_chunker.py:95 | Created chunk 374: 46 chars
2026-01-20 18:39:31 | edumind.text_chunker | DEBUG    | text_chunker.py:95 | Created chunk 375: 44 chars
2026-01-20 18:39:31 | edumind.text_chunker | DEBUG    | text_chunker.py:95 | Created chunk 376: 49 chars
2026-01-20 18:39:31 | edumind.text_chunker | DEBUG    | text_chunker.py:95 | Created chunk 377: 48 chars
2026-01-20 18:39:31 | edumind.text_chunker | DEBUG    | text_chunker.py:95 | Created chunk 378: 47 chars
2026-01-20 18:39:31 | edumind.text_chunker | DEBUG    | text_chunker.py:95 | Created chunk 379: 46 chars
2026-01-20 18:39:31 | edumind.text_chunker | DEBUG    | text_chunker.py:95 | Created chunk 380: 44 chars
2026-01-20 18:39:31 | edumind.text_chunker | DEBUG    | text_chunker.py:95 | Created chunk 381: 49 chars
2026-01-20 18:39:31 | edumind.text_chunker | DEBUG    | text_chunker.py:95 | Created chunk 382: 48 chars
2026-01-20 18:39:31 | edumind.text_chunker | DEBUG    | text_chunker.py:95 | Created chunk 383: 47 chars
2026-01-20 18:39:31 | edumind.text_chunker | DEBUG    | text_chunker.py:95 | Created chunk 384: 46 chars
2026-01-20 18:39:31 | edumind.text_chunker | DEBUG    | text_chunker.py:95 | Created chunk 385: 44 chars
2026-01-20 18:39:31 | edumind.text_chunker | DEBUG    | text_chunker.py:95 | Created chunk 386: 49 chars
2026-01-20 18:39:31 | edumind.text_chunker | DEBUG    | text_chunker.py:95 | Created chunk 387: 48 chars
2026-01-20 18:39:31 | edumind.text_chunker | DEBUG    | text_chunker.py:95 | Created chunk 388: 47 chars
2026-01-20 18:39:31 | edumind.text_chunker | DEBUG    | text_chunker.py:95 | Created chunk 389: 46 chars
2026-01-20 18:39:31 | edumind.text_chunker | DEBUG    | text_chunker.py:95 | Created chunk 390: 44 chars
2026-01-20 18:39:31 | edumind.text_chunker | DEBUG    | text_chunker.py:95 | Created chunk 391: 49 chars
2026-01-20 18:39:31 | edumind.text_chunker | DEBUG    | text_chunker.py:95 | Created chunk 392: 48 chars
2026-01-20 18:39:31 | edumind.text_chunker | DEBUG    | text_chunker.py:95 | Created chunk 393: 47 chars
2026-01-20 18:39:31 | edumind.text_chunker | DEBUG    | text_chunker.py:95 | Created chunk 394: 46 chars
2026-01-20 18:39:31 | edumind.text_chunker | DEBUG    | text_chunker.py:95 | Created chunk 395: 44 chars
2026-01-20 18:39:31 | edumind.text_chunker | DEBUG    | text_chunker.py:95 | Created chunk 396: 49 chars
2026-01-20 18:39:31 | edumind.text_chunker | DEBUG    | text_chunker.py:95 | Created chunk 397: 48 chars
2026-01-20 18:39:31 | edumind.text_chunker | DEBUG    | text_chunker.py:95 | Created chunk 398: 47 chars
2026-01-20 18:39:31 | edumind.text_chunker | DEBUG    | text_chunker.py:95 | Created chunk 399: 46 chars
2026-01-20 18:39:31 | edumind.text_chunker | DEBUG    | text_chunker.py:95 | Created chunk 400: 44 chars
2026-01-20 18:39:31 | edumind.text_chunker | DEBUG    | text_chunker.py:95 | Created chunk 401: 49 chars
2026-01-20 18:39:31 | edumind.text_chunker | DEBUG    | text_chunker.py:95 | Created chunk 402: 48 chars
2026-01-20 18:39:31 | edumind.text_chunker | DEBUG    | text_chunker.py:95 | Created chunk 403: 47 chars
2026-01-20 18:39:31 | edumind.text_chunker | DEBUG    | text_chunker.py:95 | Created chunk 404: 46 chars
2026-01-20 18:39:31 | edumind.text_chunker | DEBUG    | text_chunker.py:95 | Created chunk 405: 44 chars
2026-01-20 18:39:31 | edumind.text_chunker | DEBUG    | text_chunker.py:95 | Created chunk 406: 49 chars
2026-01-20 18:39:31 | edumind.text_chunker | DEBUG    | text_chunker.py:95 | Created chunk 407: 48 chars
2026-01-20 18:39:31 | edumind.text_chunker | DEBUG    | text_chunker.py:95 | Created chunk 408: 47 chars
2026-01-20 18:39:31 | edumind.text_chunker | DEBUG    | text_chunker.py:95 | Created chunk 409: 46 chars
2026-01-20 18:39:31 | edumind.text_chunker | DEBUG    | text_chunker.py:95 | Created chunk 410: 44 chars
2026-01-20 18:39:31 | edumind.text_chunker | DEBUG    | text_chunker.py:95 | Created chunk 411: 49 chars
2026-01-20 18:39:31 | edumind.text_chunker | DEBUG    | text_chunker.py:95 | Created chunk 412: 48 chars
2026-01-20 18:39:31 | edumind.text_chunker | DEBUG    | text_chunker.py:95 | Created chunk 413: 47 chars
2026-01-20 18:39:31 | edumind.text_chunker | DEBUG    | text_chunker.py:95 | Created chunk 414: 46 chars
2026-01-20 18:39:31 | edumind.text_chunker | DEBUG    | text_chunker.py:95 | Created chunk 415: 44 chars
2026-01-20 18:39:31 | edumind.text_chunker | DEBUG    | text_chunker.py:95 | Created chunk 416: 49 chars
2026-01-20 18:39:31 | edumind.text_chunker | DEBUG    | text_chunker.py:95 | Created chunk 417: 48 chars
2026-01-20 18:39:31 | edumind.text_chunker | DEBUG    | text_chunker.py:95 | Created chunk 418: 47 chars
2026-01-20 18:39:31 | edumind.text_chunker | DEBUG    | text_chunker.py:95 | Created chunk 419: 46 chars
2026-01-20 18:39:31 | edumind.text_chunker | DEBUG    | text_chunker.py:95 | Created chunk 420: 44 chars
2026-01-20 18:39:31 | edumind.text_chunker | DEBUG    | text_chunker.py:95 | Created chunk 421: 49 chars
2026-01-20 18:39:31 | edumind.text_chunker | DEBUG    | text_chunker.py:95 | Created chunk 422: 48 chars
2026-01-20 18:39:31 | edumind.text_chunker | DEBUG    | text_chunker.py:95 | Created chunk 423: 47 chars
2026-01-20 18:39:31 | edumind.text_chunker | DEBUG    | text_chunker.py:95 | Created chunk 424: 46 chars
2026-01-20 18:39:31 | edumind.text_chunker | DEBUG    | text_chunker.py:95 | Created chunk 425: 44 chars
2026-01-20 18:39:31 | edumind.text_chunker | DEBUG    | text_chunker.py:95 | Created chunk 426: 49 chars
2026-01-20 18:39:31 | edumind.text_chunker | DEBUG    | text_chunker.py:95 | Created chunk 427: 48 chars
2026-01-20 18:39:31 | edumind.text_chunker | DEBUG    | text_chunker.py:95 | Created chunk 428: 47 chars
2026-01-20 18:39:31 | edumind.text_chunker | DEBUG    | text_chunker.py:95 | Created chunk 429: 46 chars
2026-01-20 18:39:31 | edumind.text_chunker | DEBUG    | text_chunker.py:95 | Created chunk 430: 44 chars
2026-01-20 18:39:31 | edumind.text_chunker | DEBUG    | text_chunker.py:95 | Created chunk 431: 49 chars
2026-01-20 18:39:31 | edumind.text_chunker | DEBUG    | text_chunker.py:95 | Created chunk 432: 48 chars
2026-01-20 18:39:31 | edumind.text_chunker | DEBUG    | text_chunker.py:95 | Created chunk 433: 47 chars
2026-01-20 18:39:31 | edumind.text_chunker | DEBUG    | text_chunker.py:95 | Created chunk 434: 46 chars
2026-01-20 18:39:31 | edumind.text_chunker | DEBUG    | text_chunker.py:95 | Created chunk 435: 44 chars
2026-01-20 18:39:31 | edumind.text_chunker | DEBUG    | text_chunker.py:95 | Created chunk 436: 49 chars
2026-01-20 18:39:31 | edumind.text_chunker | DEBUG    | text_chunker.py:95 | Created chunk 437: 48 chars
2026-01-20 18:39:31 | edumind.text_chunker | DEBUG    | text_chunker.py:95 | Created chunk 438: 47 chars
2026-01-20 18:39:31 | edumind.text_chunker | DEBUG    | text_chunker.py:95 | Created chunk 439: 46 chars
2026-01-20 18:39:31 | edumind.text_chunker | DEBUG    | text_chunker.py:95 | Created chunk 440: 44 chars
2026-01-20 18:39:31 | edumind.text_chunker | DEBUG    | text_chunker.py:95 | Created chunk 441: 49 chars
2026-01-20 18:39:31 | edumind.text_chunker | DEBUG    | text_chunker.py:95 | Created chunk 442: 48 chars
2026-01-20 18:39:31 | edumind.text_chunker | DEBUG    | text_chunker.py:95 | Created chunk 443: 47 chars
2026-01-20 18:39:31 | edumind.text_chunker | DEBUG    | text_chunker.py:95 | Created chunk 444: 46 chars
2026-01-20 18:39:31 | edumind.text_chunker | DEBUG    | text_chunker.py:95 | Created chunk 445: 44 chars
2026-01-20 18:39:31 | edumind.text_chunker | DEBUG    | text_chunker.py:95 | Created chunk 446: 49 chars
2026-01-20 18:39:31 | edumind.text_chunker | DEBUG    | text_chunker.py:95 | Created chunk 447: 48 chars
2026-01-20 18:39:31 | edumind.text_chunker | DEBUG    | text_chunker.py:95 | Created chunk 448: 47 chars
2026-01-20 18:39:31 | edumind.text_chunker | DEBUG    | text_chunker.py:95 | Created chunk 449: 46 chars
2026-01-20 18:39:31 | edumind.text_chunker | DEBUG    | text_chunker.py:95 | Created chunk 450: 49 chars
2026-01-20 18:39:31 | edumind.text_chunker | INFO     | text_chunker.py:103 | Split text into 450 chunks (avg: 46 chars)
2026-01-20 18:39:31 | edumind.text_chunker | DEBUG    | text_chunker.py:95 | Created chunk 1: 97 chars
2026-01-20 18:39:31 | edumind.text_chunker | DEBUG    | text_chunker.py:95 | Created chunk 2: 96 chars
2026-01-20 18:39:31 | edumind.text_chunker | DEBUG    | text_chunker.py:95 | Created chunk 3: 95 chars
2026-01-20 18:39:31 | edumind.text_chunker | DEBUG    | text_chunker.py:95 | Created chunk 4: 94 chars
2026-01-20 18:39:31 | edumind.text_chunker | DEBUG    | text_chunker.py:95 | Created chunk 5: 92 chars
2026-01-20 18:39:31 | edumind.text_chunker | DEBUG    | text_chunker.py:95 | Created chunk 6: 92 chars
2026-01-20 18:39:31 | edumind.text_chunker | DEBUG    | text_chunker.py:95 | Created chunk 7: 91 chars
2026-01-20 18:39:31 | edumind.text_chunker | DEBUG    | text_chunker.py:95 | Created chunk 8: 89 chars
2026-01-20 18:39:31 | edumind.text_chunker | DEBUG    | text_chunker.py:95 | Created chunk 9: 89 chars
2026-01-20 18:39:31 | edumind.text_chunker | DEBUG    | text_chunker.py:95 | Created chunk 10: 88 chars
2026-01-20 18:39:31 | edumind.text_chunker | DEBUG    | text_chunker.py:95 | Created chunk 11: 87 chars
2026-01-20 18:39:31 | edumind.text_chunker | DEBUG    | text_chunker.py:95 | Created chunk 12: 86 chars
2026-01-20 18:39:31 | edumind.text_chunker | DEBUG    | text_chunker.py:95 | Created chunk 13: 99 chars
2026-01-20 18:39:31 | edumind.text_chunker | DEBUG    | text_chunker.py:95 | Created chunk 14: 97 chars
2026-01-20 18:39:31 | edumind.text_chunker | DEBUG    | text_chunker.py:95 | Created chunk 15: 97 chars
2026-01-20 18:39:31 | edumind.text_chunker | DEBUG    | text_chunker.py:95 | Created chunk 16: 96 chars
2026-01-20 18:39:31 | edumind.text_chunker | DEBUG    | text_chunker.py:95 | Created chunk 17: 95 chars
2026-01-20 18:39:31 | edumind.text_chunker | DEBUG    | text_chunker.py:95 | Created chunk 18: 94 chars
2026-01-20 18:39:31 | edumind.text_chunker | DEBUG    | text_chunker.py:95 | Created chunk 19: 92 chars
2026-01-20 18:39:31 | edumind.text_chunker | DEBUG    | text_chunker.py:95 | Created chunk 20: 92 chars
2026-01-20 18:39:31 | edumind.text_chunker | DEBUG    | text_chunker.py:95 | Created chunk 21: 91 chars
2026-01-20 18:39:31 | edumind.text_chunker | DEBUG    | text_chunker.py:95 | Created chunk 22: 89 chars
2026-01-20 18:39:31 | edumind.text_chunker | DEBUG    | text_chunker.py:95 | Created chunk 23: 89 chars
2026-01-20 18:39:31 | edumind.text_chunker | DEBUG    | text_chunker.py:95 | Created chunk 24: 88 chars
2026-01-20 18:39:31 | edumind.text_chunker | DEBUG    | text_chunker.py:95 | Created chunk 25: 87 chars
2026-01-20 18:39:31 | edumind.text_chunker | DEBUG    | text_chunker.py:95 | Created chunk 26: 86 chars
2026-01-20 18:39:31 | edumind.text_chunker | DEBUG    | text_chunker.py:95 | Created chunk 27: 99 chars
2026-01-20 18:39:31 | edumind.text_chunker | DEBUG    | text_chunker.py:95 | Created chunk 28: 97 chars
2026-01-20 18:39:31 | edumind.text_chunker | DEBUG    | text_chunker.py:95 | Created chunk 29: 97 chars
2026-01-20 18:39:31 | edumind.text_chunker | DEBUG    | text_chunker.py:95 | Created chunk 30: 96 chars
2026-01-20 18:39:31 | edumind.text_chunker | DEBUG    | text_chunker.py:95 | Created chunk 31: 95 chars
2026-01-20 18:39:31 | edumind.text_chunker | DEBUG    | text_chunker.py:95 | Created chunk 32: 94 chars
2026-01-20 18:39:31 | edumind.text_chunker | DEBUG    | text_chunker.py:95 | Created chunk 33: 92 chars
2026-01-20 18:39:31 | edumind.text_chunker | DEBUG    | text_chunker.py:95 | Created chunk 34: 92 chars
2026-01-20 18:39:31 | edumind.text_chunker | DEBUG    | text_chunker.py:95 | Created chunk 35: 91 chars
2026-01-20 18:39:31 | edumind.text_chunker | DEBUG    | text_chunker.py:95 | Created chunk 36: 89 chars
2026-01-20 18:39:31 | edumind.text_chunker | DEBUG    | text_chunker.py:95 | Created chunk 37: 89 chars
2026-01-20 18:39:31 | edumind.text_chunker | DEBUG    | text_chunker.py:95 | Created chunk 38: 88 chars
2026-01-20 18:39:31 | edumind.text_chunker | DEBUG    | text_chunker.py:95 | Created chunk 39: 87 chars
2026-01-20 18:39:31 | edumind.text_chunker | DEBUG    | text_chunker.py:95 | Created chunk 40: 86 chars
2026-01-20 18:39:31 | edumind.text_chunker | DEBUG    | text_chunker.py:95 | Created chunk 41: 99 chars
2026-01-20 18:39:31 | edumind.text_chunker | DEBUG    | text_chunker.py:95 | Created chunk 42: 97 chars
2026-01-20 18:39:31 | edumind.text_chunker | DEBUG    | text_chunker.py:95 | Created chunk 43: 97 chars
2026-01-20 18:39:31 | edumind.text_chunker | DEBUG    | text_chunker.py:95 | Created chunk 44: 96 chars
2026-01-20 18:39:31 | edumind.text_chunker | DEBUG    | text_chunker.py:95 | Created chunk 45: 95 chars
2026-01-20 18:39:31 | edumind.text_chunker | DEBUG    | text_chunker.py:95 | Created chunk 46: 94 chars
2026-01-20 18:39:31 | edumind.text_chunker | DEBUG    | text_chunker.py:95 | Created chunk 47: 92 chars
2026-01-20 18:39:31 | edumind.text_chunker | DEBUG    | text_chunker.py:95 | Created chunk 48: 92 chars
2026-01-20 18:39:31 | edumind.text_chunker | DEBUG    | text_chunker.py:95 | Created chunk 49: 91 chars
2026-01-20 18:39:31 | edumind.text_chunker | DEBUG    | text_chunker.py:95 | Created chunk 50: 89 chars
2026-01-20 18:39:31 | edumind.text_chunker | DEBUG    | text_chunker.py:95 | Created chunk 51: 89 chars
2026-01-20 18:39:31 | edumind.text_chunker | DEBUG    | text_chunker.py:95 | Created chunk 52: 88 chars
2026-01-20 18:39:31 | edumind.text_chunker | DEBUG    | text_chunker.py:95 | Created chunk 53: 87 chars
2026-01-20 18:39:31 | edumind.text_chunker | DEBUG    | text_chunker.py:95 | Created chunk 54: 86 chars
2026-01-20 18:39:31 | edumind.text_chunker | DEBUG    | text_chunker.py:95 | Created chunk 55: 99 chars
2026-01-20 18:39:31 | edumind.text_chunker | DEBUG    | text_chunker.py:95 | Created chunk 56: 97 chars
2026-01-20 18:39:31 | edumind.text_chunker | DEBUG    | text_chunker.py:95 | Created chunk 57: 97 chars
2026-01-20 18:39:31 | edumind.text_chunker | DEBUG    | text_chunker.py:95 | Created chunk 58: 96 chars
2026-01-20 18:39:31 | edumind.text_chunker | DEBUG    | text_chunker.py:95 | Created chunk 59: 95 chars
2026-01-20 18:39:31 | edumind.text_chunker | DEBUG    | text_chunker.py:95 | Created chunk 60: 94 chars
2026-01-20 18:39:31 | edumind.text_chunker | DEBUG    | text_chunker.py:95 | Created chunk 61: 92 chars
2026-01-20 18:39:31 | edumind.text_chunker | DEBUG    | text_chunker.py:95 | Created chunk 62: 92 chars
2026-01-20 18:39:31 | edumind.text_chunker | DEBUG    | text_chunker.py:95 | Created chunk 63: 91 chars
2026-01-20 18:39:31 | edumind.text_chunker | DEBUG    | text_chunker.py:95 | Created chunk 64: 89 chars
2026-01-20 18:39:31 | edumind.text_chunker | DEBUG    | text_chunker.py:95 | Created chunk 65: 89 chars
2026-01-20 18:39:31 | edumind.text_chunker | DEBUG    | text_chunker.py:95 | Created chunk 66: 88 chars
2026-01-20 18:39:31 | edumind.text_chunker | DEBUG    | text_chunker.py:95 | Created chunk 67: 87 chars
2026-01-20 18:39:31 | edumind.text_chunker | DEBUG    | text_chunker.py:95 | Created chunk 68: 86 chars
2026-01-20 18:39:31 | edumind.text_chunker | DEBUG    | text_chunker.py:95 | Created chunk 69: 99 chars
2026-01-20 18:39:31 | edumind.text_chunker | DEBUG    | text_chunker.py:95 | Created chunk 70: 97 chars
2026-01-20 18:39:31 | edumind.text_chunker | DEBUG    | text_chunker.py:95 | Created chunk 71: 97 chars
2026-01-20 18:39:31 | edumind.text_chunker | DEBUG    | text_chunker.py:95 | Created chunk 72: 96 chars
2026-01-20 18:39:31 | edumind.text_chunker | DEBUG    | text_chunker.py:95 | Created chunk 73: 95 chars
2026-01-20 18:39:31 | edumind.text_chunker | DEBUG    | text_chunker.py:95 | Created chunk 74: 94 chars
2026-01-20 18:39:31 | edumind.text_chunker | DEBUG    | text_chunker.py:95 | Created chunk 75: 92 chars
2026-01-20 18:39:31 | edumind.text_chunker | DEBUG    | text_chunker.py:95 | Created chunk 76: 92 chars
2026-01-20 18:39:31 | edumind.text_chunker | DEBUG    | text_chunker.py:95 | Created chunk 77: 91 chars
2026-01-20 18:39:31 | edumind.text_chunker | DEBUG    | text_chunker.py:95 | Created chunk 78: 89 chars
2026-01-20 18:39:31 | edumind.text_chunker | DEBUG    | text_chunker.py:95 | Created chunk 79: 89 chars
2026-01-20 18:39:31 | edumind.text_chunker | DEBUG    | text_chunker.py:95 | Created chunk 80: 88 chars
2026-01-20 18:39:31 | edumind.text_chunker | DEBUG    | text_chunker.py:95 | Created chunk 81: 87 chars
2026-01-20 18:39:31 | edumind.text_chunker | DEBUG    | text_chunker.py:95 | Created chunk 82: 86 chars
2026-01-20 18:39:31 | edumind.text_chunker | DEBUG    | text_chunker.py:95 | Created chunk 83: 99 chars
2026-01-20 18:39:31 | edumind.text_chunker | DEBUG    | text_chunker.py:95 | Created chunk 84: 97 chars
2026-01-20 18:39:31 | edumind.text_chunker | DEBUG    | text_chunker.py:95 | Created chunk 85: 97 chars
2026-01-20 18:39:31 | edumind.text_chunker | DEBUG    | text_chunker.py:95 | Created chunk 86: 96 chars
2026-01-20 18:39:31 | edumind.text_chunker | DEBUG    | text_chunker.py:95 | Created chunk 87: 95 chars
2026-01-20 18:39:31 | edumind.text_chunker | DEBUG    | text_chunker.py:95 | Created chunk 88: 94 chars
2026-01-20 18:39:31 | edumind.text_chunker | DEBUG    | text_chunker.py:95 | Created chunk 89: 92 chars
2026-01-20 18:39:31 | edumind.text_chunker | DEBUG    | text_chunker.py:95 | Created chunk 90: 92 chars
2026-01-20 18:39:31 | edumind.text_chunker | DEBUG    | text_chunker.py:95 | Created chunk 91: 91 chars
2026-01-20 18:39:31 | edumind.text_chunker | DEBUG    | text_chunker.py:95 | Created chunk 92: 89 chars
2026-01-20 18:39:31 | edumind.text_chunker | DEBUG    | text_chunker.py:95 | Created chunk 93: 89 chars
2026-01-20 18:39:31 | edumind.text_chunker | DEBUG    | text_chunker.py:95 | Created chunk 94: 88 chars
2026-01-20 18:39:31 | edumind.text_chunker | DEBUG    | text_chunker.py:95 | Created chunk 95: 87 chars
2026-01-20 18:39:31 | edumind.text_chunker | DEBUG    | text_chunker.py:95 | Created chunk 96: 86 chars
2026-01-20 18:39:31 | edumind.text_chunker | DEBUG    | text_chunker.py:95 | Created chunk 97: 99 chars
2026-01-20 18:39:31 | edumind.text_chunker | DEBUG    | text_chunker.py:95 | Created chunk 98: 97 chars
2026-01-20 18:39:31 | edumind.text_chunker | DEBUG    | text_chunker.py:95 | Created chunk 99: 97 chars
2026-01-20 18:39:31 | edumind.text_chunker | DEBUG    | text_chunker.py:95 | Created chunk 100: 96 chars
2026-01-20 18:39:31 | edumind.text_chunker | DEBUG    | text_chunker.py:95 | Created chunk 101: 95 chars
2026-01-20 18:39:31 | edumind.text_chunker | DEBUG    | text_chunker.py:95 | Created chunk 102: 94 chars
2026-01-20 18:39:31 | edumind.text_chunker | DEBUG    | text_chunker.py:95 | Created chunk 103: 92 chars
2026-01-20 18:39:31 | edumind.text_chunker | DEBUG    | text_chunker.py:95 | Created chunk 104: 92 chars
2026-01-20 18:39:31 | edumind.text_chunker | DEBUG    | text_chunker.py:95 | Created chunk 105: 91 chars
2026-01-20 18:39:31 | edumind.text_chunker | DEBUG    | text_chunker.py:95 | Created chunk 106: 89 chars
2026-01-20 18:39:31 | edumind.text_chunker | DEBUG    | text_chunker.py:95 | Created chunk 107: 89 chars
2026-01-20 18:39:31 | edumind.text_chunker | DEBUG    | text_chunker.py:95 | Created chunk 108: 88 chars
2026-01-20 18:39:31 | edumind.text_chunker | DEBUG    | text_chunker.py:95 | Created chunk 109: 87 chars
2026-01-20 18:39:31 | edumind.text_chunker | DEBUG    | text_chunker.py:95 | Created chunk 110: 86 chars
2026-01-20 18:39:31 | edumind.text_chunker | DEBUG    | text_chunker.py:95 | Created chunk 111: 99 chars
2026-01-20 18:39:31 | edumind.text_chunker | DEBUG    | text_chunker.py:95 | Created chunk 112: 97 chars
2026-01-20 18:39:31 | edumind.text_chunker | DEBUG    | text_chunker.py:95 | Created chunk 113: 97 chars
2026-01-20 18:39:31 | edumind.text_chunker | DEBUG    | text_chunker.py:95 | Created chunk 114: 96 chars
2026-01-20 18:39:31 | edumind.text_chunker | DEBUG    | text_chunker.py:95 | Created chunk 115: 95 chars
2026-01-20 18:39:31 | edumind.text_chunker | DEBUG    | text_chunker.py:95 | Created chunk 116: 94 chars
2026-01-20 18:39:31 | edumind.text_chunker | DEBUG    | text_chunker.py:95 | Created chunk 117: 92 chars
2026-01-20 18:39:31 | edumind.text_chunker | DEBUG    | text_chunker.py:95 | Created chunk 118: 92 chars
2026-01-20 18:39:31 | edumind.text_chunker | DEBUG    | text_chunker.py:95 | Created chunk 119: 91 chars
2026-01-20 18:39:31 | edumind.text_chunker | DEBUG    | text_chunker.py:95 | Created chunk 120: 89 chars
2026-01-20 18:39:31 | edumind.text_chunker | DEBUG    | text_chunker.py:95 | Created chunk 121: 89 chars
2026-01-20 18:39:31 | edumind.text_chunker | DEBUG    | text_chunker.py:95 | Created chunk 122: 88 chars
2026-01-20 18:39:31 | edumind.text_chunker | DEBUG    | text_chunker.py:95 | Created chunk 123: 87 chars
2026-01-20 18:39:31 | edumind.text_chunker | DEBUG    | text_chunker.py:95 | Created chunk 124: 86 chars
2026-01-20 18:39:31 | edumind.text_chunker | DEBUG    | text_chunker.py:95 | Created chunk 125: 99 chars
2026-01-20 18:39:31 | edumind.text_chunker | DEBUG    | text_chunker.py:95 | Created chunk 126: 97 chars
2026-01-20 18:39:31 | edumind.text_chunker | DEBUG    | text_chunker.py:95 | Created chunk 127: 97 chars
2026-01-20 18:39:31 | edumind.text_chunker | DEBUG    | text_chunker.py:95 | Created chunk 128: 96 chars
2026-01-20 18:39:31 | edumind.text_chunker | DEBUG    | text_chunker.py:95 | Created chunk 129: 95 chars
2026-01-20 18:39:31 | edumind.text_chunker | DEBUG    | text_chunker.py:95 | Created chunk 130: 94 chars
2026-01-20 18:39:31 | edumind.text_chunker | DEBUG    | text_chunker.py:95 | Created chunk 131: 92 chars
2026-01-20 18:39:31 | edumind.text_chunker | DEBUG    | text_chunker.py:95 | Created chunk 132: 92 chars
2026-01-20 18:39:31 | edumind.text_chunker | DEBUG    | text_chunker.py:95 | Created chunk 133: 91 chars
2026-01-20 18:39:31 | edumind.text_chunker | DEBUG    | text_chunker.py:95 | Created chunk 134: 89 chars
2026-01-20 18:39:31 | edumind.text_chunker | DEBUG    | text_chunker.py:95 | Created chunk 135: 89 chars
2026-01-20 18:39:31 | edumind.text_chunker | DEBUG    | text_chunker.py:95 | Created chunk 136: 88 chars
2026-01-20 18:39:31 | edumind.text_chunker | DEBUG    | text_chunker.py:95 | Created chunk 137: 87 chars
2026-01-20 18:39:31 | edumind.text_chunker | DEBUG    | text_chunker.py:95 | Created chunk 138: 86 chars
2026-01-20 18:39:31 | edumind.text_chunker | DEBUG    | text_chunker.py:95 | Created chunk 139: 99 chars
2026-01-20 18:39:31 | edumind.text_chunker | DEBUG    | text_chunker.py:95 | Created chunk 140: 97 chars
2026-01-20 18:39:31 | edumind.text_chunker | DEBUG    | text_chunker.py:95 | Created chunk 141: 97 chars
2026-01-20 18:39:31 | edumind.text_chunker | DEBUG    | text_chunker.py:95 | Created chunk 142: 96 chars
2026-01-20 18:39:31 | edumind.text_chunker | DEBUG    | text_chunker.py:95 | Created chunk 143: 95 chars
2026-01-20 18:39:31 | edumind.text_chunker | DEBUG    | text_chunker.py:95 | Created chunk 144: 94 chars
2026-01-20 18:39:31 | edumind.text_chunker | DEBUG    | text_chunker.py:95 | Created chunk 145: 92 chars
2026-01-20 18:39:31 | edumind.text_chunker | DEBUG    | text_chunker.py:95 | Created chunk 146: 92 chars
2026-01-20 18:39:31 | edumind.text_chunker | DEBUG    | text_chunker.py:95 | Created chunk 147: 91 chars
2026-01-20 18:39:31 | edumind.text_chunker | DEBUG    | text_chunker.py:95 | Created chunk 148: 89 chars
2026-01-20 18:39:31 | edumind.text_chunker | DEBUG    | text_chunker.py:95 | Created chunk 149: 89 chars
2026-01-20 18:39:31 | edumind.text_chunker | DEBUG    | text_chunker.py:95 | Created chunk 150: 88 chars
2026-01-20 18:39:31 | edumind.text_chunker | DEBUG    | text_chunker.py:95 | Created chunk 151: 87 chars
2026-01-20 18:39:31 | edumind.text_chunker | DEBUG    | text_chunker.py:95 | Created chunk 152: 86 chars
2026-01-20 18:39:31 | edumind.text_chunker | DEBUG    | text_chunker.py:95 | Created chunk 153: 99 chars
2026-01-20 18:39:31 | edumind.text_chunker | DEBUG    | text_chunker.py:95 | Created chunk 154: 97 chars
2026-01-20 18:39:31 | edumind.text_chunker | DEBUG    | text_chunker.py:95 | Created chunk 155: 97 chars
2026-01-20 18:39:31 | edumind.text_chunker | DEBUG    | text_chunker.py:95 | Created chunk 156: 96 chars
2026-01-20 18:39:31 | edumind.text_chunker | DEBUG    | text_chunker.py:95 | Created chunk 157: 95 chars
2026-01-20 18:39:31 | edumind.text_chunker | DEBUG    | text_chunker.py:95 | Created chunk 158: 94 chars
2026-01-20 18:39:31 | edumind.text_chunker | DEBUG    | text_chunker.py:95 | Created chunk 159: 92 chars
2026-01-20 18:39:31 | edumind.text_chunker | DEBUG    | text_chunker.py:95 | Created chunk 160: 92 chars
2026-01-20 18:39:31 | edumind.text_chunker | DEBUG    | text_chunker.py:95 | Created chunk 161: 91 chars
2026-01-20 18:39:31 | edumind.text_chunker | DEBUG    | text_chunker.py:95 | Created chunk 162: 89 chars
2026-01-20 18:39:31 | edumind.text_chunker | DEBUG    | text_chunker.py:95 | Created chunk 163: 89 chars
2026-01-20 18:39:31 | edumind.text_chunker | DEBUG    | text_chunker.py:95 | Created chunk 164: 88 chars
2026-01-20 18:39:31 | edumind.text_chunker | DEBUG    | text_chunker.py:95 | Created chunk 165: 87 chars
2026-01-20 18:39:31 | edumind.text_chunker | DEBUG    | text_chunker.py:95 | Created chunk 166: 86 chars
2026-01-20 18:39:31 | edumind.text_chunker | DEBUG    | text_chunker.py:95 | Created chunk 167: 99 chars
2026-01-20 18:39:31 | edumind.text_chunker | DEBUG    | text_chunker.py:95 | Created chunk 168: 97 chars
2026-01-20 18:39:31 | edumind.text_chunker | DEBUG    | text_chunker.py:95 | Created chunk 169: 97 chars
2026-01-20 18:39:31 | edumind.text_chunker | DEBUG    | text_chunker.py:95 | Created chunk 170: 96 chars
2026-01-20 18:39:31 | edumind.text_chunker | DEBUG    | text_chunker.py:95 | Created chunk 171: 95 chars
2026-01-20 18:39:31 | edumind.text_chunker | DEBUG    | text_chunker.py:95 | Created chunk 172: 94 chars
2026-01-20 18:39:31 | edumind.text_chunker | DEBUG    | text_chunker.py:95 | Created chunk 173: 92 chars
2026-01-20 18:39:31 | edumind.text_chunker | DEBUG    | text_chunker.py:95 | Created chunk 174: 92 chars
2026-01-20 18:39:31 | edumind.text_chunker | DEBUG    | text_chunker.py:95 | Created chunk 175: 91 chars
2026-01-20 18:39:31 | edumind.text_chunker | DEBUG    | text_chunker.py:95 | Created chunk 176: 89 chars
2026-01-20 18:39:31 | edumind.text_chunker | DEBUG    | text_chunker.py:95 | Created chunk 177: 89 chars
2026-01-20 18:39:31 | edumind.text_chunker | DEBUG    | text_chunker.py:95 | Created chunk 178: 88 chars
2026-01-20 18:39:31 | edumind.text_chunker | DEBUG    | text_chunker.py:95 | Created chunk 179: 87 chars
2026-01-20 18:39:31 | edumind.text_chunker | DEBUG    | text_chunker.py:95 | Created chunk 180: 100 chars
2026-01-20 18:39:31 | edumind.text_chunker | INFO     | text_chunker.py:103 | Split text into 180 chunks (avg: 92 chars)
2026-01-20 18:40:50 | edumind.auth         | INFO     | auth_service.py:51 | AuthService initialized with 0 users
2026-01-20 19:15:04 | edumind.auth         | INFO     | auth_service.py:51 | AuthService initialized with 0 users
2026-01-20 19:16:34 | edumind.focus_mode   | INFO     | focus_mode.py:55 | FocusModeWidget initialized
2026-01-20 19:16:37 | edumind.accessibility | INFO     | accessibility.py:31 | KeyboardShortcutManager initialized
2026-01-20 19:16:37 | edumind.accessibility | DEBUG    | accessibility.py:51 | Registered shortcut: Ctrl+, -> Open settings
2026-01-20 19:16:37 | edumind.accessibility | DEBUG    | accessibility.py:51 | Registered shortcut: Ctrl+D -> Toggle dark/light theme
2026-01-20 19:16:37 | edumind.accessibility | DEBUG    | accessibility.py:51 | Registered shortcut: Ctrl+1 -> Go to Dashboard
2026-01-20 19:16:37 | edumind.accessibility | DEBUG    | accessibility.py:51 | Registered shortcut: Ctrl+2 -> Go to Study Assistant
2026-01-20 19:16:37 | edumind.accessibility | DEBUG    | accessibility.py:51 | Registered shortcut: Ctrl+3 -> Go to Focus Mode
2026-01-20 19:16:37 | edumind.accessibility | DEBUG    | accessibility.py:51 | Registered shortcut: Ctrl+4 -> Go to Analytics
2026-01-20 19:16:37 | edumind.accessibility | DEBUG    | accessibility.py:51 | Registered shortcut: F1 -> Show help
2026-01-20 19:16:56 | edumind.focus_mode   | INFO     | focus_mode.py:252 | Focus timer started
2026-01-20 19:18:33 | edumind.json_parser  | DEBUG    | json_parser.py:54 | Parsed JSON using direct parse
2026-01-20 19:18:33 | edumind.json_parser  | DEBUG    | json_parser.py:54 | Parsed JSON using direct parse
2026-01-20 19:18:33 | edumind.json_parser  | DEBUG    | json_parser.py:66 | Parsed JSON by extracting object
2026-01-20 19:18:33 | edumind.json_parser  | DEBUG    | json_parser.py:66 | Parsed JSON by extracting object
2026-01-20 19:18:33 | edumind.json_parser  | DEBUG    | json_parser.py:104 | Parsed JSON after fixing trailing commas
2026-01-20 19:18:33 | edumind.json_parser  | DEBUG    | json_parser.py:104 | Parsed JSON after fixing trailing commas
2026-01-20 19:18:33 | edumind.json_parser  | WARNING  | json_parser.py:43 | Empty input string
2026-01-20 19:18:33 | edumind.json_parser  | WARNING  | json_parser.py:39 | Input is not a string: <class 'int'>
2026-01-20 19:18:33 | edumind.json_parser  | ERROR    | json_parser.py:160 | Failed to parse JSON after trying: ['direct_parse', 'extract_object', 'extract_array', 'clean_markdown', 'fix_trailing_commas', 'fix_single_quotes', 'nested_markdown', 'aggressive_brackets']
2026-01-20 19:18:33 | edumind.json_parser  | DEBUG    | json_parser.py:161 | Raw input (first 500 chars): not json at all
2026-01-20 19:18:33 | edumind.json_parser  | ERROR    | json_parser.py:160 | Failed to parse JSON after trying: ['direct_parse', 'extract_object', 'extract_array', 'clean_markdown', 'fix_trailing_commas', 'fix_single_quotes', 'nested_markdown', 'aggressive_brackets']
2026-01-20 19:18:33 | edumind.json_parser  | DEBUG    | json_parser.py:161 | Raw input (first 500 chars): [1, 2]
2026-01-20 19:18:33 | edumind.json_parser  | ERROR    | json_parser.py:160 | Failed to parse JSON after trying: ['direct_parse', 'extract_object', 'extract_array', 'clean_markdown', 'fix_trailing_commas', 'fix_single_quotes', 'nested_markdown', 'aggressive_brackets']
2026-01-20 19:18:33 | edumind.json_parser  | DEBUG    | json_parser.py:161 | Raw input (first 500 chars): {"key": "value"}
2026-01-20 19:18:33 | edumind.json_parser  | ERROR    | json_parser.py:160 | Failed to parse JSON after trying: ['direct_parse', 'extract_object', 'extract_array', 'clean_markdown', 'fix_trailing_commas', 'fix_single_quotes', 'nested_markdown', 'aggressive_brackets']
2026-01-20 19:18:33 | edumind.json_parser  | DEBUG    | json_parser.py:161 | Raw input (first 500 chars): invalid
2026-01-20 19:18:33 | edumind.json_parser  | DEBUG    | json_parser.py:54 | Parsed JSON using direct parse
2026-01-20 19:18:33 | edumind.json_parser  | DEBUG    | json_parser.py:54 | Parsed JSON using direct parse
2026-01-20 19:18:33 | edumind.json_parser  | INFO     | json_parser.py:204 | Extracted 1 valid quiz questions from 1 items
2026-01-20 19:18:33 | edumind.json_parser  | DEBUG    | json_parser.py:78 | Parsed JSON by extracting array
2026-01-20 19:18:33 | edumind.json_parser  | INFO     | json_parser.py:204 | Extracted 1 valid quiz questions from 1 items
2026-01-20 19:18:33 | edumind.json_parser  | DEBUG    | json_parser.py:54 | Parsed JSON using direct parse
2026-01-20 19:18:33 | edumind.json_parser  | WARNING  | json_parser.py:202 | Quiz item 0 missing fields: ['options', 'answer']
2026-01-20 19:18:33 | edumind.json_parser  | INFO     | json_parser.py:204 | Extracted 1 valid quiz questions from 2 items
2026-01-20 19:18:33 | edumind.json_parser  | WARNING  | json_parser.py:43 | Empty input string
2026-01-20 19:18:33 | edumind.json_parser  | DEBUG    | json_parser.py:54 | Parsed JSON using direct parse
2026-01-20 19:18:33 | edumind.json_parser  | INFO     | json_parser.py:239 | Extracted 2 valid flashcards from 2 items
2026-01-20 19:18:33 | edumind.json_parser  | DEBUG    | json_parser.py:54 | Parsed JSON using direct parse
2026-01-20 19:18:33 | edumind.json_parser  | INFO     | json_parser.py:239 | Extracted 1 valid flashcards from 1 items
2026-01-20 19:18:33 | edumind.json_parser  | WARNING  | json_parser.py:43 | Empty input string
2026-01-20 19:18:33 | edumind.json_parser  | DEBUG    | json_parser.py:54 | Parsed JSON using direct parse
2026-01-20 19:18:33 | edumind.json_parser  | INFO     | json_parser.py:276 | Extracted concept map with 3 nodes and 1 edges
2026-01-20 19:18:33 | edumind.json_parser  | DEBUG    | json_parser.py:54 | Parsed JSON using direct parse
2026-01-20 19:18:33 | edumind.json_parser  | INFO     | json_parser.py:276 | Extracted concept map with 2 nodes and 0 edges
2026-01-20 19:18:33 | edumind.json_parser  | WARNING  | json_parser.py:43 | Empty input string
2026-01-20 19:18:33 | edumind.spaced_repetition | INFO     | spaced_repetition.py:98 | Spaced Repetition Service initialized
2026-01-20 19:18:33 | edumind.spaced_repetition | DEBUG    | spaced_repetition.py:118 | Reviewing card 1 with quality 4
2026-01-20 19:18:33 | edumind.spaced_repetition | INFO     | spaced_repetition.py:151 | Card 1: interval=1d, EF=2.50, next review=2026-01-21
2026-01-20 19:18:33 | edumind.spaced_repetition | INFO     | spaced_repetition.py:98 | Spaced Repetition Service initialized
2026-01-20 19:18:33 | edumind.spaced_repetition | DEBUG    | spaced_repetition.py:118 | Reviewing card 1 with quality 4
2026-01-20 19:18:33 | edumind.spaced_repetition | INFO     | spaced_repetition.py:151 | Card 1: interval=1d, EF=2.50, next review=2026-01-21
2026-01-20 19:18:33 | edumind.spaced_repetition | DEBUG    | spaced_repetition.py:118 | Reviewing card 1 with quality 4
2026-01-20 19:18:33 | edumind.spaced_repetition | INFO     | spaced_repetition.py:151 | Card 1: interval=6d, EF=2.50, next review=2026-01-26
2026-01-20 19:18:33 | edumind.spaced_repetition | INFO     | spaced_repetition.py:98 | Spaced Repetition Service initialized
2026-01-20 19:18:33 | edumind.spaced_repetition | DEBUG    | spaced_repetition.py:118 | Reviewing card 1 with quality 4
2026-01-20 19:18:33 | edumind.spaced_repetition | INFO     | spaced_repetition.py:151 | Card 1: interval=1d, EF=2.50, next review=2026-01-21
2026-01-20 19:18:33 | edumind.spaced_repetition | DEBUG    | spaced_repetition.py:118 | Reviewing card 1 with quality 4
2026-01-20 19:18:33 | edumind.spaced_repetition | INFO     | spaced_repetition.py:151 | Card 1: interval=6d, EF=2.50, next review=2026-01-26
2026-01-20 19:18:33 | edumind.spaced_repetition | DEBUG    | spaced_repetition.py:118 | Reviewing card 1 with quality 4
2026-01-20 19:18:33 | edumind.spaced_repetition | INFO     | spaced_repetition.py:151 | Card 1: interval=15d, EF=2.50, next review=2026-02-04
2026-01-20 19:18:33 | edumind.spaced_repetition | INFO     | spaced_repetition.py:98 | Spaced Repetition Service initialized
2026-01-20 19:18:33 | edumind.spaced_repetition | DEBUG    | spaced_repetition.py:118 | Reviewing card 1 with quality 4
2026-01-20 19:18:33 | edumind.spaced_repetition | INFO     | spaced_repetition.py:151 | Card 1: interval=1d, EF=2.50, next review=2026-01-21
2026-01-20 19:18:33 | edumind.spaced_repetition | DEBUG    | spaced_repetition.py:118 | Reviewing card 1 with quality 4
2026-01-20 19:18:33 | edumind.spaced_repetition | INFO     | spaced_repetition.py:151 | Card 1: interval=6d, EF=2.50, next review=2026-01-26
2026-01-20 19:18:33 | edumind.spaced_repetition | DEBUG    | spaced_repetition.py:118 | Reviewing card 1 with quality 1
2026-01-20 19:18:33 | edumind.spaced_repetition | DEBUG    | spaced_repetition.py:128 | Card 1 failed, resetting to interval 1
2026-01-20 19:18:33 | edumind.spaced_repetition | INFO     | spaced_repetition.py:151 | Card 1: interval=1d, EF=1.96, next review=2026-01-21
2026-01-20 19:18:33 | edumind.spaced_repetition | INFO     | spaced_repetition.py:98 | Spaced Repetition Service initialized
2026-01-20 19:18:33 | edumind.spaced_repetition | DEBUG    | spaced_repetition.py:118 | Reviewing card 1 with quality 5
2026-01-20 19:18:33 | edumind.spaced_repetition | INFO     | spaced_repetition.py:151 | Card 1: interval=1d, EF=2.60, next review=2026-01-21
2026-01-20 19:18:33 | edumind.spaced_repetition | INFO     | spaced_repetition.py:98 | Spaced Repetition Service initialized
2026-01-20 19:18:33 | edumind.spaced_repetition | DEBUG    | spaced_repetition.py:118 | Reviewing card 1 with quality 3
2026-01-20 19:18:33 | edumind.spaced_repetition | INFO     | spaced_repetition.py:151 | Card 1: interval=1d, EF=2.36, next review=2026-01-21
2026-01-20 19:18:33 | edumind.spaced_repetition | INFO     | spaced_repetition.py:98 | Spaced Repetition Service initialized
2026-01-20 19:18:33 | edumind.spaced_repetition | DEBUG    | spaced_repetition.py:118 | Reviewing card 1 with quality 3
2026-01-20 19:18:33 | edumind.spaced_repetition | INFO     | spaced_repetition.py:151 | Card 1: interval=1d, EF=2.36, next review=2026-01-21
2026-01-20 19:18:33 | edumind.spaced_repetition | DEBUG    | spaced_repetition.py:118 | Reviewing card 1 with quality 3
2026-01-20 19:18:33 | edumind.spaced_repetition | INFO     | spaced_repetition.py:151 | Card 1: interval=6d, EF=2.22, next review=2026-01-26
2026-01-20 19:18:33 | edumind.spaced_repetition | DEBUG    | spaced_repetition.py:118 | Reviewing card 1 with quality 3
2026-01-20 19:18:33 | edumind.spaced_repetition | INFO     | spaced_repetition.py:151 | Card 1: interval=13d, EF=2.08, next review=2026-02-02
2026-01-20 19:18:33 | edumind.spaced_repetition | DEBUG    | spaced_repetition.py:118 | Reviewing card 1 with quality 3
2026-01-20 19:18:33 | edumind.spaced_repetition | INFO     | spaced_repetition.py:151 | Card 1: interval=27d, EF=1.94, next review=2026-02-16
2026-01-20 19:18:33 | edumind.spaced_repetition | DEBUG    | spaced_repetition.py:118 | Reviewing card 1 with quality 3
2026-01-20 19:18:33 | edumind.spaced_repetition | INFO     | spaced_repetition.py:151 | Card 1: interval=52d, EF=1.80, next review=2026-03-13
2026-01-20 19:18:33 | edumind.spaced_repetition | DEBUG    | spaced_repetition.py:118 | Reviewing card 1 with quality 3
2026-01-20 19:18:33 | edumind.spaced_repetition | INFO     | spaced_repetition.py:151 | Card 1: interval=94d, EF=1.66, next review=2026-04-24
2026-01-20 19:18:33 | edumind.spaced_repetition | DEBUG    | spaced_repetition.py:118 | Reviewing card 1 with quality 3
2026-01-20 19:18:33 | edumind.spaced_repetition | INFO     | spaced_repetition.py:151 | Card 1: interval=156d, EF=1.52, next review=2026-06-25
2026-01-20 19:18:33 | edumind.spaced_repetition | DEBUG    | spaced_repetition.py:118 | Reviewing card 1 with quality 3
2026-01-20 19:18:33 | edumind.spaced_repetition | INFO     | spaced_repetition.py:151 | Card 1: interval=237d, EF=1.38, next review=2026-09-14
2026-01-20 19:18:33 | edumind.spaced_repetition | DEBUG    | spaced_repetition.py:118 | Reviewing card 1 with quality 3
2026-01-20 19:18:33 | edumind.spaced_repetition | INFO     | spaced_repetition.py:151 | Card 1: interval=327d, EF=1.30, next review=2026-12-13
2026-01-20 19:18:33 | edumind.spaced_repetition | DEBUG    | spaced_repetition.py:118 | Reviewing card 1 with quality 3
2026-01-20 19:18:33 | edumind.spaced_repetition | INFO     | spaced_repetition.py:151 | Card 1: interval=425d, EF=1.30, next review=2027-03-21
2026-01-20 19:18:33 | edumind.spaced_repetition | DEBUG    | spaced_repetition.py:118 | Reviewing card 1 with quality 3
2026-01-20 19:18:33 | edumind.spaced_repetition | INFO     | spaced_repetition.py:151 | Card 1: interval=552d, EF=1.30, next review=2027-07-26
2026-01-20 19:18:33 | edumind.spaced_repetition | DEBUG    | spaced_repetition.py:118 | Reviewing card 1 with quality 3
2026-01-20 19:18:33 | edumind.spaced_repetition | INFO     | spaced_repetition.py:151 | Card 1: interval=718d, EF=1.30, next review=2028-01-08
2026-01-20 19:18:33 | edumind.spaced_repetition | DEBUG    | spaced_repetition.py:118 | Reviewing card 1 with quality 3
2026-01-20 19:18:33 | edumind.spaced_repetition | INFO     | spaced_repetition.py:151 | Card 1: interval=933d, EF=1.30, next review=2028-08-10
2026-01-20 19:18:33 | edumind.spaced_repetition | DEBUG    | spaced_repetition.py:118 | Reviewing card 1 with quality 3
2026-01-20 19:18:33 | edumind.spaced_repetition | INFO     | spaced_repetition.py:151 | Card 1: interval=1213d, EF=1.30, next review=2029-05-17
2026-01-20 19:18:33 | edumind.spaced_repetition | DEBUG    | spaced_repetition.py:118 | Reviewing card 1 with quality 3
2026-01-20 19:18:33 | edumind.spaced_repetition | INFO     | spaced_repetition.py:151 | Card 1: interval=1577d, EF=1.30, next review=2030-05-16
2026-01-20 19:18:33 | edumind.spaced_repetition | DEBUG    | spaced_repetition.py:118 | Reviewing card 1 with quality 3
2026-01-20 19:18:33 | edumind.spaced_repetition | INFO     | spaced_repetition.py:151 | Card 1: interval=2050d, EF=1.30, next review=2031-09-01
2026-01-20 19:18:33 | edumind.spaced_repetition | DEBUG    | spaced_repetition.py:118 | Reviewing card 1 with quality 3
2026-01-20 19:18:33 | edumind.spaced_repetition | INFO     | spaced_repetition.py:151 | Card 1: interval=2665d, EF=1.30, next review=2033-05-08
2026-01-20 19:18:33 | edumind.spaced_repetition | DEBUG    | spaced_repetition.py:118 | Reviewing card 1 with quality 3
2026-01-20 19:18:33 | edumind.spaced_repetition | INFO     | spaced_repetition.py:151 | Card 1: interval=3464d, EF=1.30, next review=2035-07-16
2026-01-20 19:18:33 | edumind.spaced_repetition | DEBUG    | spaced_repetition.py:118 | Reviewing card 1 with quality 3
2026-01-20 19:18:33 | edumind.spaced_repetition | INFO     | spaced_repetition.py:151 | Card 1: interval=4503d, EF=1.30, next review=2038-05-20
2026-01-20 19:18:33 | edumind.spaced_repetition | DEBUG    | spaced_repetition.py:118 | Reviewing card 1 with quality 3
2026-01-20 19:18:33 | edumind.spaced_repetition | INFO     | spaced_repetition.py:151 | Card 1: interval=5854d, EF=1.30, next review=2042-01-30
2026-01-20 19:18:33 | edumind.spaced_repetition | INFO     | spaced_repetition.py:98 | Spaced Repetition Service initialized
2026-01-20 19:18:33 | edumind.spaced_repetition | DEBUG    | spaced_repetition.py:118 | Reviewing card 1 with quality 4
2026-01-20 19:18:33 | edumind.spaced_repetition | INFO     | spaced_repetition.py:151 | Card 1: interval=1d, EF=2.50, next review=2026-01-21
2026-01-20 19:18:33 | edumind.spaced_repetition | INFO     | spaced_repetition.py:98 | Spaced Repetition Service initialized
2026-01-20 19:18:33 | edumind.spaced_repetition | INFO     | spaced_repetition.py:172 | Found 2 cards due for review
2026-01-20 19:18:33 | edumind.spaced_repetition | INFO     | spaced_repetition.py:98 | Spaced Repetition Service initialized
2026-01-20 19:18:33 | edumind.spaced_repetition | INFO     | spaced_repetition.py:98 | Spaced Repetition Service initialized
2026-01-20 19:18:33 | edumind.spaced_repetition | DEBUG    | spaced_repetition.py:118 | Reviewing card 1 with quality 0
2026-01-20 19:18:33 | edumind.spaced_repetition | DEBUG    | spaced_repetition.py:128 | Card 1 failed, resetting to interval 1
2026-01-20 19:18:33 | edumind.spaced_repetition | INFO     | spaced_repetition.py:151 | Card 1: interval=1d, EF=1.70, next review=2026-01-21
2026-01-20 19:18:33 | edumind.spaced_repetition | DEBUG    | spaced_repetition.py:118 | Reviewing card 1 with quality 3
2026-01-20 19:18:33 | edumind.spaced_repetition | INFO     | spaced_repetition.py:151 | Card 1: interval=15d, EF=2.36, next review=2026-02-04
2026-01-20 19:18:33 | edumind.spaced_repetition | DEBUG    | spaced_repetition.py:118 | Reviewing card 1 with quality 4
2026-01-20 19:18:33 | edumind.spaced_repetition | INFO     | spaced_repetition.py:151 | Card 1: interval=15d, EF=2.50, next review=2026-02-04
2026-01-20 19:18:33 | edumind.spaced_repetition | DEBUG    | spaced_repetition.py:118 | Reviewing card 1 with quality 5
2026-01-20 19:18:33 | edumind.spaced_repetition | INFO     | spaced_repetition.py:151 | Card 1: interval=15d, EF=2.60, next review=2026-02-04
2026-01-20 19:18:33 | edumind.text_chunker | DEBUG    | text_chunker.py:69 | Text fits in single chunk (21 chars)
2026-01-20 19:18:33 | edumind.text_chunker | WARNING  | text_chunker.py:57 | Empty text provided for chunking
2026-01-20 19:18:33 | edumind.text_chunker | WARNING  | text_chunker.py:64 | Only whitespace provided for chunking
2026-01-20 19:18:33 | edumind.text_chunker | DEBUG    | text_chunker.py:95 | Created chunk 1: 199 chars
2026-01-20 19:18:33 | edumind.text_chunker | DEBUG    | text_chunker.py:95 | Created chunk 2: 199 chars
2026-01-20 19:18:33 | edumind.text_chunker | DEBUG    | text_chunker.py:95 | Created chunk 3: 199 chars
2026-01-20 19:18:33 | edumind.text_chunker | DEBUG    | text_chunker.py:95 | Created chunk 4: 199 chars
2026-01-20 19:18:33 | edumind.text_chunker | DEBUG    | text_chunker.py:95 | Created chunk 5: 199 chars
2026-01-20 19:18:33 | edumind.text_chunker | DEBUG    | text_chunker.py:95 | Created chunk 6: 199 chars
2026-01-20 19:18:33 | edumind.text_chunker | DEBUG    | text_chunker.py:95 | Created chunk 7: 199 chars
2026-01-20 19:18:33 | edumind.text_chunker | DEBUG    | text_chunker.py:95 | Created chunk 8: 199 chars
2026-01-20 19:18:33 | edumind.text_chunker | DEBUG    | text_chunker.py:95 | Created chunk 9: 199 chars
2026-01-20 19:18:33 | edumind.text_chunker | INFO     | text_chunker.py:103 | Split text into 9 chunks (avg: 199 chars)
2026-01-20 19:18:33 | edumind.text_chunker | DEBUG    | text_chunker.py:95 | Created chunk 1: 32 chars
2026-01-20 19:18:33 | edumind.text_chunker | DEBUG    | text_chunker.py:95 | Created chunk 2: 31 chars
2026-01-20 19:18:33 | edumind.text_chunker | DEBUG    | text_chunker.py:95 | Created chunk 3: 30 chars
2026-01-20 19:18:33 | edumind.text_chunker | DEBUG    | text_chunker.py:95 | Created chunk 4: 29 chars
2026-01-20 19:18:33 | edumind.text_chunker | DEBUG    | text_chunker.py:95 | Created chunk 5: 28 chars
2026-01-20 19:18:33 | edumind.text_chunker | DEBUG    | text_chunker.py:95 | Created chunk 6: 26 chars
2026-01-20 19:18:33 | edumind.text_chunker | DEBUG    | text_chunker.py:95 | Created chunk 7: 26 chars
2026-01-20 19:18:33 | edumind.text_chunker | DEBUG    | text_chunker.py:95 | Created chunk 8: 25 chars
2026-01-20 19:18:33 | edumind.text_chunker | DEBUG    | text_chunker.py:95 | Created chunk 9: 24 chars
2026-01-20 19:18:33 | edumind.text_chunker | DEBUG    | text_chunker.py:95 | Created chunk 10: 39 chars
2026-01-20 19:18:33 | edumind.text_chunker | DEBUG    | text_chunker.py:95 | Created chunk 11: 38 chars
2026-01-20 19:18:33 | edumind.text_chunker | DEBUG    | text_chunker.py:95 | Created chunk 12: 37 chars
2026-01-20 19:18:33 | edumind.text_chunker | DEBUG    | text_chunker.py:95 | Created chunk 13: 36 chars
2026-01-20 19:18:33 | edumind.text_chunker | DEBUG    | text_chunker.py:95 | Created chunk 14: 35 chars
2026-01-20 19:18:33 | edumind.text_chunker | DEBUG    | text_chunker.py:95 | Created chunk 15: 34 chars
2026-01-20 19:18:33 | edumind.text_chunker | DEBUG    | text_chunker.py:95 | Created chunk 16: 32 chars
2026-01-20 19:18:33 | edumind.text_chunker | DEBUG    | text_chunker.py:95 | Created chunk 17: 32 chars
2026-01-20 19:18:33 | edumind.text_chunker | DEBUG    | text_chunker.py:95 | Created chunk 18: 31 chars
2026-01-20 19:18:33 | edumind.text_chunker | DEBUG    | text_chunker.py:95 | Created chunk 19: 30 chars
2026-01-20 19:18:33 | edumind.text_chunker | DEBUG    | text_chunker.py:95 | Created chunk 20: 29 chars
2026-01-20 19:18:33 | edumind.text_chunker | DEBUG    | text_chunker.py:95 | Created chunk 21: 28 chars
2026-01-20 19:18:33 | edumind.text_chunker | DEBUG    | text_chunker.py:95 | Created chunk 22: 27 chars
2026-01-20 19:18:33 | edumind.text_chunker | DEBUG    | text_chunker.py:95 | Created chunk 23: 25 chars
2026-01-20 19:18:33 | edumind.text_chunker | DEBUG    | text_chunker.py:95 | Created chunk 24: 25 chars
2026-01-20 19:18:33 | edumind.text_chunker | DEBUG    | text_chunker.py:95 | Created chunk 25: 24 chars
2026-01-20 19:18:33 | edumind.text_chunker | DEBUG    | text_chunker.py:95 | Created chunk 26: 40 chars
2026-01-20 19:18:33 | edumind.text_chunker | INFO     | text_chunker.py:103 | Split text into 26 chunks (avg: 30 chars)
2026-01-20 19:18:33 | edumind.text_chunker | DEBUG    | text_chunker.py:95 | Created chunk 1: 27 chars
2026-01-20 19:18:33 | edumind.text_chunker | DEBUG    | text_chunker.py:95 | Created chunk 2: 26 chars
2026-01-20 19:18:33 | edumind.text_chunker | DEBUG    | text_chunker.py:95 | Created chunk 3: 25 chars
2026-01-20 19:18:33 | edumind.text_chunker | DEBUG    | text_chunker.py:95 | Created chunk 4: 24 chars
2026-01-20 19:18:33 | edumind.text_chunker | DEBUG    | text_chunker.py:95 | Created chunk 5: 43 chars
2026-01-20 19:18:33 | edumind.text_chunker | DEBUG    | text_chunker.py:95 | Created chunk 6: 42 chars
2026-01-20 19:18:33 | edumind.text_chunker | DEBUG    | text_chunker.py:95 | Created chunk 7: 41 chars
2026-01-20 19:18:33 | edumind.text_chunker | DEBUG    | text_chunker.py:95 | Created chunk 8: 49 chars
2026-01-20 19:18:33 | edumind.text_chunker | DEBUG    | text_chunker.py:95 | Created chunk 9: 48 chars
2026-01-20 19:18:33 | edumind.text_chunker | DEBUG    | text_chunker.py:95 | Created chunk 10: 46 chars
2026-01-20 19:18:33 | edumind.text_chunker | DEBUG    | text_chunker.py:95 | Created chunk 11: 46 chars
2026-01-20 19:18:33 | edumind.text_chunker | DEBUG    | text_chunker.py:95 | Created chunk 12: 45 chars
2026-01-20 19:18:33 | edumind.text_chunker | DEBUG    | text_chunker.py:95 | Created chunk 13: 44 chars
2026-01-20 19:18:33 | edumind.text_chunker | DEBUG    | text_chunker.py:95 | Created chunk 14: 42 chars
2026-01-20 19:18:33 | edumind.text_chunker | DEBUG    | text_chunker.py:95 | Created chunk 15: 42 chars
2026-01-20 19:18:33 | edumind.text_chunker | DEBUG    | text_chunker.py:95 | Created chunk 16: 41 chars
2026-01-20 19:18:33 | edumind.text_chunker | DEBUG    | text_chunker.py:95 | Created chunk 17: 40 chars
2026-01-20 19:18:33 | edumind.text_chunker | DEBUG    | text_chunker.py:95 | Created chunk 18: 39 chars
2026-01-20 19:18:33 | edumind.text_chunker | DEBUG    | text_chunker.py:95 | Created chunk 19: 37 chars
2026-01-20 19:18:33 | edumind.text_chunker | DEBUG    | text_chunker.py:95 | Created chunk 20: 37 chars
2026-01-20 19:18:33 | edumind.text_chunker | DEBUG    | text_chunker.py:95 | Created chunk 21: 36 chars
2026-01-20 19:18:33 | edumind.text_chunker | DEBUG    | text_chunker.py:95 | Created chunk 22: 35 chars
2026-01-20 19:18:33 | edumind.text_chunker | DEBUG    | text_chunker.py:95 | Created chunk 23: 34 chars
2026-01-20 19:18:33 | edumind.text_chunker | DEBUG    | text_chunker.py:95 | Created chunk 24: 33 chars
2026-01-20 19:18:33 | edumind.text_chunker | DEBUG    | text_chunker.py:95 | Created chunk 25: 50 chars
2026-01-20 19:18:33 | edumind.text_chunker | INFO     | text_chunker.py:103 | Split text into 25 chunks (avg: 38 chars)
2026-01-20 19:18:33 | edumind.text_chunker | DEBUG    | text_chunker.py:95 | Created chunk 1: 49 chars
2026-01-20 19:18:33 | edumind.text_chunker | DEBUG    | text_chunker.py:95 | Created chunk 2: 48 chars
2026-01-20 19:18:33 | edumind.text_chunker | DEBUG    | text_chunker.py:95 | Created chunk 3: 47 chars
2026-01-20 19:18:33 | edumind.text_chunker | DEBUG    | text_chunker.py:95 | Created chunk 4: 46 chars
2026-01-20 19:18:33 | edumind.text_chunker | DEBUG    | text_chunker.py:95 | Created chunk 5: 44 chars
2026-01-20 19:18:33 | edumind.text_chunker | DEBUG    | text_chunker.py:95 | Created chunk 6: 49 chars
2026-01-20 19:18:33 | edumind.text_chunker | DEBUG    | text_chunker.py:95 | Created chunk 7: 48 chars
2026-01-20 19:18:33 | edumind.text_chunker | DEBUG    | text_chunker.py:95 | Created chunk 8: 47 chars
2026-01-20 19:18:33 | edumind.text_chunker | DEBUG    | text_chunker.py:95 | Created chunk 9: 46 chars
2026-01-20 19:18:33 | edumind.text_chunker | DEBUG    | text_chunker.py:95 | Created chunk 10: 44 chars
2026-01-20 19:18:33 | edumind.text_chunker | DEBUG    | text_chunker.py:95 | Created chunk 11: 49 chars
2026-01-20 19:18:33 | edumind.text_chunker | DEBUG    | text_chunker.py:95 | Created chunk 12: 48 chars
2026-01-20 19:18:33 | edumind.text_chunker | DEBUG    | text_chunker.py:95 | Created chunk 13: 47 chars
2026-01-20 19:18:33 | edumind.text_chunker | DEBUG    | text_chunker.py:95 | Created chunk 14: 46 chars
2026-01-20 19:18:33 | edumind.text_chunker | DEBUG    | text_chunker.py:95 | Created chunk 15: 44 chars
2026-01-20 19:18:33 | edumind.text_chunker | DEBUG    | text_chunker.py:95 | Created chunk 16: 49 chars
2026-01-20 19:18:33 | edumind.text_chunker | DEBUG    | text_chunker.py:95 | Created chunk 17: 48 chars
2026-01-20 19:18:33 | edumind.text_chunker | DEBUG    | text_chunker.py:95 | Created chunk 18: 47 chars
2026-01-20 19:18:33 | edumind.text_chunker | DEBUG    | text_chunker.py:95 | Created chunk 19: 46 chars
2026-01-20 19:18:33 | edumind.text_chunker | DEBUG    | text_chunker.py:95 | Created chunk 20: 44 chars
2026-01-20 19:18:33 | edumind.text_chunker | DEBUG    | text_chunker.py:95 | Created chunk 21: 49 chars
2026-01-20 19:18:33 | edumind.text_chunker | DEBUG    | text_chunker.py:95 | Created chunk 22: 48 chars
2026-01-20 19:18:33 | edumind.text_chunker | DEBUG    | text_chunker.py:95 | Created chunk 23: 47 chars
2026-01-20 19:18:33 | edumind.text_chunker | DEBUG    | text_chunker.py:95 | Created chunk 24: 46 chars
2026-01-20 19:18:33 | edumind.text_chunker | DEBUG    | text_chunker.py:95 | Created chunk 25: 44 chars
2026-01-20 19:18:33 | edumind.text_chunker | DEBUG    | text_chunker.py:95 | Created chunk 26: 49 chars
2026-01-20 19:18:33 | edumind.text_chunker | DEBUG    | text_chunker.py:95 | Created chunk 27: 48 chars
2026-01-20 19:18:33 | edumind.text_chunker | DEBUG    | text_chunker.py:95 | Created chunk 28: 47 chars
2026-01-20 19:18:33 | edumind.text_chunker | DEBUG    | text_chunker.py:95 | Created chunk 29: 46 chars
2026-01-20 19:18:33 | edumind.text_chunker | DEBUG    | text_chunker.py:95 | Created chunk 30: 44 chars
2026-01-20 19:18:33 | edumind.text_chunker | DEBUG    | text_chunker.py:95 | Created chunk 31: 49 chars
2026-01-20 19:18:33 | edumind.text_chunker | DEBUG    | text_chunker.py:95 | Created chunk 32: 48 chars
2026-01-20 19:18:33 | edumind.text_chunker | DEBUG    | text_chunker.py:95 | Created chunk 33: 47 chars
2026-01-20 19:18:33 | edumind.text_chunker | DEBUG    | text_chunker.py:95 | Created chunk 34: 46 chars
2026-01-20 19:18:33 | edumind.text_chunker | DEBUG    | text_chunker.py:95 | Created chunk 35: 44 chars
2026-01-20 19:18:33 | edumind.text_chunker | DEBUG    | text_chunker.py:95 | Created chunk 36: 49 chars
2026-01-20 19:18:33 | edumind.text_chunker | DEBUG    | text_chunker.py:95 | Created chunk 37: 48 chars
2026-01-20 19:18:33 | edumind.text_chunker | DEBUG    | text_chunker.py:95 | Created chunk 38: 47 chars
2026-01-20 19:18:33 | edumind.text_chunker | DEBUG    | text_chunker.py:95 | Created chunk 39: 46 chars
2026-01-20 19:18:33 | edumind.text_chunker | DEBUG    | text_chunker.py:95 | Created chunk 40: 44 chars
2026-01-20 19:18:33 | edumind.text_chunker | DEBUG    | text_chunker.py:95 | Created chunk 41: 49 chars
2026-01-20 19:18:33 | edumind.text_chunker | DEBUG    | text_chunker.py:95 | Created chunk 42: 48 chars
2026-01-20 19:18:33 | edumind.text_chunker | DEBUG    | text_chunker.py:95 | Created chunk 43: 47 chars
2026-01-20 19:18:33 | edumind.text_chunker | DEBUG    | text_chunker.py:95 | Created chunk 44: 46 chars
2026-01-20 19:18:33 | edumind.text_chunker | DEBUG    | text_chunker.py:95 | Created chunk 45: 44 chars
2026-01-20 19:18:33 | edumind.text_chunker | DEBUG    | text_chunker.py:95 | Created chunk 46: 49 chars
2026-01-20 19:18:33 | edumind.text_chunker | DEBUG    | text_chunker.py:95 | Created chunk 47: 48 chars
2026-01-20 19:18:33 | edumind.text_chunker | DEBUG    | text_chunker.py:95 | Created chunk 48: 47 chars
2026-01-20 19:18:33 | edumind.text_chunker | DEBUG    | text_chunker.py:95 | Created chunk 49: 46 chars
2026-01-20 19:18:33 | edumind.text_chunker | DEBUG    | text_chunker.py:95 | Created chunk 50: 44 chars
2026-01-20 19:18:33 | edumind.text_chunker | DEBUG    | text_chunker.py:95 | Created chunk 51: 49 chars
2026-01-20 19:18:33 | edumind.text_chunker | DEBUG    | text_chunker.py:95 | Created chunk 52: 48 chars
2026-01-20 19:18:33 | edumind.text_chunker | DEBUG    | text_chunker.py:95 | Created chunk 53: 47 chars
2026-01-20 19:18:33 | edumind.text_chunker | DEBUG    | text_chunker.py:95 | Created chunk 54: 46 chars
2026-01-20 19:18:33 | edumind.text_chunker | DEBUG    | text_chunker.py:95 | Created chunk 55: 44 chars
2026-01-20 19:18:33 | edumind.text_chunker | DEBUG    | text_chunker.py:95 | Created chunk 56: 49 chars
2026-01-20 19:18:33 | edumind.text_chunker | DEBUG    | text_chunker.py:95 | Created chunk 57: 48 chars
2026-01-20 19:18:33 | edumind.text_chunker | DEBUG    | text_chunker.py:95 | Created chunk 58: 47 chars
2026-01-20 19:18:33 | edumind.text_chunker | DEBUG    | text_chunker.py:95 | Created chunk 59: 46 chars
2026-01-20 19:18:33 | edumind.text_chunker | DEBUG    | text_chunker.py:95 | Created chunk 60: 44 chars
2026-01-20 19:18:33 | edumind.text_chunker | DEBUG    | text_chunker.py:95 | Created chunk 61: 49 chars
2026-01-20 19:18:33 | edumind.text_chunker | DEBUG    | text_chunker.py:95 | Created chunk 62: 48 chars
2026-01-20 19:18:33 | edumind.text_chunker | DEBUG    | text_chunker.py:95 | Created chunk 63: 47 chars
2026-01-20 19:18:33 | edumind.text_chunker | DEBUG    | text_chunker.py:95 | Created chunk 64: 46 chars
2026-01-20 19:18:33 | edumind.text_chunker | DEBUG    | text_chunker.py:95 | Created chunk 65: 44 chars
2026-01-20 19:18:33 | edumind.text_chunker | DEBUG    | text_chunker.py:95 | Created chunk 66: 49 chars
2026-01-20 19:18:33 | edumind.text_chunker | DEBUG    | text_chunker.py:95 | Created chunk 67: 48 chars
2026-01-20 19:18:33 | edumind.text_chunker | DEBUG    | text_chunker.py:95 | Created chunk 68: 47 chars
2026-01-20 19:18:33 | edumind.text_chunker | DEBUG    | text_chunker.py:95 | Created chunk 69: 46 chars
2026-01-20 19:18:33 | edumind.text_chunker | DEBUG    | text_chunker.py:95 | Created chunk 70: 44 chars
2026-01-20 19:18:33 | edumind.text_chunker | DEBUG    | text_chunker.py:95 | Created chunk 71: 49 chars
2026-01-20 19:18:33 | edumind.text_chunker | DEBUG    | text_chunker.py:95 | Created chunk 72: 48 chars
2026-01-20 19:18:33 | edumind.text_chunker | DEBUG    | text_chunker.py:95 | Created chunk 73: 47 chars
2026-01-20 19:18:33 | edumind.text_chunker | DEBUG    | text_chunker.py:95 | Created chunk 74: 46 chars
2026-01-20 19:18:33 | edumind.text_chunker | DEBUG    | text_chunker.py:95 | Created chunk 75: 44 chars
2026-01-20 19:18:33 | edumind.text_chunker | DEBUG    | text_chunker.py:95 | Created chunk 76: 49 chars
2026-01-20 19:18:33 | edumind.text_chunker | DEBUG    | text_chunker.py:95 | Created chunk 77: 48 chars
2026-01-20 19:18:33 | edumind.text_chunker | DEBUG    | text_chunker.py:95 | Created chunk 78: 47 chars
2026-01-20 19:18:33 | edumind.text_chunker | DEBUG    | text_chunker.py:95 | Created chunk 79: 46 chars
2026-01-20 19:18:33 | edumind.text_chunker | DEBUG    | text_chunker.py:95 | Created chunk 80: 44 chars
2026-01-20 19:18:33 | edumind.text_chunker | DEBUG    | text_chunker.py:95 | Created chunk 81: 49 chars
2026-01-20 19:18:33 | edumind.text_chunker | DEBUG    | text_chunker.py:95 | Created chunk 82: 48 chars
2026-01-20 19:18:33 | edumind.text_chunker | DEBUG    | text_chunker.py:95 | Created chunk 83: 47 chars
2026-01-20 19:18:33 | edumind.text_chunker | DEBUG    | text_chunker.py:95 | Created chunk 84: 46 chars
2026-01-20 19:18:33 | edumind.text_chunker | DEBUG    | text_chunker.py:95 | Created chunk 85: 44 chars
2026-01-20 19:18:33 | edumind.text_chunker | DEBUG    | text_chunker.py:95 | Created chunk 86: 49 chars
2026-01-20 19:18:33 | edumind.text_chunker | DEBUG    | text_chunker.py:95 | Created chunk 87: 48 chars
2026-01-20 19:18:33 | edumind.text_chunker | DEBUG    | text_chunker.py:95 | Created chunk 88: 47 chars
2026-01-20 19:18:33 | edumind.text_chunker | DEBUG    | text_chunker.py:95 | Created chunk 89: 46 chars
2026-01-20 19:18:33 | edumind.text_chunker | DEBUG    | text_chunker.py:95 | Created chunk 90: 44 chars
2026-01-20 19:18:33 | edumind.text_chunker | DEBUG    | text_chunker.py:95 | Created chunk 91: 49 chars
2026-01-20 19:18:33 | edumind.text_chunker | DEBUG    | text_chunker.py:95 | Created chunk 92: 48 chars
2026-01-20 19:18:33 | edumind.text_chunker | DEBUG    | text_chunker.py:95 | Created chunk 93: 47 chars
2026-01-20 19:18:33 | edumind.text_chunker | DEBUG    | text_chunker.py:95 | Created chunk 94: 46 chars
2026-01-20 19:18:33 | edumind.text_chunker | DEBUG    | text_chunker.py:95 | Created chunk 95: 44 chars
2026-01-20 19:18:33 | edumind.text_chunker | DEBUG    | text_chunker.py:95 | Created chunk 96: 49 chars
2026-01-20 19:18:33 | edumind.text_chunker | DEBUG    | text_chunker.py:95 | Created chunk 97: 48 chars
2026-01-20 19:18:33 | edumind.text_chunker | DEBUG    | text_chunker.py:95 | Created chunk 98: 47 chars
2026-01-20 19:18:33 | edumind.text_chunker | DEBUG    | text_chunker.py:95 | Created chunk 99: 46 chars
2026-01-20 19:18:33 | edumind.text_chunker | DEBUG    | text_chunker.py:95 | Created chunk 100: 44 chars
2026-01-20 19:18:33 | edumind.text_chunker | DEBUG    | text_chunker.py:95 | Created chunk 101: 49 chars
2026-01-20 19:18:33 | edumind.text_chunker | DEBUG    | text_chunker.py:95 | Created chunk 102: 48 chars
2026-01-20 19:18:33 | edumind.text_chunker | DEBUG    | text_chunker.py:95 | Created chunk 103: 47 chars
2026-01-20 19:18:33 | edumind.text_chunker | DEBUG    | text_chunker.py:95 | Created chunk 104: 46 chars
2026-01-20 19:18:33 | edumind.text_chunker | DEBUG    | text_chunker.py:95 | Created chunk 105: 44 chars
2026-01-20 19:18:33 | edumind.text_chunker | DEBUG    | text_chunker.py:95 | Created chunk 106: 49 chars
2026-01-20 19:18:33 | edumind.text_chunker | DEBUG    | text_chunker.py:95 | Created chunk 107: 48 chars
2026-01-20 19:18:33 | edumind.text_chunker | DEBUG    | text_chunker.py:95 | Created chunk 108: 47 chars
2026-01-20 19:18:33 | edumind.text_chunker | DEBUG    | text_chunker.py:95 | Created chunk 109: 46 chars
2026-01-20 19:18:33 | edumind.text_chunker | DEBUG    | text_chunker.py:95 | Created chunk 110: 44 chars
2026-01-20 19:18:33 | edumind.text_chunker | DEBUG    | text_chunker.py:95 | Created chunk 111: 49 chars
2026-01-20 19:18:33 | edumind.text_chunker | DEBUG    | text_chunker.py:95 | Created chunk 112: 48 chars
2026-01-20 19:18:33 | edumind.text_chunker | DEBUG    | text_chunker.py:95 | Created chunk 113: 47 chars
2026-01-20 19:18:33 | edumind.text_chunker | DEBUG    | text_chunker.py:95 | Created chunk 114: 46 chars
2026-01-20 19:18:33 | edumind.text_chunker | DEBUG    | text_chunker.py:95 | Created chunk 115: 44 chars
2026-01-20 19:18:33 | edumind.text_chunker | DEBUG    | text_chunker.py:95 | Created chunk 116: 49 chars
2026-01-20 19:18:33 | edumind.text_chunker | DEBUG    | text_chunker.py:95 | Created chunk 117: 48 chars
2026-01-20 19:18:33 | edumind.text_chunker | DEBUG    | text_chunker.py:95 | Created chunk 118: 47 chars
2026-01-20 19:18:33 | edumind.text_chunker | DEBUG    | text_chunker.py:95 | Created chunk 119: 46 chars
2026-01-20 19:18:33 | edumind.text_chunker | DEBUG    | text_chunker.py:95 | Created chunk 120: 44 chars
2026-01-20 19:18:33 | edumind.text_chunker | DEBUG    | text_chunker.py:95 | Created chunk 121: 49 chars
2026-01-20 19:18:33 | edumind.text_chunker | DEBUG    | text_chunker.py:95 | Created chunk 122: 48 chars
2026-01-20 19:18:33 | edumind.text_chunker | DEBUG    | text_chunker.py:95 | Created chunk 123: 47 chars
2026-01-20 19:18:33 | edumind.text_chunker | DEBUG    | text_chunker.py:95 | Created chunk 124: 46 chars
2026-01-20 19:18:33 | edumind.text_chunker | DEBUG    | text_chunker.py:95 | Created chunk 125: 44 chars
2026-01-20 19:18:33 | edumind.text_chunker | DEBUG    | text_chunker.py:95 | Created chunk 126: 49 chars
2026-01-20 19:18:33 | edumind.text_chunker | DEBUG    | text_chunker.py:95 | Created chunk 127: 48 chars
2026-01-20 19:18:33 | edumind.text_chunker | DEBUG    | text_chunker.py:95 | Created chunk 128: 47 chars
2026-01-20 19:18:33 | edumind.text_chunker | DEBUG    | text_chunker.py:95 | Created chunk 129: 46 chars
2026-01-20 19:18:33 | edumind.text_chunker | DEBUG    | text_chunker.py:95 | Created chunk 130: 44 chars
2026-01-20 19:18:33 | edumind.text_chunker | DEBUG    | text_chunker.py:95 | Created chunk 131: 49 chars
2026-01-20 19:18:33 | edumind.text_chunker | DEBUG    | text_chunker.py:95 | Created chunk 132: 48 chars
2026-01-20 19:18:33 | edumind.text_chunker | DEBUG    | text_chunker.py:95 | Created chunk 133: 47 chars
2026-01-20 19:18:33 | edumind.text_chunker | DEBUG    | text_chunker.py:95 | Created chunk 134: 46 chars
2026-01-20 19:18:33 | edumind.text_chunker | DEBUG    | text_chunker.py:95 | Created chunk 135: 44 chars
2026-01-20 19:18:33 | edumind.text_chunker | DEBUG    | text_chunker.py:95 | Created chunk 136: 49 chars
2026-01-20 19:18:33 | edumind.text_chunker | DEBUG    | text_chunker.py:95 | Created chunk 137: 48 chars
2026-01-20 19:18:33 | edumind.text_chunker | DEBUG    | text_chunker.py:95 | Created chunk 138: 47 chars
2026-01-20 19:18:33 | edumind.text_chunker | DEBUG    | text_chunker.py:95 | Created chunk 139: 46 chars
2026-01-20 19:18:33 | edumind.text_chunker | DEBUG    | text_chunker.py:95 | Created chunk 140: 44 chars
2026-01-20 19:18:33 | edumind.text_chunker | DEBUG    | text_chunker.py:95 | Created chunk 141: 49 chars
2026-01-20 19:18:33 | edumind.text_chunker | DEBUG    | text_chunker.py:95 | Created chunk 142: 48 chars
2026-01-20 19:18:33 | edumind.text_chunker | DEBUG    | text_chunker.py:95 | Created chunk 143: 47 chars
2026-01-20 19:18:33 | edumind.text_chunker | DEBUG    | text_chunker.py:95 | Created chunk 144: 46 chars
2026-01-20 19:18:34 | edumind.text_chunker | DEBUG    | text_chunker.py:95 | Created chunk 145: 44 chars
2026-01-20 19:18:34 | edumind.text_chunker | DEBUG    | text_chunker.py:95 | Created chunk 146: 49 chars
2026-01-20 19:18:34 | edumind.text_chunker | DEBUG    | text_chunker.py:95 | Created chunk 147: 48 chars
2026-01-20 19:18:34 | edumind.text_chunker | DEBUG    | text_chunker.py:95 | Created chunk 148: 47 chars
2026-01-20 19:18:34 | edumind.text_chunker | DEBUG    | text_chunker.py:95 | Created chunk 149: 46 chars
2026-01-20 19:18:34 | edumind.text_chunker | DEBUG    | text_chunker.py:95 | Created chunk 150: 44 chars
2026-01-20 19:18:34 | edumind.text_chunker | DEBUG    | text_chunker.py:95 | Created chunk 151: 49 chars
2026-01-20 19:18:34 | edumind.text_chunker | DEBUG    | text_chunker.py:95 | Created chunk 152: 48 chars
2026-01-20 19:18:34 | edumind.text_chunker | DEBUG    | text_chunker.py:95 | Created chunk 153: 47 chars
2026-01-20 19:18:34 | edumind.text_chunker | DEBUG    | text_chunker.py:95 | Created chunk 154: 46 chars
2026-01-20 19:18:34 | edumind.text_chunker | DEBUG    | text_chunker.py:95 | Created chunk 155: 44 chars
2026-01-20 19:18:34 | edumind.text_chunker | DEBUG    | text_chunker.py:95 | Created chunk 156: 49 chars
2026-01-20 19:18:34 | edumind.text_chunker | DEBUG    | text_chunker.py:95 | Created chunk 157: 48 chars
2026-01-20 19:18:34 | edumind.text_chunker | DEBUG    | text_chunker.py:95 | Created chunk 158: 47 chars
2026-01-20 19:18:34 | edumind.text_chunker | DEBUG    | text_chunker.py:95 | Created chunk 159: 46 chars
2026-01-20 19:18:34 | edumind.text_chunker | DEBUG    | text_chunker.py:95 | Created chunk 160: 44 chars
2026-01-20 19:18:34 | edumind.text_chunker | DEBUG    | text_chunker.py:95 | Created chunk 161: 49 chars
2026-01-20 19:18:34 | edumind.text_chunker | DEBUG    | text_chunker.py:95 | Created chunk 162: 48 chars
2026-01-20 19:18:34 | edumind.text_chunker | DEBUG    | text_chunker.py:95 | Created chunk 163: 47 chars
2026-01-20 19:18:34 | edumind.text_chunker | DEBUG    | text_chunker.py:95 | Created chunk 164: 46 chars
2026-01-20 19:18:34 | edumind.text_chunker | DEBUG    | text_chunker.py:95 | Created chunk 165: 44 chars
2026-01-20 19:18:34 | edumind.text_chunker | DEBUG    | text_chunker.py:95 | Created chunk 166: 49 chars
2026-01-20 19:18:34 | edumind.text_chunker | DEBUG    | text_chunker.py:95 | Created chunk 167: 48 chars
2026-01-20 19:18:34 | edumind.text_chunker | DEBUG    | text_chunker.py:95 | Created chunk 168: 47 chars
2026-01-20 19:18:34 | edumind.text_chunker | DEBUG    | text_chunker.py:95 | Created chunk 169: 46 chars
2026-01-20 19:18:34 | edumind.text_chunker | DEBUG    | text_chunker.py:95 | Created chunk 170: 44 chars
2026-01-20 19:18:34 | edumind.text_chunker | DEBUG    | text_chunker.py:95 | Created chunk 171: 49 chars
2026-01-20 19:18:34 | edumind.text_chunker | DEBUG    | text_chunker.py:95 | Created chunk 172: 48 chars
2026-01-20 19:18:34 | edumind.text_chunker | DEBUG    | text_chunker.py:95 | Created chunk 173: 47 chars
2026-01-20 19:18:34 | edumind.text_chunker | DEBUG    | text_chunker.py:95 | Created chunk 174: 46 chars
2026-01-20 19:18:34 | edumind.text_chunker | DEBUG    | text_chunker.py:95 | Created chunk 175: 44 chars
2026-01-20 19:18:34 | edumind.text_chunker | DEBUG    | text_chunker.py:95 | Created chunk 176: 49 chars
2026-01-20 19:18:34 | edumind.text_chunker | DEBUG    | text_chunker.py:95 | Created chunk 177: 48 chars
2026-01-20 19:18:34 | edumind.text_chunker | DEBUG    | text_chunker.py:95 | Created chunk 178: 47 chars
2026-01-20 19:18:34 | edumind.text_chunker | DEBUG    | text_chunker.py:95 | Created chunk 179: 46 chars
2026-01-20 19:18:34 | edumind.text_chunker | DEBUG    | text_chunker.py:95 | Created chunk 180: 44 chars
2026-01-20 19:18:34 | edumind.text_chunker | DEBUG    | text_chunker.py:95 | Created chunk 181: 49 chars
2026-01-20 19:18:34 | edumind.text_chunker | DEBUG    | text_chunker.py:95 | Created chunk 182: 48 chars
2026-01-20 19:18:34 | edumind.text_chunker | DEBUG    | text_chunker.py:95 | Created chunk 183: 47 chars
2026-01-20 19:18:34 | edumind.text_chunker | DEBUG    | text_chunker.py:95 | Created chunk 184: 46 chars
2026-01-20 19:18:34 | edumind.text_chunker | DEBUG    | text_chunker.py:95 | Created chunk 185: 44 chars
2026-01-20 19:18:34 | edumind.text_chunker | DEBUG    | text_chunker.py:95 | Created chunk 186: 49 chars
2026-01-20 19:18:34 | edumind.text_chunker | DEBUG    | text_chunker.py:95 | Created chunk 187: 48 chars
2026-01-20 19:18:34 | edumind.text_chunker | DEBUG    | text_chunker.py:95 | Created chunk 188: 47 chars
2026-01-20 19:18:34 | edumind.text_chunker | DEBUG    | text_chunker.py:95 | Created chunk 189: 46 chars
2026-01-20 19:18:34 | edumind.text_chunker | DEBUG    | text_chunker.py:95 | Created chunk 190: 44 chars
2026-01-20 19:18:34 | edumind.text_chunker | DEBUG    | text_chunker.py:95 | Created chunk 191: 49 chars
2026-01-20 19:18:34 | edumind.text_chunker | DEBUG    | text_chunker.py:95 | Created chunk 192: 48 chars
2026-01-20 19:18:34 | edumind.text_chunker | DEBUG    | text_chunker.py:95 | Created chunk 193: 47 chars
2026-01-20 19:18:34 | edumind.text_chunker | DEBUG    | text_chunker.py:95 | Created chunk 194: 46 chars
2026-01-20 19:18:34 | edumind.text_chunker | DEBUG    | text_chunker.py:95 | Created chunk 195: 44 chars
2026-01-20 19:18:34 | edumind.text_chunker | DEBUG    | text_chunker.py:95 | Created chunk 196: 49 chars
2026-01-20 19:18:34 | edumind.text_chunker | DEBUG    | text_chunker.py:95 | Created chunk 197: 48 chars
2026-01-20 19:18:34 | edumind.text_chunker | DEBUG    | text_chunker.py:95 | Created chunk 198: 47 chars
2026-01-20 19:18:34 | edumind.text_chunker | DEBUG    | text_chunker.py:95 | Created chunk 199: 46 chars
2026-01-20 19:18:34 | edumind.text_chunker | DEBUG    | text_chunker.py:95 | Created chunk 200: 44 chars
2026-01-20 19:18:34 | edumind.text_chunker | DEBUG    | text_chunker.py:95 | Created chunk 201: 49 chars
2026-01-20 19:18:34 | edumind.text_chunker | DEBUG    | text_chunker.py:95 | Created chunk 202: 48 chars
2026-01-20 19:18:34 | edumind.text_chunker | DEBUG    | text_chunker.py:95 | Created chunk 203: 47 chars
2026-01-20 19:18:34 | edumind.text_chunker | DEBUG    | text_chunker.py:95 | Created chunk 204: 46 chars
2026-01-20 19:18:34 | edumind.text_chunker | DEBUG    | text_chunker.py:95 | Created chunk 205: 44 chars
2026-01-20 19:18:34 | edumind.text_chunker | DEBUG    | text_chunker.py:95 | Created chunk 206: 49 chars
2026-01-20 19:18:34 | edumind.text_chunker | DEBUG    | text_chunker.py:95 | Created chunk 207: 48 chars
2026-01-20 19:18:34 | edumind.text_chunker | DEBUG    | text_chunker.py:95 | Created chunk 208: 47 chars
2026-01-20 19:18:34 | edumind.text_chunker | DEBUG    | text_chunker.py:95 | Created chunk 209: 46 chars
2026-01-20 19:18:34 | edumind.text_chunker | DEBUG    | text_chunker.py:95 | Created chunk 210: 44 chars
2026-01-20 19:18:34 | edumind.text_chunker | DEBUG    | text_chunker.py:95 | Created chunk 211: 49 chars
2026-01-20 19:18:34 | edumind.text_chunker | DEBUG    | text_chunker.py:95 | Created chunk 212: 48 chars
2026-01-20 19:18:34 | edumind.text_chunker | DEBUG    | text_chunker.py:95 | Created chunk 213: 47 chars
2026-01-20 19:18:34 | edumind.text_chunker | DEBUG    | text_chunker.py:95 | Created chunk 214: 46 chars
2026-01-20 19:18:34 | edumind.text_chunker | DEBUG    | text_chunker.py:95 | Created chunk 215: 44 chars
2026-01-20 19:18:34 | edumind.text_chunker | DEBUG    | text_chunker.py:95 | Created chunk 216: 49 chars
2026-01-20 19:18:34 | edumind.text_chunker | DEBUG    | text_chunker.py:95 | Created chunk 217: 48 chars
2026-01-20 19:18:34 | edumind.text_chunker | DEBUG    | text_chunker.py:95 | Created chunk 218: 47 chars
2026-01-20 19:18:34 | edumind.text_chunker | DEBUG    | text_chunker.py:95 | Created chunk 219: 46 chars
2026-01-20 19:18:34 | edumind.text_chunker | DEBUG    | text_chunker.py:95 | Created chunk 220: 44 chars
2026-01-20 19:18:34 | edumind.text_chunker | DEBUG    | text_chunker.py:95 | Created chunk 221: 49 chars
2026-01-20 19:18:34 | edumind.text_chunker | DEBUG    | text_chunker.py:95 | Created chunk 222: 48 chars
2026-01-20 19:18:34 | edumind.text_chunker | DEBUG    | text_chunker.py:95 | Created chunk 223: 47 chars
2026-01-20 19:18:34 | edumind.text_chunker | DEBUG    | text_chunker.py:95 | Created chunk 224: 46 chars
2026-01-20 19:18:34 | edumind.text_chunker | DEBUG    | text_chunker.py:95 | Created chunk 225: 44 chars
2026-01-20 19:18:34 | edumind.text_chunker | DEBUG    | text_chunker.py:95 | Created chunk 226: 49 chars
2026-01-20 19:18:34 | edumind.text_chunker | DEBUG    | text_chunker.py:95 | Created chunk 227: 48 chars
2026-01-20 19:18:34 | edumind.text_chunker | DEBUG    | text_chunker.py:95 | Created chunk 228: 47 chars
2026-01-20 19:18:34 | edumind.text_chunker | DEBUG    | text_chunker.py:95 | Created chunk 229: 46 chars
2026-01-20 19:18:34 | edumind.text_chunker | DEBUG    | text_chunker.py:95 | Created chunk 230: 44 chars
2026-01-20 19:18:34 | edumind.text_chunker | DEBUG    | text_chunker.py:95 | Created chunk 231: 49 chars
2026-01-20 19:18:34 | edumind.text_chunker | DEBUG    | text_chunker.py:95 | Created chunk 232: 48 chars
2026-01-20 19:18:34 | edumind.text_chunker | DEBUG    | text_chunker.py:95 | Created chunk 233: 47 chars
2026-01-20 19:18:34 | edumind.text_chunker | DEBUG    | text_chunker.py:95 | Created chunk 234: 46 chars
2026-01-20 19:18:34 | edumind.text_chunker | DEBUG    | text_chunker.py:95 | Created chunk 235: 44 chars
2026-01-20 19:18:34 | edumind.text_chunker | DEBUG    | text_chunker.py:95 | Created chunk 236: 49 chars
2026-01-20 19:18:34 | edumind.text_chunker | DEBUG    | text_chunker.py:95 | Created chunk 237: 48 chars
2026-01-20 19:18:34 | edumind.text_chunker | DEBUG    | text_chunker.py:95 | Created chunk 238: 47 chars
2026-01-20 19:18:34 | edumind.text_chunker | DEBUG    | text_chunker.py:95 | Created chunk 239: 46 chars
2026-01-20 19:18:34 | edumind.text_chunker | DEBUG    | text_chunker.py:95 | Created chunk 240: 44 chars
2026-01-20 19:18:34 | edumind.text_chunker | DEBUG    | text_chunker.py:95 | Created chunk 241: 49 chars
2026-01-20 19:18:34 | edumind.text_chunker | DEBUG    | text_chunker.py:95 | Created chunk 242: 48 chars
2026-01-20 19:18:34 | edumind.text_chunker | DEBUG    | text_chunker.py:95 | Created chunk 243: 47 chars
2026-01-20 19:18:34 | edumind.text_chunker | DEBUG    | text_chunker.py:95 | Created chunk 244: 46 chars
2026-01-20 19:18:34 | edumind.text_chunker | DEBUG    | text_chunker.py:95 | Created chunk 245: 44 chars
2026-01-20 19:18:34 | edumind.text_chunker | DEBUG    | text_chunker.py:95 | Created chunk 246: 49 chars
2026-01-20 19:18:34 | edumind.text_chunker | DEBUG    | text_chunker.py:95 | Created chunk 247: 48 chars
2026-01-20 19:18:34 | edumind.text_chunker | DEBUG    | text_chunker.py:95 | Created chunk 248: 47 chars
2026-01-20 19:18:34 | edumind.text_chunker | DEBUG    | text_chunker.py:95 | Created chunk 249: 46 chars
2026-01-20 19:18:34 | edumind.text_chunker | DEBUG    | text_chunker.py:95 | Created chunk 250: 44 chars
2026-01-20 19:18:34 | edumind.text_chunker | DEBUG    | text_chunker.py:95 | Created chunk 251: 49 chars
2026-01-20 19:18:34 | edumind.text_chunker | DEBUG    | text_chunker.py:95 | Created chunk 252: 48 chars
2026-01-20 19:18:34 | edumind.text_chunker | DEBUG    | text_chunker.py:95 | Created chunk 253: 47 chars
2026-01-20 19:18:34 | edumind.text_chunker | DEBUG    | text_chunker.py:95 | Created chunk 254: 46 chars
2026-01-20 19:18:34 | edumind.text_chunker | DEBUG    | text_chunker.py:95 | Created chunk 255: 44 chars
2026-01-20 19:18:34 | edumind.text_chunker | DEBUG    | text_chunker.py:95 | Created chunk 256: 49 chars
2026-01-20 19:18:34 | edumind.text_chunker | DEBUG    | text_chunker.py:95 | Created chunk 257: 48 chars
2026-01-20 19:18:34 | edumind.text_chunker | DEBUG    | text_chunker.py:95 | Created chunk 258: 47 chars
2026-01-20 19:18:34 | edumind.text_chunker | DEBUG    | text_chunker.py:95 | Created chunk 259: 46 chars
2026-01-20 19:18:34 | edumind.text_chunker | DEBUG    | text_chunker.py:95 | Created chunk 260: 44 chars
2026-01-20 19:18:34 | edumind.text_chunker | DEBUG    | text_chunker.py:95 | Created chunk 261: 49 chars
2026-01-20 19:18:34 | edumind.text_chunker | DEBUG    | text_chunker.py:95 | Created chunk 262: 48 chars
2026-01-20 19:18:34 | edumind.text_chunker | DEBUG    | text_chunker.py:95 | Created chunk 263: 47 chars
2026-01-20 19:18:34 | edumind.text_chunker | DEBUG    | text_chunker.py:95 | Created chunk 264: 46 chars
2026-01-20 19:18:34 | edumind.text_chunker | DEBUG    | text_chunker.py:95 | Created chunk 265: 44 chars
2026-01-20 19:18:34 | edumind.text_chunker | DEBUG    | text_chunker.py:95 | Created chunk 266: 49 chars
2026-01-20 19:18:34 | edumind.text_chunker | DEBUG    | text_chunker.py:95 | Created chunk 267: 48 chars
2026-01-20 19:18:34 | edumind.text_chunker | DEBUG    | text_chunker.py:95 | Created chunk 268: 47 chars
2026-01-20 19:18:34 | edumind.text_chunker | DEBUG    | text_chunker.py:95 | Created chunk 269: 46 chars
2026-01-20 19:18:34 | edumind.text_chunker | DEBUG    | text_chunker.py:95 | Created chunk 270: 44 chars
2026-01-20 19:18:34 | edumind.text_chunker | DEBUG    | text_chunker.py:95 | Created chunk 271: 49 chars
2026-01-20 19:18:34 | edumind.text_chunker | DEBUG    | text_chunker.py:95 | Created chunk 272: 48 chars
2026-01-20 19:18:34 | edumind.text_chunker | DEBUG    | text_chunker.py:95 | Created chunk 273: 47 chars
2026-01-20 19:18:34 | edumind.text_chunker | DEBUG    | text_chunker.py:95 | Created chunk 274: 46 chars
2026-01-20 19:18:34 | edumind.text_chunker | DEBUG    | text_chunker.py:95 | Created chunk 275: 44 chars
2026-01-20 19:18:34 | edumind.text_chunker | DEBUG    | text_chunker.py:95 | Created chunk 276: 49 chars
2026-01-20 19:18:34 | edumind.text_chunker | DEBUG    | text_chunker.py:95 | Created chunk 277: 48 chars
2026-01-20 19:18:34 | edumind.text_chunker | DEBUG    | text_chunker.py:95 | Created chunk 278: 47 chars
2026-01-20 19:18:34 | edumind.text_chunker | DEBUG    | text_chunker.py:95 | Created chunk 279: 46 chars
2026-01-20 19:18:34 | edumind.text_chunker | DEBUG    | text_chunker.py:95 | Created chunk 280: 44 chars
2026-01-20 19:18:34 | edumind.text_chunker | DEBUG    | text_chunker.py:95 | Created chunk 281: 49 chars
2026-01-20 19:18:34 | edumind.text_chunker | DEBUG    | text_chunker.py:95 | Created chunk 282: 48 chars
2026-01-20 19:18:34 | edumind.text_chunker | DEBUG    | text_chunker.py:95 | Created chunk 283: 47 chars
2026-01-20 19:18:34 | edumind.text_chunker | DEBUG    | text_chunker.py:95 | Created chunk 284: 46 chars
2026-01-20 19:18:34 | edumind.text_chunker | DEBUG    | text_chunker.py:95 | Created chunk 285: 44 chars
2026-01-20 19:18:34 | edumind.text_chunker | DEBUG    | text_chunker.py:95 | Created chunk 286: 49 chars
2026-01-20 19:18:34 | edumind.text_chunker | DEBUG    | text_chunker.py:95 | Created chunk 287: 48 chars
2026-01-20 19:18:34 | edumind.text_chunker | DEBUG    | text_chunker.py:95 | Created chunk 288: 47 chars
2026-01-20 19:18:34 | edumind.text_chunker | DEBUG    | text_chunker.py:95 | Created chunk 289: 46 chars
2026-01-20 19:18:34 | edumind.text_chunker | DEBUG    | text_chunker.py:95 | Created chunk 290: 44 chars
2026-01-20 19:18:34 | edumind.text_chunker | DEBUG    | text_chunker.py:95 | Created chunk 291: 49 chars
2026-01-20 19:18:34 | edumind.text_chunker | DEBUG    | text_chunker.py:95 | Created chunk 292: 48 chars
2026-01-20 19:18:34 | edumind.text_chunker | DEBUG    | text_chunker.py:95 | Created chunk 293: 47 chars
2026-01-20 19:18:34 | edumind.text_chunker | DEBUG    | text_chunker.py:95 | Created chunk 294: 46 chars
2026-01-20 19:18:34 | edumind.text_chunker | DEBUG    | text_chunker.py:95 | Created chunk 295: 44 chars
2026-01-20 19:18:34 | edumind.text_chunker | DEBUG    | text_chunker.py:95 | Created chunk 296: 49 chars
2026-01-20 19:18:34 | edumind.text_chunker | DEBUG    | text_chunker.py:95 | Created chunk 297: 48 chars
2026-01-20 19:18:34 | edumind.text_chunker | DEBUG    | text_chunker.py:95 | Created chunk 298: 47 chars
2026-01-20 19:18:34 | edumind.text_chunker | DEBUG    | text_chunker.py:95 | Created chunk 299: 46 chars
2026-01-20 19:18:34 | edumind.text_chunker | DEBUG    | text_chunker.py:95 | Created chunk 300: 44 chars
2026-01-20 19:18:34 | edumind.text_chunker | DEBUG    | text_chunker.py:95 | Created chunk 301: 49 chars
2026-01-20 19:18:34 | edumind.text_chunker | DEBUG    | text_chunker.py:95 | Created chunk 302: 48 chars
2026-01-20 19:18:34 | edumind.text_chunker | DEBUG    | text_chunker.py:95 | Created chunk 303: 47 chars
2026-01-20 19:18:34 | edumind.text_chunker | DEBUG    | text_chunker.py:95 | Created chunk 304: 46 chars
2026-01-20 19:18:34 | edumind.text_chunker | DEBUG    | text_chunker.py:95 | Created chunk 305: 44 chars
2026-01-20 19:18:34 | edumind.text_chunker | DEBUG    | text_chunker.py:95 | Created chunk 306: 49 chars
2026-01-20 19:18:34 | edumind.text_chunker | DEBUG    | text_chunker.py:95 | Created chunk 307: 48 chars
2026-01-20 19:18:34 | edumind.text_chunker | DEBUG    | text_chunker.py:95 | Created chunk 308: 47 chars
2026-01-20 19:18:34 | edumind.text_chunker | DEBUG    | text_chunker.py:95 | Created chunk 309: 46 chars
2026-01-20 19:18:34 | edumind.text_chunker | DEBUG    | text_chunker.py:95 | Created chunk 310: 44 chars
2026-01-20 19:18:34 | edumind.text_chunker | DEBUG    | text_chunker.py:95 | Created chunk 311: 49 chars
2026-01-20 19:18:34 | edumind.text_chunker | DEBUG    | text_chunker.py:95 | Created chunk 312: 48 chars
2026-01-20 19:18:34 | edumind.text_chunker | DEBUG    | text_chunker.py:95 | Created chunk 313: 47 chars
2026-01-20 19:18:34 | edumind.text_chunker | DEBUG    | text_chunker.py:95 | Created chunk 314: 46 chars
2026-01-20 19:18:34 | edumind.text_chunker | DEBUG    | text_chunker.py:95 | Created chunk 315: 44 chars
2026-01-20 19:18:34 | edumind.text_chunker | DEBUG    | text_chunker.py:95 | Created chunk 316: 49 chars
2026-01-20 19:18:34 | edumind.text_chunker | DEBUG    | text_chunker.py:95 | Created chunk 317: 48 chars
2026-01-20 19:18:34 | edumind.text_chunker | DEBUG    | text_chunker.py:95 | Created chunk 318: 47 chars
2026-01-20 19:18:34 | edumind.text_chunker | DEBUG    | text_chunker.py:95 | Created chunk 319: 46 chars
2026-01-20 19:18:34 | edumind.text_chunker | DEBUG    | text_chunker.py:95 | Created chunk 320: 44 chars
2026-01-20 19:18:34 | edumind.text_chunker | DEBUG    | text_chunker.py:95 | Created chunk 321: 49 chars
2026-01-20 19:18:34 | edumind.text_chunker | DEBUG    | text_chunker.py:95 | Created chunk 322: 48 chars
2026-01-20 19:18:34 | edumind.text_chunker | DEBUG    | text_chunker.py:95 | Created chunk 323: 47 chars
2026-01-20 19:18:34 | edumind.text_chunker | DEBUG    | text_chunker.py:95 | Created chunk 324: 46 chars
2026-01-20 19:18:34 | edumind.text_chunker | DEBUG    | text_chunker.py:95 | Created chunk 325: 44 chars
2026-01-20 19:18:34 | edumind.text_chunker | DEBUG    | text_chunker.py:95 | Created chunk 326: 49 chars
2026-01-20 19:18:34 | edumind.text_chunker | DEBUG    | text_chunker.py:95 | Created chunk 327: 48 chars
2026-01-20 19:18:34 | edumind.text_chunker | DEBUG    | text_chunker.py:95 | Created chunk 328: 47 chars
2026-01-20 19:18:34 | edumind.text_chunker | DEBUG    | text_chunker.py:95 | Created chunk 329: 46 chars
2026-01-20 19:18:34 | edumind.text_chunker | DEBUG    | text_chunker.py:95 | Created chunk 330: 44 chars
2026-01-20 19:18:34 | edumind.text_chunker | DEBUG    | text_chunker.py:95 | Created chunk 331: 49 chars
2026-01-20 19:18:34 | edumind.text_chunker | DEBUG    | text_chunker.py:95 | Created chunk 332: 48 chars
2026-01-20 19:18:34 | edumind.text_chunker | DEBUG    | text_chunker.py:95 | Created chunk 333: 47 chars
2026-01-20 19:18:34 | edumind.text_chunker | DEBUG    | text_chunker.py:95 | Created chunk 334: 46 chars
2026-01-20 19:18:34 | edumind.text_chunker | DEBUG    | text_chunker.py:95 | Created chunk 335: 44 chars
2026-01-20 19:18:34 | edumind.text_chunker | DEBUG    | text_chunker.py:95 | Created chunk 336: 49 chars
2026-01-20 19:18:34 | edumind.text_chunker | DEBUG    | text_chunker.py:95 | Created chunk 337: 48 chars
2026-01-20 19:18:34 | edumind.text_chunker | DEBUG    | text_chunker.py:95 | Created chunk 338: 47 chars
2026-01-20 19:18:34 | edumind.text_chunker | DEBUG    | text_chunker.py:95 | Created chunk 339: 46 chars
2026-01-20 19:18:34 | edumind.text_chunker | DEBUG    | text_chunker.py:95 | Created chunk 340: 44 chars
2026-01-20 19:18:34 | edumind.text_chunker | DEBUG    | text_chunker.py:95 | Created chunk 341: 49 chars
2026-01-20 19:18:34 | edumind.text_chunker | DEBUG    | text_chunker.py:95 | Created chunk 342: 48 chars
2026-01-20 19:18:34 | edumind.text_chunker | DEBUG    | text_chunker.py:95 | Created chunk 343: 47 chars
2026-01-20 19:18:34 | edumind.text_chunker | DEBUG    | text_chunker.py:95 | Created chunk 344: 46 chars
2026-01-20 19:18:34 | edumind.text_chunker | DEBUG    | text_chunker.py:95 | Created chunk 345: 44 chars
2026-01-20 19:18:34 | edumind.text_chunker | DEBUG    | text_chunker.py:95 | Created chunk 346: 49 chars
2026-01-20 19:18:34 | edumind.text_chunker | DEBUG    | text_chunker.py:95 | Created chunk 347: 48 chars
2026-01-20 19:18:34 | edumind.text_chunker | DEBUG    | text_chunker.py:95 | Created chunk 348: 47 chars
2026-01-20 19:18:34 | edumind.text_chunker | DEBUG    | text_chunker.py:95 | Created chunk 349: 46 chars
2026-01-20 19:18:34 | edumind.text_chunker | DEBUG    | text_chunker.py:95 | Created chunk 350: 44 chars
2026-01-20 19:18:34 | edumind.text_chunker | DEBUG    | text_chunker.py:95 | Created chunk 351: 49 chars
2026-01-20 19:18:34 | edumind.text_chunker | DEBUG    | text_chunker.py:95 | Created chunk 352: 48 chars
2026-01-20 19:18:34 | edumind.text_chunker | DEBUG    | text_chunker.py:95 | Created chunk 353: 47 chars
2026-01-20 19:18:34 | edumind.text_chunker | DEBUG    | text_chunker.py:95 | Created chunk 354: 46 chars
2026-01-20 19:18:34 | edumind.text_chunker | DEBUG    | text_chunker.py:95 | Created chunk 355: 44 chars
2026-01-20 19:18:34 | edumind.text_chunker | DEBUG    | text_chunker.py:95 | Created chunk 356: 49 chars
2026-01-20 19:18:34 | edumind.text_chunker | DEBUG    | text_chunker.py:95 | Created chunk 357: 48 chars
2026-01-20 19:18:34 | edumind.text_chunker | DEBUG    | text_chunker.py:95 | Created chunk 358: 47 chars
2026-01-20 19:18:34 | edumind.text_chunker | DEBUG    | text_chunker.py:95 | Created chunk 359: 46 chars
2026-01-20 19:18:34 | edumind.text_chunker | DEBUG    | text_chunker.py:95 | Created chunk 360: 44 chars
2026-01-20 19:18:34 | edumind.text_chunker | DEBUG    | text_chunker.py:95 | Created chunk 361: 49 chars
2026-01-20 19:18:34 | edumind.text_chunker | DEBUG    | text_chunker.py:95 | Created chunk 362: 48 chars
2026-01-20 19:18:34 | edumind.text_chunker | DEBUG    | text_chunker.py:95 | Created chunk 363: 47 chars
2026-01-20 19:18:34 | edumind.text_chunker | DEBUG    | text_chunker.py:95 | Created chunk 364: 46 chars
2026-01-20 19:18:34 | edumind.text_chunker | DEBUG    | text_chunker.py:95 | Created chunk 365: 44 chars
2026-01-20 19:18:34 | edumind.text_chunker | DEBUG    | text_chunker.py:95 | Created chunk 366: 49 chars
2026-01-20 19:18:34 | edumind.text_chunker | DEBUG    | text_chunker.py:95 | Created chunk 367: 48 chars
2026-01-20 19:18:34 | edumind.text_chunker | DEBUG    | text_chunker.py:95 | Created chunk 368: 47 chars
2026-01-20 19:18:34 | edumind.text_chunker | DEBUG    | text_chunker.py:95 | Created chunk 369: 46 chars
2026-01-20 19:18:34 | edumind.text_chunker | DEBUG    | text_chunker.py:95 | Created chunk 370: 44 chars
2026-01-20 19:18:34 | edumind.text_chunker | DEBUG    | text_chunker.py:95 | Created chunk 371: 49 chars
2026-01-20 19:18:34 | edumind.text_chunker | DEBUG    | text_chunker.py:95 | Created chunk 372: 48 chars
2026-01-20 19:18:34 | edumind.text_chunker | DEBUG    | text_chunker.py:95 | Created chunk 373: 47 chars
2026-01-20 19:18:34 | edumind.text_chunker | DEBUG    | text_chunker.py:95 | Created chunk 374: 46 chars
2026-01-20 19:18:34 | edumind.text_chunker | DEBUG    | text_chunker.py:95 | Created chunk 375: 44 chars
2026-01-20 19:18:34 | edumind.text_chunker | DEBUG    | text_chunker.py:95 | Created chunk 376: 49 chars
2026-01-20 19:18:34 | edumind.text_chunker | DEBUG    | text_chunker.py:95 | Created chunk 377: 48 chars
2026-01-20 19:18:34 | edumind.text_chunker | DEBUG    | text_chunker.py:95 | Created chunk 378: 47 chars
2026-01-20 19:18:34 | edumind.text_chunker | DEBUG    | text_chunker.py:95 | Created chunk 379: 46 chars
2026-01-20 19:18:34 | edumind.text_chunker | DEBUG    | text_chunker.py:95 | Created chunk 380: 44 chars
2026-01-20 19:18:34 | edumind.text_chunker | DEBUG    | text_chunker.py:95 | Created chunk 381: 49 chars
2026-01-20 19:18:34 | edumind.text_chunker | DEBUG    | text_chunker.py:95 | Created chunk 382: 48 chars
2026-01-20 19:18:34 | edumind.text_chunker | DEBUG    | text_chunker.py:95 | Created chunk 383: 47 chars
2026-01-20 19:18:34 | edumind.text_chunker | DEBUG    | text_chunker.py:95 | Created chunk 384: 46 chars
2026-01-20 19:18:34 | edumind.text_chunker | DEBUG    | text_chunker.py:95 | Created chunk 385: 44 chars
2026-01-20 19:18:34 | edumind.text_chunker | DEBUG    | text_chunker.py:95 | Created chunk 386: 49 chars
2026-01-20 19:18:34 | edumind.text_chunker | DEBUG    | text_chunker.py:95 | Created chunk 387: 48 chars
2026-01-20 19:18:34 | edumind.text_chunker | DEBUG    | text_chunker.py:95 | Created chunk 388: 47 chars
2026-01-20 19:18:34 | edumind.text_chunker | DEBUG    | text_chunker.py:95 | Created chunk 389: 46 chars
2026-01-20 19:18:34 | edumind.text_chunker | DEBUG    | text_chunker.py:95 | Created chunk 390: 44 chars
2026-01-20 19:18:34 | edumind.text_chunker | DEBUG    | text_chunker.py:95 | Created chunk 391: 49 chars
2026-01-20 19:18:34 | edumind.text_chunker | DEBUG    | text_chunker.py:95 | Created chunk 392: 48 chars
2026-01-20 19:18:34 | edumind.text_chunker | DEBUG    | text_chunker.py:95 | Created chunk 393: 47 chars
2026-01-20 19:18:34 | edumind.text_chunker | DEBUG    | text_chunker.py:95 | Created chunk 394: 46 chars
2026-01-20 19:18:34 | edumind.text_chunker | DEBUG    | text_chunker.py:95 | Created chunk 395: 44 chars
2026-01-20 19:18:34 | edumind.text_chunker | DEBUG    | text_chunker.py:95 | Created chunk 396: 49 chars
2026-01-20 19:18:34 | edumind.text_chunker | DEBUG    | text_chunker.py:95 | Created chunk 397: 48 chars
2026-01-20 19:18:34 | edumind.text_chunker | DEBUG    | text_chunker.py:95 | Created chunk 398: 47 chars
2026-01-20 19:18:34 | edumind.text_chunker | DEBUG    | text_chunker.py:95 | Created chunk 399: 46 chars
2026-01-20 19:18:34 | edumind.text_chunker | DEBUG    | text_chunker.py:95 | Created chunk 400: 44 chars
2026-01-20 19:18:34 | edumind.text_chunker | DEBUG    | text_chunker.py:95 | Created chunk 401: 49 chars
2026-01-20 19:18:34 | edumind.text_chunker | DEBUG    | text_chunker.py:95 | Created chunk 402: 48 chars
2026-01-20 19:18:34 | edumind.text_chunker | DEBUG    | text_chunker.py:95 | Created chunk 403: 47 chars
2026-01-20 19:18:34 | edumind.text_chunker | DEBUG    | text_chunker.py:95 | Created chunk 404: 46 chars
2026-01-20 19:18:34 | edumind.text_chunker | DEBUG    | text_chunker.py:95 | Created chunk 405: 44 chars
2026-01-20 19:18:34 | edumind.text_chunker | DEBUG    | text_chunker.py:95 | Created chunk 406: 49 chars
2026-01-20 19:18:34 | edumind.text_chunker | DEBUG    | text_chunker.py:95 | Created chunk 407: 48 chars
2026-01-20 19:18:34 | edumind.text_chunker | DEBUG    | text_chunker.py:95 | Created chunk 408: 47 chars
2026-01-20 19:18:34 | edumind.text_chunker | DEBUG    | text_chunker.py:95 | Created chunk 409: 46 chars
2026-01-20 19:18:34 | edumind.text_chunker | DEBUG    | text_chunker.py:95 | Created chunk 410: 44 chars
2026-01-20 19:18:34 | edumind.text_chunker | DEBUG    | text_chunker.py:95 | Created chunk 411: 49 chars
2026-01-20 19:18:34 | edumind.text_chunker | DEBUG    | text_chunker.py:95 | Created chunk 412: 48 chars
2026-01-20 19:18:34 | edumind.text_chunker | DEBUG    | text_chunker.py:95 | Created chunk 413: 47 chars
2026-01-20 19:18:34 | edumind.text_chunker | DEBUG    | text_chunker.py:95 | Created chunk 414: 46 chars
2026-01-20 19:18:34 | edumind.text_chunker | DEBUG    | text_chunker.py:95 | Created chunk 415: 44 chars
2026-01-20 19:18:34 | edumind.text_chunker | DEBUG    | text_chunker.py:95 | Created chunk 416: 49 chars
2026-01-20 19:18:34 | edumind.text_chunker | DEBUG    | text_chunker.py:95 | Created chunk 417: 48 chars
2026-01-20 19:18:34 | edumind.text_chunker | DEBUG    | text_chunker.py:95 | Created chunk 418: 47 chars
2026-01-20 19:18:34 | edumind.text_chunker | DEBUG    | text_chunker.py:95 | Created chunk 419: 46 chars
2026-01-20 19:18:34 | edumind.text_chunker | DEBUG    | text_chunker.py:95 | Created chunk 420: 44 chars
2026-01-20 19:18:34 | edumind.text_chunker | DEBUG    | text_chunker.py:95 | Created chunk 421: 49 chars
2026-01-20 19:18:34 | edumind.text_chunker | DEBUG    | text_chunker.py:95 | Created chunk 422: 48 chars
2026-01-20 19:18:34 | edumind.text_chunker | DEBUG    | text_chunker.py:95 | Created chunk 423: 47 chars
2026-01-20 19:18:34 | edumind.text_chunker | DEBUG    | text_chunker.py:95 | Created chunk 424: 46 chars
2026-01-20 19:18:34 | edumind.text_chunker | DEBUG    | text_chunker.py:95 | Created chunk 425: 44 chars
2026-01-20 19:18:34 | edumind.text_chunker | DEBUG    | text_chunker.py:95 | Created chunk 426: 49 chars
2026-01-20 19:18:34 | edumind.text_chunker | DEBUG    | text_chunker.py:95 | Created chunk 427: 48 chars
2026-01-20 19:18:34 | edumind.text_chunker | DEBUG    | text_chunker.py:95 | Created chunk 428: 47 chars
2026-01-20 19:18:34 | edumind.text_chunker | DEBUG    | text_chunker.py:95 | Created chunk 429: 46 chars
2026-01-20 19:18:34 | edumind.text_chunker | DEBUG    | text_chunker.py:95 | Created chunk 430: 44 chars
2026-01-20 19:18:34 | edumind.text_chunker | DEBUG    | text_chunker.py:95 | Created chunk 431: 49 chars
2026-01-20 19:18:34 | edumind.text_chunker | DEBUG    | text_chunker.py:95 | Created chunk 432: 48 chars
2026-01-20 19:18:34 | edumind.text_chunker | DEBUG    | text_chunker.py:95 | Created chunk 433: 47 chars
2026-01-20 19:18:34 | edumind.text_chunker | DEBUG    | text_chunker.py:95 | Created chunk 434: 46 chars
2026-01-20 19:18:34 | edumind.text_chunker | DEBUG    | text_chunker.py:95 | Created chunk 435: 44 chars
2026-01-20 19:18:34 | edumind.text_chunker | DEBUG    | text_chunker.py:95 | Created chunk 436: 49 chars
2026-01-20 19:18:34 | edumind.text_chunker | DEBUG    | text_chunker.py:95 | Created chunk 437: 48 chars
2026-01-20 19:18:34 | edumind.text_chunker | DEBUG    | text_chunker.py:95 | Created chunk 438: 47 chars
2026-01-20 19:18:34 | edumind.text_chunker | DEBUG    | text_chunker.py:95 | Created chunk 439: 46 chars
2026-01-20 19:18:34 | edumind.text_chunker | DEBUG    | text_chunker.py:95 | Created chunk 440: 44 chars
2026-01-20 19:18:34 | edumind.text_chunker | DEBUG    | text_chunker.py:95 | Created chunk 441: 49 chars
2026-01-20 19:18:34 | edumind.text_chunker | DEBUG    | text_chunker.py:95 | Created chunk 442: 48 chars
2026-01-20 19:18:34 | edumind.text_chunker | DEBUG    | text_chunker.py:95 | Created chunk 443: 47 chars
2026-01-20 19:18:34 | edumind.text_chunker | DEBUG    | text_chunker.py:95 | Created chunk 444: 46 chars
2026-01-20 19:18:34 | edumind.text_chunker | DEBUG    | text_chunker.py:95 | Created chunk 445: 44 chars
2026-01-20 19:18:34 | edumind.text_chunker | DEBUG    | text_chunker.py:95 | Created chunk 446: 49 chars
2026-01-20 19:18:34 | edumind.text_chunker | DEBUG    | text_chunker.py:95 | Created chunk 447: 48 chars
2026-01-20 19:18:34 | edumind.text_chunker | DEBUG    | text_chunker.py:95 | Created chunk 448: 47 chars
2026-01-20 19:18:34 | edumind.text_chunker | DEBUG    | text_chunker.py:95 | Created chunk 449: 46 chars
2026-01-20 19:18:34 | edumind.text_chunker | DEBUG    | text_chunker.py:95 | Created chunk 450: 49 chars
2026-01-20 19:18:34 | edumind.text_chunker | INFO     | text_chunker.py:103 | Split text into 450 chunks (avg: 46 chars)
2026-01-20 19:18:34 | edumind.text_chunker | DEBUG    | text_chunker.py:95 | Created chunk 1: 97 chars
2026-01-20 19:18:34 | edumind.text_chunker | DEBUG    | text_chunker.py:95 | Created chunk 2: 96 chars
2026-01-20 19:18:34 | edumind.text_chunker | DEBUG    | text_chunker.py:95 | Created chunk 3: 95 chars
2026-01-20 19:18:34 | edumind.text_chunker | DEBUG    | text_chunker.py:95 | Created chunk 4: 94 chars
2026-01-20 19:18:34 | edumind.text_chunker | DEBUG    | text_chunker.py:95 | Created chunk 5: 92 chars
2026-01-20 19:18:34 | edumind.text_chunker | DEBUG    | text_chunker.py:95 | Created chunk 6: 92 chars
2026-01-20 19:18:34 | edumind.text_chunker | DEBUG    | text_chunker.py:95 | Created chunk 7: 91 chars
2026-01-20 19:18:34 | edumind.text_chunker | DEBUG    | text_chunker.py:95 | Created chunk 8: 89 chars
2026-01-20 19:18:34 | edumind.text_chunker | DEBUG    | text_chunker.py:95 | Created chunk 9: 89 chars
2026-01-20 19:18:34 | edumind.text_chunker | DEBUG    | text_chunker.py:95 | Created chunk 10: 88 chars
2026-01-20 19:18:34 | edumind.text_chunker | DEBUG    | text_chunker.py:95 | Created chunk 11: 87 chars
2026-01-20 19:18:34 | edumind.text_chunker | DEBUG    | text_chunker.py:95 | Created chunk 12: 86 chars
2026-01-20 19:18:34 | edumind.text_chunker | DEBUG    | text_chunker.py:95 | Created chunk 13: 99 chars
2026-01-20 19:18:34 | edumind.text_chunker | DEBUG    | text_chunker.py:95 | Created chunk 14: 97 chars
2026-01-20 19:18:34 | edumind.text_chunker | DEBUG    | text_chunker.py:95 | Created chunk 15: 97 chars
2026-01-20 19:18:34 | edumind.text_chunker | DEBUG    | text_chunker.py:95 | Created chunk 16: 96 chars
2026-01-20 19:18:34 | edumind.text_chunker | DEBUG    | text_chunker.py:95 | Created chunk 17: 95 chars
2026-01-20 19:18:34 | edumind.text_chunker | DEBUG    | text_chunker.py:95 | Created chunk 18: 94 chars
2026-01-20 19:18:34 | edumind.text_chunker | DEBUG    | text_chunker.py:95 | Created chunk 19: 92 chars
2026-01-20 19:18:34 | edumind.text_chunker | DEBUG    | text_chunker.py:95 | Created chunk 20: 92 chars
2026-01-20 19:18:34 | edumind.text_chunker | DEBUG    | text_chunker.py:95 | Created chunk 21: 91 chars
2026-01-20 19:18:34 | edumind.text_chunker | DEBUG    | text_chunker.py:95 | Created chunk 22: 89 chars
2026-01-20 19:18:34 | edumind.text_chunker | DEBUG    | text_chunker.py:95 | Created chunk 23: 89 chars
2026-01-20 19:18:34 | edumind.text_chunker | DEBUG    | text_chunker.py:95 | Created chunk 24: 88 chars
2026-01-20 19:18:34 | edumind.text_chunker | DEBUG    | text_chunker.py:95 | Created chunk 25: 87 chars
2026-01-20 19:18:34 | edumind.text_chunker | DEBUG    | text_chunker.py:95 | Created chunk 26: 86 chars
2026-01-20 19:18:34 | edumind.text_chunker | DEBUG    | text_chunker.py:95 | Created chunk 27: 99 chars
2026-01-20 19:18:34 | edumind.text_chunker | DEBUG    | text_chunker.py:95 | Created chunk 28: 97 chars
2026-01-20 19:18:34 | edumind.text_chunker | DEBUG    | text_chunker.py:95 | Created chunk 29: 97 chars
2026-01-20 19:18:34 | edumind.text_chunker | DEBUG    | text_chunker.py:95 | Created chunk 30: 96 chars
2026-01-20 19:18:34 | edumind.text_chunker | DEBUG    | text_chunker.py:95 | Created chunk 31: 95 chars
2026-01-20 19:18:34 | edumind.text_chunker | DEBUG    | text_chunker.py:95 | Created chunk 32: 94 chars
2026-01-20 19:18:34 | edumind.text_chunker | DEBUG    | text_chunker.py:95 | Created chunk 33: 92 chars
2026-01-20 19:18:34 | edumind.text_chunker | DEBUG    | text_chunker.py:95 | Created chunk 34: 92 chars
2026-01-20 19:18:34 | edumind.text_chunker | DEBUG    | text_chunker.py:95 | Created chunk 35: 91 chars
2026-01-20 19:18:34 | edumind.text_chunker | DEBUG    | text_chunker.py:95 | Created chunk 36: 89 chars
2026-01-20 19:18:34 | edumind.text_chunker | DEBUG    | text_chunker.py:95 | Created chunk 37: 89 chars
2026-01-20 19:18:34 | edumind.text_chunker | DEBUG    | text_chunker.py:95 | Created chunk 38: 88 chars
2026-01-20 19:18:34 | edumind.text_chunker | DEBUG    | text_chunker.py:95 | Created chunk 39: 87 chars
2026-01-20 19:18:34 | edumind.text_chunker | DEBUG    | text_chunker.py:95 | Created chunk 40: 86 chars
2026-01-20 19:18:34 | edumind.text_chunker | DEBUG    | text_chunker.py:95 | Created chunk 41: 99 chars
2026-01-20 19:18:34 | edumind.text_chunker | DEBUG    | text_chunker.py:95 | Created chunk 42: 97 chars
2026-01-20 19:18:34 | edumind.text_chunker | DEBUG    | text_chunker.py:95 | Created chunk 43: 97 chars
2026-01-20 19:18:34 | edumind.text_chunker | DEBUG    | text_chunker.py:95 | Created chunk 44: 96 chars
2026-01-20 19:18:34 | edumind.text_chunker | DEBUG    | text_chunker.py:95 | Created chunk 45: 95 chars
2026-01-20 19:18:34 | edumind.text_chunker | DEBUG    | text_chunker.py:95 | Created chunk 46: 94 chars
2026-01-20 19:18:34 | edumind.text_chunker | DEBUG    | text_chunker.py:95 | Created chunk 47: 92 chars
2026-01-20 19:18:34 | edumind.text_chunker | DEBUG    | text_chunker.py:95 | Created chunk 48: 92 chars
2026-01-20 19:18:34 | edumind.text_chunker | DEBUG    | text_chunker.py:95 | Created chunk 49: 91 chars
2026-01-20 19:18:34 | edumind.text_chunker | DEBUG    | text_chunker.py:95 | Created chunk 50: 89 chars
2026-01-20 19:18:34 | edumind.text_chunker | DEBUG    | text_chunker.py:95 | Created chunk 51: 89 chars
2026-01-20 19:18:34 | edumind.text_chunker | DEBUG    | text_chunker.py:95 | Created chunk 52: 88 chars
2026-01-20 19:18:34 | edumind.text_chunker | DEBUG    | text_chunker.py:95 | Created chunk 53: 87 chars
2026-01-20 19:18:34 | edumind.text_chunker | DEBUG    | text_chunker.py:95 | Created chunk 54: 86 chars
2026-01-20 19:18:34 | edumind.text_chunker | DEBUG    | text_chunker.py:95 | Created chunk 55: 99 chars
2026-01-20 19:18:34 | edumind.text_chunker | DEBUG    | text_chunker.py:95 | Created chunk 56: 97 chars
2026-01-20 19:18:34 | edumind.text_chunker | DEBUG    | text_chunker.py:95 | Created chunk 57: 97 chars
2026-01-20 19:18:34 | edumind.text_chunker | DEBUG    | text_chunker.py:95 | Created chunk 58: 96 chars
2026-01-20 19:18:34 | edumind.text_chunker | DEBUG    | text_chunker.py:95 | Created chunk 59: 95 chars
2026-01-20 19:18:34 | edumind.text_chunker | DEBUG    | text_chunker.py:95 | Created chunk 60: 94 chars
2026-01-20 19:18:34 | edumind.text_chunker | DEBUG    | text_chunker.py:95 | Created chunk 61: 92 chars
2026-01-20 19:18:34 | edumind.text_chunker | DEBUG    | text_chunker.py:95 | Created chunk 62: 92 chars
2026-01-20 19:18:34 | edumind.text_chunker | DEBUG    | text_chunker.py:95 | Created chunk 63: 91 chars
2026-01-20 19:18:34 | edumind.text_chunker | DEBUG    | text_chunker.py:95 | Created chunk 64: 89 chars
2026-01-20 19:18:34 | edumind.text_chunker | DEBUG    | text_chunker.py:95 | Created chunk 65: 89 chars
2026-01-20 19:18:34 | edumind.text_chunker | DEBUG    | text_chunker.py:95 | Created chunk 66: 88 chars
2026-01-20 19:18:34 | edumind.text_chunker | DEBUG    | text_chunker.py:95 | Created chunk 67: 87 chars
2026-01-20 19:18:34 | edumind.text_chunker | DEBUG    | text_chunker.py:95 | Created chunk 68: 86 chars
2026-01-20 19:18:34 | edumind.text_chunker | DEBUG    | text_chunker.py:95 | Created chunk 69: 99 chars
2026-01-20 19:18:34 | edumind.text_chunker | DEBUG    | text_chunker.py:95 | Created chunk 70: 97 chars
2026-01-20 19:18:34 | edumind.text_chunker | DEBUG    | text_chunker.py:95 | Created chunk 71: 97 chars
2026-01-20 19:18:34 | edumind.text_chunker | DEBUG    | text_chunker.py:95 | Created chunk 72: 96 chars
2026-01-20 19:18:34 | edumind.text_chunker | DEBUG    | text_chunker.py:95 | Created chunk 73: 95 chars
2026-01-20 19:18:34 | edumind.text_chunker | DEBUG    | text_chunker.py:95 | Created chunk 74: 94 chars
2026-01-20 19:18:34 | edumind.text_chunker | DEBUG    | text_chunker.py:95 | Created chunk 75: 92 chars
2026-01-20 19:18:34 | edumind.text_chunker | DEBUG    | text_chunker.py:95 | Created chunk 76: 92 chars
2026-01-20 19:18:34 | edumind.text_chunker | DEBUG    | text_chunker.py:95 | Created chunk 77: 91 chars
2026-01-20 19:18:34 | edumind.text_chunker | DEBUG    | text_chunker.py:95 | Created chunk 78: 89 chars
2026-01-20 19:18:34 | edumind.text_chunker | DEBUG    | text_chunker.py:95 | Created chunk 79: 89 chars
2026-01-20 19:18:34 | edumind.text_chunker | DEBUG    | text_chunker.py:95 | Created chunk 80: 88 chars
2026-01-20 19:18:34 | edumind.text_chunker | DEBUG    | text_chunker.py:95 | Created chunk 81: 87 chars
2026-01-20 19:18:34 | edumind.text_chunker | DEBUG    | text_chunker.py:95 | Created chunk 82: 86 chars
2026-01-20 19:18:34 | edumind.text_chunker | DEBUG    | text_chunker.py:95 | Created chunk 83: 99 chars
2026-01-20 19:18:34 | edumind.text_chunker | DEBUG    | text_chunker.py:95 | Created chunk 84: 97 chars
2026-01-20 19:18:34 | edumind.text_chunker | DEBUG    | text_chunker.py:95 | Created chunk 85: 97 chars
2026-01-20 19:18:34 | edumind.text_chunker | DEBUG    | text_chunker.py:95 | Created chunk 86: 96 chars
2026-01-20 19:18:34 | edumind.text_chunker | DEBUG    | text_chunker.py:95 | Created chunk 87: 95 chars
2026-01-20 19:18:34 | edumind.text_chunker | DEBUG    | text_chunker.py:95 | Created chunk 88: 94 chars
2026-01-20 19:18:34 | edumind.text_chunker | DEBUG    | text_chunker.py:95 | Created chunk 89: 92 chars
2026-01-20 19:18:34 | edumind.text_chunker | DEBUG    | text_chunker.py:95 | Created chunk 90: 92 chars
2026-01-20 19:18:34 | edumind.text_chunker | DEBUG    | text_chunker.py:95 | Created chunk 91: 91 chars
2026-01-20 19:18:34 | edumind.text_chunker | DEBUG    | text_chunker.py:95 | Created chunk 92: 89 chars
2026-01-20 19:18:34 | edumind.text_chunker | DEBUG    | text_chunker.py:95 | Created chunk 93: 89 chars
2026-01-20 19:18:34 | edumind.text_chunker | DEBUG    | text_chunker.py:95 | Created chunk 94: 88 chars
2026-01-20 19:18:34 | edumind.text_chunker | DEBUG    | text_chunker.py:95 | Created chunk 95: 87 chars
2026-01-20 19:18:34 | edumind.text_chunker | DEBUG    | text_chunker.py:95 | Created chunk 96: 86 chars
2026-01-20 19:18:34 | edumind.text_chunker | DEBUG    | text_chunker.py:95 | Created chunk 97: 99 chars
2026-01-20 19:18:34 | edumind.text_chunker | DEBUG    | text_chunker.py:95 | Created chunk 98: 97 chars
2026-01-20 19:18:34 | edumind.text_chunker | DEBUG    | text_chunker.py:95 | Created chunk 99: 97 chars
2026-01-20 19:18:34 | edumind.text_chunker | DEBUG    | text_chunker.py:95 | Created chunk 100: 96 chars
2026-01-20 19:18:34 | edumind.text_chunker | DEBUG    | text_chunker.py:95 | Created chunk 101: 95 chars
2026-01-20 19:18:34 | edumind.text_chunker | DEBUG    | text_chunker.py:95 | Created chunk 102: 94 chars
2026-01-20 19:18:34 | edumind.text_chunker | DEBUG    | text_chunker.py:95 | Created chunk 103: 92 chars
2026-01-20 19:18:34 | edumind.text_chunker | DEBUG    | text_chunker.py:95 | Created chunk 104: 92 chars
2026-01-20 19:18:34 | edumind.text_chunker | DEBUG    | text_chunker.py:95 | Created chunk 105: 91 chars
2026-01-20 19:18:34 | edumind.text_chunker | DEBUG    | text_chunker.py:95 | Created chunk 106: 89 chars
2026-01-20 19:18:34 | edumind.text_chunker | DEBUG    | text_chunker.py:95 | Created chunk 107: 89 chars
2026-01-20 19:18:34 | edumind.text_chunker | DEBUG    | text_chunker.py:95 | Created chunk 108: 88 chars
2026-01-20 19:18:34 | edumind.text_chunker | DEBUG    | text_chunker.py:95 | Created chunk 109: 87 chars
2026-01-20 19:18:34 | edumind.text_chunker | DEBUG    | text_chunker.py:95 | Created chunk 110: 86 chars
2026-01-20 19:18:34 | edumind.text_chunker | DEBUG    | text_chunker.py:95 | Created chunk 111: 99 chars
2026-01-20 19:18:34 | edumind.text_chunker | DEBUG    | text_chunker.py:95 | Created chunk 112: 97 chars
2026-01-20 19:18:34 | edumind.text_chunker | DEBUG    | text_chunker.py:95 | Created chunk 113: 97 chars
2026-01-20 19:18:34 | edumind.text_chunker | DEBUG    | text_chunker.py:95 | Created chunk 114: 96 chars
2026-01-20 19:18:34 | edumind.text_chunker | DEBUG    | text_chunker.py:95 | Created chunk 115: 95 chars
2026-01-20 19:18:34 | edumind.text_chunker | DEBUG    | text_chunker.py:95 | Created chunk 116: 94 chars
2026-01-20 19:18:34 | edumind.text_chunker | DEBUG    | text_chunker.py:95 | Created chunk 117: 92 chars
2026-01-20 19:18:34 | edumind.text_chunker | DEBUG    | text_chunker.py:95 | Created chunk 118: 92 chars
2026-01-20 19:18:34 | edumind.text_chunker | DEBUG    | text_chunker.py:95 | Created chunk 119: 91 chars
2026-01-20 19:18:34 | edumind.text_chunker | DEBUG    | text_chunker.py:95 | Created chunk 120: 89 chars
2026-01-20 19:18:34 | edumind.text_chunker | DEBUG    | text_chunker.py:95 | Created chunk 121: 89 chars
2026-01-20 19:18:34 | edumind.text_chunker | DEBUG    | text_chunker.py:95 | Created chunk 122: 88 chars
2026-01-20 19:18:34 | edumind.text_chunker | DEBUG    | text_chunker.py:95 | Created chunk 123: 87 chars
2026-01-20 19:18:34 | edumind.text_chunker | DEBUG    | text_chunker.py:95 | Created chunk 124: 86 chars
2026-01-20 19:18:34 | edumind.text_chunker | DEBUG    | text_chunker.py:95 | Created chunk 125: 99 chars
2026-01-20 19:18:34 | edumind.text_chunker | DEBUG    | text_chunker.py:95 | Created chunk 126: 97 chars
2026-01-20 19:18:34 | edumind.text_chunker | DEBUG    | text_chunker.py:95 | Created chunk 127: 97 chars
2026-01-20 19:18:34 | edumind.text_chunker | DEBUG    | text_chunker.py:95 | Created chunk 128: 96 chars
2026-01-20 19:18:34 | edumind.text_chunker | DEBUG    | text_chunker.py:95 | Created chunk 129: 95 chars
2026-01-20 19:18:34 | edumind.text_chunker | DEBUG    | text_chunker.py:95 | Created chunk 130: 94 chars
2026-01-20 19:18:34 | edumind.text_chunker | DEBUG    | text_chunker.py:95 | Created chunk 131: 92 chars
2026-01-20 19:18:34 | edumind.text_chunker | DEBUG    | text_chunker.py:95 | Created chunk 132: 92 chars
2026-01-20 19:18:34 | edumind.text_chunker | DEBUG    | text_chunker.py:95 | Created chunk 133: 91 chars
2026-01-20 19:18:34 | edumind.text_chunker | DEBUG    | text_chunker.py:95 | Created chunk 134: 89 chars
2026-01-20 19:18:34 | edumind.text_chunker | DEBUG    | text_chunker.py:95 | Created chunk 135: 89 chars
2026-01-20 19:18:34 | edumind.text_chunker | DEBUG    | text_chunker.py:95 | Created chunk 136: 88 chars
2026-01-20 19:18:34 | edumind.text_chunker | DEBUG    | text_chunker.py:95 | Created chunk 137: 87 chars
2026-01-20 19:18:34 | edumind.text_chunker | DEBUG    | text_chunker.py:95 | Created chunk 138: 86 chars
2026-01-20 19:18:34 | edumind.text_chunker | DEBUG    | text_chunker.py:95 | Created chunk 139: 99 chars
2026-01-20 19:18:34 | edumind.text_chunker | DEBUG    | text_chunker.py:95 | Created chunk 140: 97 chars
2026-01-20 19:18:34 | edumind.text_chunker | DEBUG    | text_chunker.py:95 | Created chunk 141: 97 chars
2026-01-20 19:18:34 | edumind.text_chunker | DEBUG    | text_chunker.py:95 | Created chunk 142: 96 chars
2026-01-20 19:18:34 | edumind.text_chunker | DEBUG    | text_chunker.py:95 | Created chunk 143: 95 chars
2026-01-20 19:18:34 | edumind.text_chunker | DEBUG    | text_chunker.py:95 | Created chunk 144: 94 chars
2026-01-20 19:18:34 | edumind.text_chunker | DEBUG    | text_chunker.py:95 | Created chunk 145: 92 chars
2026-01-20 19:18:34 | edumind.text_chunker | DEBUG    | text_chunker.py:95 | Created chunk 146: 92 chars
2026-01-20 19:18:34 | edumind.text_chunker | DEBUG    | text_chunker.py:95 | Created chunk 147: 91 chars
2026-01-20 19:18:34 | edumind.text_chunker | DEBUG    | text_chunker.py:95 | Created chunk 148: 89 chars
2026-01-20 19:18:34 | edumind.text_chunker | DEBUG    | text_chunker.py:95 | Created chunk 149: 89 chars
2026-01-20 19:18:34 | edumind.text_chunker | DEBUG    | text_chunker.py:95 | Created chunk 150: 88 chars
2026-01-20 19:18:34 | edumind.text_chunker | DEBUG    | text_chunker.py:95 | Created chunk 151: 87 chars
2026-01-20 19:18:34 | edumind.text_chunker | DEBUG    | text_chunker.py:95 | Created chunk 152: 86 chars
2026-01-20 19:18:34 | edumind.text_chunker | DEBUG    | text_chunker.py:95 | Created chunk 153: 99 chars
2026-01-20 19:18:34 | edumind.text_chunker | DEBUG    | text_chunker.py:95 | Created chunk 154: 97 chars
2026-01-20 19:18:34 | edumind.text_chunker | DEBUG    | text_chunker.py:95 | Created chunk 155: 97 chars
2026-01-20 19:18:34 | edumind.text_chunker | DEBUG    | text_chunker.py:95 | Created chunk 156: 96 chars
2026-01-20 19:18:34 | edumind.text_chunker | DEBUG    | text_chunker.py:95 | Created chunk 157: 95 chars
2026-01-20 19:18:34 | edumind.text_chunker | DEBUG    | text_chunker.py:95 | Created chunk 158: 94 chars
2026-01-20 19:18:34 | edumind.text_chunker | DEBUG    | text_chunker.py:95 | Created chunk 159: 92 chars
2026-01-20 19:18:34 | edumind.text_chunker | DEBUG    | text_chunker.py:95 | Created chunk 160: 92 chars
2026-01-20 19:18:34 | edumind.text_chunker | DEBUG    | text_chunker.py:95 | Created chunk 161: 91 chars
2026-01-20 19:18:34 | edumind.text_chunker | DEBUG    | text_chunker.py:95 | Created chunk 162: 89 chars
2026-01-20 19:18:34 | edumind.text_chunker | DEBUG    | text_chunker.py:95 | Created chunk 163: 89 chars
2026-01-20 19:18:34 | edumind.text_chunker | DEBUG    | text_chunker.py:95 | Created chunk 164: 88 chars
2026-01-20 19:18:34 | edumind.text_chunker | DEBUG    | text_chunker.py:95 | Created chunk 165: 87 chars
2026-01-20 19:18:34 | edumind.text_chunker | DEBUG    | text_chunker.py:95 | Created chunk 166: 86 chars
2026-01-20 19:18:34 | edumind.text_chunker | DEBUG    | text_chunker.py:95 | Created chunk 167: 99 chars
2026-01-20 19:18:34 | edumind.text_chunker | DEBUG    | text_chunker.py:95 | Created chunk 168: 97 chars
2026-01-20 19:18:34 | edumind.text_chunker | DEBUG    | text_chunker.py:95 | Created chunk 169: 97 chars
2026-01-20 19:18:34 | edumind.text_chunker | DEBUG    | text_chunker.py:95 | Created chunk 170: 96 chars
2026-01-20 19:18:34 | edumind.text_chunker | DEBUG    | text_chunker.py:95 | Created chunk 171: 95 chars
2026-01-20 19:18:34 | edumind.text_chunker | DEBUG    | text_chunker.py:95 | Created chunk 172: 94 chars
2026-01-20 19:18:34 | edumind.text_chunker | DEBUG    | text_chunker.py:95 | Created chunk 173: 92 chars
2026-01-20 19:18:34 | edumind.text_chunker | DEBUG    | text_chunker.py:95 | Created chunk 174: 92 chars
2026-01-20 19:18:34 | edumind.text_chunker | DEBUG    | text_chunker.py:95 | Created chunk 175: 91 chars
2026-01-20 19:18:34 | edumind.text_chunker | DEBUG    | text_chunker.py:95 | Created chunk 176: 89 chars
2026-01-20 19:18:34 | edumind.text_chunker | DEBUG    | text_chunker.py:95 | Created chunk 177: 89 chars
2026-01-20 19:18:34 | edumind.text_chunker | DEBUG    | text_chunker.py:95 | Created chunk 178: 88 chars
2026-01-20 19:18:34 | edumind.text_chunker | DEBUG    | text_chunker.py:95 | Created chunk 179: 87 chars
2026-01-20 19:18:34 | edumind.text_chunker | DEBUG    | text_chunker.py:95 | Created chunk 180: 100 chars
2026-01-20 19:18:34 | edumind.text_chunker | INFO     | text_chunker.py:103 | Split text into 180 chunks (avg: 92 chars)
